id,name,description,skills,name_spec,price,experience
113147015,UX-редактор,"Магнит — одна из крупнейших розничных сетей России, которая активно наращивает темпы в айти. Наши продуктовая редакция пишет тексты для Магнита, Магнит Маркета и дискаунтеров В1. Задач становится больше, поэтому мы расширяем команду и сейчас в поисках опытного UX-редактора, который сможет работать с пользовательскими сценариями любой сложности. Чем предстоит заниматься:  Писать тексты для интерфейсов приложения и сайта, иногда заниматься и другими форматами: сервисными пушами, лендингами, баннерами и сторис Выстраивать тесное взаимодействие с продуктовой командой Анализировать и улучшать редакторские процессы Брать или инициировать стратегические задачи редакции и вести их до результата Поддерживать и развивать голос бренда и редполитику  Примеры возможных задач:  Подготовить тексты для обновлённого сценария регистрации, раздела с настройками уведомлений, сценария с отзывами о магазине и заказе Подготовить гайд с рекомендациями и правилами по написанию разных видов пушей Переписать тексты для чат-бота Помочь дизайнерам с интерфейсами внутреннего приложения и сайта для сотрудников, если позволяет загрузка Написать тексты для флоу самовывоза из аптек, понятно отредактировать интерфейсы и FAQ для сборщиков и курьеров  Будет здорово, если вы: Напишете в сопроводительном письме, чем вас привлекает UX-редактура, а что в ней, на ваш взгляд, неприемлемо. Ожидаем, что вы:  Работаете с продуктовыми текстами не меньше полутора лет, лучше — дольше Умеете аргументировать и отстаивать свою точку зрения, не скатываясь в менторский тон Знаете, как работать с Figma, Miro, Notion и таск-менеджерами а-ля Jira Самостоятельны и неравнодушны к качеству Грамотно пишете и любите типографику. А если чего-то не знаете или сомневаетесь, то поисследуете вопрос на разных ресурсах, а не остановитесь на «да вроде так»  Мы предлагаем:  Работу в сильной продуктовой культуре с командой с большим опытом в ecom, логистике и развитии маркетплейсов  Можете работать удалённо или в нашем уютном офисе в 7–8 минутах ходьбы от м. Белорусская в бизнес-центре «Большевик»   Понятные и достижимые цели с квартальными премиями   ДМС со стоматологией после испытательного срока, скидки на изучение языков, спорт и другие категории  ",Atlassian Jira;Figma;UI/UX Дизайн;Написание и редактирование текстов;Работа в команде;Разработка чат-ботов;Умение обосновывать свою позицию;Управление проектами,UX-редактор,0,1-3
109948502,UX-редактор B2B,"Чтобы продавать товары на Wildberries, партнёры маркетплейса используют сайт WB Партнёры и мобильное приложение. Мы ищем опытного UX-редактора, который будет создавать для них понятные тексты, а также помогать дизайнерам и продакт-менеджерам проектировать путь пользователя.   Мы ждём, что вы:   не просто интересуетесь UX, а уже работали в роли продуктового UX-редактора более 2 лет;   умеете внимательно и бережно улучшать тексты интерфейсов, работая в тесной связке с UX-дизайнерами;   можете аргументировать каждое решение, которое предлагаете;   хорошо знаете Figma;   понимаете и учитываете специфику разработки информационных продуктов;   способны быстро разобраться в логике работы практически любого интерфейса и не стесняетесь задавать вопросы до начала работы над текстом;   умеете и готовы проактивно собирать необходимую для подготовки текстов информацию у представителей продуктовых команд;   умеете просто, понятно и лаконично писать о сложных вещах;   пишете настолько грамотно, что вашим текстам не требуется проверка корректора;   готовы глубоко погрузиться в специфическую B2B-терминологию огромного маркетплейса;   умеете расставлять приоритеты и в точности соблюдаете сроки выполнения задач;   всегда документируете свою работу в таск-трекере;   хотите участвовать в создании редакционной политики и готовы отстаивать её в процессе работы с заказчиками;   мыслите гибко и умеете договариваться.     Будет особенно здорово, если вы:   уже работали над текстами интерфейсов B2B-продуктов;   уже создавали контент для продавцов маркетплейсов;   можете писать на английском.     Мы предлагаем:   работу в современном и комфортном офисе в 5 минутах от метро Динамо;   возможность гибридной или удалённой работы по согласованию с руководителем;   бесплатное питание в офисе.  ",Figma;UI/UX Дизайн;Взаимодействие с клиентами и заказчиками;Внимательность;Грамотная речь;Коммуникативная грамотность;Проактивность;Управление продуктом,UX-редактор,0,1-3
115589483,UX-редактор B2B,"Чтобы продавать товары на Wildberries, партнёры маркетплейса используют сайт WB Партнёры и мобильное приложение. Мы ищем опытного UX-редактора, который будет создавать для них понятные тексты, а также помогать дизайнерам и продакт-менеджерам проектировать путь пользователя.   Мы ждём, что вы:   не просто интересуетесь UX, а уже работали в роли продуктового UX-редактора более 2 лет;   умеете внимательно и бережно улучшать тексты интерфейсов, работая в тесной связке с UX-дизайнерами;   можете аргументировать каждое решение, которое предлагаете;   хорошо знаете Figma;   понимаете и учитываете специфику разработки информационных продуктов;   способны быстро разобраться в логике работы практически любого интерфейса и не стесняетесь задавать вопросы до начала работы над текстом;   умеете и готовы проактивно собирать необходимую для подготовки текстов информацию у представителей продуктовых команд;   умеете просто, понятно и лаконично писать о сложных вещах;   пишете настолько грамотно, что вашим текстам не требуется проверка корректора;   готовы глубоко погрузиться в специфическую B2B-терминологию огромного маркетплейса;   умеете расставлять приоритеты и в точности соблюдаете сроки выполнения задач;   всегда документируете свою работу в таск-трекере;   хотите участвовать в создании редакционной политики и готовы отстаивать её в процессе работы с заказчиками;   мыслите гибко и умеете договариваться.     Будет особенно здорово, если вы:   уже работали над текстами интерфейсов B2B-продуктов;   уже создавали контент для продавцов маркетплейсов;   можете писать на английском.     Мы предлагаем:   работу в современном и комфортном офисе в 5 минутах от метро Динамо;   возможность гибридной или удалённой работы по согласованию с руководителем;   бесплатное питание в офисе.  ",Figma;UI/UX Дизайн;Взаимодействие с клиентами и заказчиками;Внимательность;Грамотная речь;Коммуникативная грамотность;Проактивность;Управление продуктом,UX-редактор,0,1-3
117410299,"UX-редактор, Ozon банк","Мы — Ozon Банк, вместе разрабатываем и развиваем новые для рынка финансовые продукты и сервисы для физических и юридических лиц. Наш приоритет — удобство всех пользователей. Ищем UX-редактора в редакцию Ozon Банка. Ты поработаешь с картами, рассрочкой, подпиской Ozon Premium и другими продуктами на стыке банка и маркетплейса. Будешь много общаться с дизайнерами и продуктовой командой. У нас сильная команда редакторов, которая растёт каждый год вместе с количеством сервисов. Редакторы отвечают за все коммуникации в приложении, на сайте и во вне. Мы закреплены за направлениями, но можем делиться задачами между собой, если захотим. Ещё у нас есть: здоровые процессы, своё планирование задач с проектным менеджером, налаженные отношения между маркетингом и продуктом, шутки, мемы и эксперименты.  Вам предстоит:   Редактировать и писать интерфейсные тексты   Понимать и учитывать контекст, этапы пользовательского пути, ограничения и особенности формата   Защищать свои решения перед менеджерами и дизайнерами: иногда стоять до конца, иногда идти на редакторские компромиссы   Следить за консистентностью текстов, поглядывать на бенчмарки   Временами делать маркетинговые задачи на коммуникации   Мы ожидаем:   Опыт работы UX-редактором от 2 лет и подтвержденный опыт в портфолио   Умение писать живым языком и лаконично: мы ценим креативность и смыслы   Отношение к тексту, как к задаче на логику: умение разбираться в деталях и задавать вопросы   Ответственность за свои тексты и задачи   Умение быстро переключаться между продуктами   Умение дипломатично и аргументированно отстаивать свою точку зрения   будет плюсом   если в портфолио у вас есть тексты до/после вашей редактуры   если вы интересуетесь продуктовым дизайном и можете отличить плохой дизайн от хорошего    ",Дипломатичность;Креативное мышление;Написание и редактирование текстов;Ответственность;Умение обосновывать свою позицию,UX-редактор,0,1-3
117413722,UX - редактор / UX - writer,"Всем привет!Мы ищем увлеченного и самостоятельного UX-редактора, который присоединится к нашему уникальному инвестиционному проекту в сфере криптовалют. Более подробно будем рады рассказать на собеседовании!Чем предстоит заниматься:   Писать текст на английском для интерфейса игры: заголовков, кнопок, подсказок, ошибок и прочих элементов;   Работать над пользовательскими сценариями вместе с дизайнерами и продуктовой командой;   Продумывать и поддерживать Tone of voice и глоссарий с учетом игровой специфики;   Улучшать тексты так, чтобы игроки быстро понимали механику и не терялись в интерфейсе;   Участвовать в A/B тестах и исследованиях, чтобы видеть, какие тексты работают лучше;   Составлять брифы на перевод команде локализации;   Для нас важно:   Отличный письменный английский (B2+) и русский;   Опыт работы в UX-редактуре от 1 года;  Обязателен опыт работы с приложениями;  Знаешь, как работать с текстом в Figma или похожих инструментах;   Понимаешь принципы UX/UI-дизайна и построения юзер флоу;   Условия:  Удаленный формат работы из любого ГЕО или возможность посещать офис по желанию; Гибкий график работы; Стабильные выплаты в USDT без задержек; Испытательный срок - 3 месяца и бонусы после закрытия(оплачиваемый английский, коворкинг, техника и многое другое); Полностью оплачиваемые больничные и отпускные дни, а также sick-day; Комфортная и атмосфера в коллективе ;)У нас предусмотрено всего 3 этапа найма:- Знакомство с компанией через hr;- Небольшое тестовое задание;- Финальное собеседование с командой; ",Figma;UI/UX Дизайн;Знание английского языка;Написание и редактирование текстов,UX-редактор,0,1-3
116767621,Senior IT recruiter,"Команда рекрутмента Цифровых Активов Газпром Медиа Холдинга (RUTUBE, PREMIER, Yappy и другие) в поисках Senior IT recruiter. Подробнее про наши основные проекты: RUTUBE - национальный российский видеохостинг. На сервисе собраны различные категории видео: премьерные выпуски шоу и сериалов, прямые эфиры телеканалов, фильмы и мультфильмы, контент видеоблогеров.PREMIER - онлайн-кинотеатр с эксклюзивным контентом разных жанров и форматов. Медиатека платформы предлагает подписчикам оригинальные сериалы, а также лучшие проекты развлекательных и спортивных телеканалов холдинга «Газпром-медиа».Yappy - приложение вертикальных видео. Команда работает над уникальным продуктом, который ежедневно используют миллионы людей. В Yappy создают новые технологии, находят нестандартные решения и прокачивают компетенции в области разработки. Обязанности:  Ведение полного цикла рекрутинга; Активный поиск и привлечение IT-специалистов из различных источников; Регулярная коммуникация с командой для четкого понимания потребностей и требований, а также установление доверительного взаимодействия с заказчиками; Ведение CRM-системы (Е-Staff) и подготовка отчетности по подбору персонала; Участие в различных IT конференциях и мероприятиях.  Требования:  Опыт работы в IT-рекрутинге от 3 лет; Знание современных технологий и тенденций на рынке IT; Отличные коммуникативные навыки и способность работать в команде; Ориентированность на результат и желание развиваться в профессии; Умение работать в режиме многозадачности.  Что мы предлагаем:  Опыт работы в крупнейшем медиахолдинге страны; Работу в команде профессионалов и творческих людей; Достойный уровень дохода (обсуждается индивидуально с каждым кандидатом); ДМС со стоматологией; Скидки от компаний-партнеров; Фрукты, завтраки, фрэш-бар, массажные кресла; Гибкое начало рабочего дня; Гибридный график присутствия в офисе; Уютный офис в 5 минутах от станции метро Сокол. ",,UX-редактор,0,3-6
116138139,UX-редактор в Финтех Яндекса,"Мы делаем современные и не скучные финансовые сервисы, которые растут, как японский бамбук. Поэтому ищем ещё одного редактора, способного так же быстро вникнуть в продукты и начать о них писать. Какие задачи вас ждут:   Писать и редактировать тексты для Яндекс Пэй, Сплита, Сейвов и ID   Работать над интерфейсами вместе с продуктовыми дизайнерами: от отдельных экранов до больших флоу   Улучшать пользовательский опыт вместе с исследователями и проводить самостоятельные экспресс-тесты с помощью внутренних сервисов   Создавать продуктовые коммуникации: лендинги, онбординги, баннеры etc   Помогать команде поддержки писать ёмкие и исчерпывающие ответы на самые частые вопросы пользователей   Сочинять Release Notes, каждый раз по-разному отвечая на вопрос «Что нового?», даже когда всё по-старому   Переводить тексты на английский с помощью команды локализации   Отслеживать ошибки в проде и ставить задачи контент-менеджеру   Мы ждём, что вы:   Профессионально пишете не первый год и имеете продуктовый опыт   Можете и написать задорный What’s new про баги, и разобраться в тонкостях безопасной авторизации   Нормально относитесь к правкам, можете поправить уже поправленное, но и отстоять свой текст, если понадобится   Не теряетесь в ситуациях «Мы опять всё поменяли за пару дней до релиза» и реагируете довольно быстро   Способны менеджерить свои задачи — где-то уточнить тз, где-то поставить встречу, где-то добиться внятного фидбека   Любите разнообразие в работе и не устаёте от многозадачности   Чувствуете ToV и умеете его придерживаться   Покажете портфолио с примерами своих работ   Будет плюсом:   Опыт работы в финтехе — тогда банковской терминологией вас не напугать   Английский на уровне B1 — наши переводчики знают своё дело, но за продуктовыми тонкостями желательно следить   Коммуникабельность — лучшая подруга продуктового редактора   Что мы предлагаем:   Удалённый формат работы — можно жить где угодно, но быть на связи в рабочее время по Москве   Оплачиваемые отпуск и праздничные дни   Полноценная редакция — в ней уже 9 человек, но на этом мы решили не останавливаться   Способность влиять на продукт — мы уже не стартап, но ещё не мамонт   Классная команда — знаем, все так пишут, но мы обычно отвечаем за тексты совестью, так что пишем только то, за что можем поручиться головой  ",Администрирование серверов и рабочих станций;Знание английского языка;Продуктовый дизайн;Умение мотивировать и адаптировать персонал,UX-редактор,100000,3-6
116138516,UX-редактор в Финтех Яндекса,"Мы делаем современные и не скучные финансовые сервисы, которые растут, как японский бамбук. Поэтому ищем ещё одного редактора, способного так же быстро вникнуть в продукты и начать о них писать. Какие задачи вас ждут:   Писать и редактировать тексты для Яндекс Пэй, Сплита, Сейвов и ID   Работать над интерфейсами вместе с продуктовыми дизайнерами: от отдельных экранов до больших флоу   Улучшать пользовательский опыт вместе с исследователями и проводить самостоятельные экспресс-тесты с помощью внутренних сервисов   Создавать продуктовые коммуникации: лендинги, онбординги, баннеры etc   Помогать команде поддержки писать ёмкие и исчерпывающие ответы на самые частые вопросы пользователей   Сочинять Release Notes, каждый раз по-разному отвечая на вопрос «Что нового?», даже когда всё по-старому   Переводить тексты на английский с помощью команды локализации   Отслеживать ошибки в проде и ставить задачи контент-менеджеру   Мы ждём, что вы:   Профессионально пишете не первый год и имеете продуктовый опыт   Можете и написать задорный What’s new про баги, и разобраться в тонкостях безопасной авторизации   Нормально относитесь к правкам, можете поправить уже поправленное, но и отстоять свой текст, если понадобится   Не теряетесь в ситуациях «Мы опять всё поменяли за пару дней до релиза» и реагируете довольно быстро   Способны менеджерить свои задачи — где-то уточнить тз, где-то поставить встречу, где-то добиться внятного фидбека   Любите разнообразие в работе и не устаёте от многозадачности   Чувствуете ToV и умеете его придерживаться   Покажете портфолио с примерами своих работ   Будет плюсом:   Опыт работы в финтехе — тогда банковской терминологией вас не напугать   Английский на уровне B1 — наши переводчики знают своё дело, но за продуктовыми тонкостями желательно следить   Коммуникабельность — лучшая подруга продуктового редактора   Что мы предлагаем:   Удалённый формат работы — можно жить где угодно, но быть на связи в рабочее время по Москве   Оплачиваемые отпуск и праздничные дни   Полноценная редакция — в ней уже 9 человек, но на этом мы решили не останавливаться   Способность влиять на продукт — мы уже не стартап, но ещё не мамонт   Классная команда — знаем, все так пишут, но мы обычно отвечаем за тексты совестью, так что пишем только то, за что можем поручиться головой  ",Администрирование серверов и рабочих станций;Знание английского языка;Продуктовый дизайн;Умение мотивировать и адаптировать персонал,UX-редактор,100000,3-6
117111456,UX-копирайтер в Авто.ру,"Авто.ру создаёт команда, которая любит машины и разбирается в них. И мы ищем копирайтера, в котором эта тема тоже зажигает искру. Вам предстоит разговаривать от лица сервиса с автолюбителями и профессионалами: просто рассказывать о сложном, разбираться в целях сервиса, понимать, зачем появляются новые фичи, придерживаться TOV и редполитики. И не в одиночку, а в понимающей команде редакторов.   Что предстоит делать:  Создавать тексты для маркетинга В2С: баннеры, письма, пуши, промостраницы и т.д. Объяснять простым языком сложные B2B-инструменты Создавать продуктовые тексты для новых и существующих страниц: нескучные, но понятные и ведущие пользователя к цели короткой дорогой Вместе думать над новыми контентными креативными механиками и заходами Работать с трекером и Figma (в рамках текстов) Общаться с дизайнерами и продуктом Слушать юристов и маркетологов Вникать в особенности запуска и тонкости продукта    Мы ждём, что вы:  Вы раньше работали с продуктовыми или маркетинговыми текстами Вы понимаете, зачем нужен СТА и почему «Что-то пошло не так» — не лучший текст для 404 Вы раньше писали не только лонгриды или посты в соцсети Уже работали в автомобильной тематике или увлекаетесь автомобилями Вы задаете вопросы и открыты к диалогу    ​​​",Figma;Знание основ в области маркетинга;Коммуникативная грамотность;Навыки оценки эффективности рекламных инструментов;Оценка эффективности рекламных инструментов;Продажи,UX-редактор,0,3-6
117111473,UX-копирайтер в Аренду,"Мы ищем копирайтера, который умеет говорить просто о сложных вещах. Вам предстоит разговаривать от лица сервиса с собственниками и жильцами: разбираться в целях и задачах сложного технологичного сервиса, понимать, зачем появляются новые фичи, придерживаться TOV и редполитики. И не в одиночку, а в понимающей команде редакторов.   Что предстоит делать:  Создавать тексты для маркетинга: баннеры, письма, пуши, промостраницы и т.д. Рассказывать простым и живым языком про сложные технологии и процессы Создавать продуктовые тексты для новых и существующих страниц: нескучные, но понятные и ведущие пользователя к цели короткой дорогой Вместе думать над новыми контентными креативными механиками и заходами Работать с трекером и Figma (в рамках текстов) Общаться с дизайнерами и продуктом Слушать юристов и маркетологов Вникать в особенности запусков и тонкости продукта    Мы ждём, что вы:  Вы раньше работали с продуктовыми или маркетинговыми текстами Вы понимаете, зачем нужен СТА и почему «Что-то пошло не так» — не лучший текст для 404 Вы знаете, что такое канцелярит и алармизм Вы умеете принимать правки без боли в сердце и знаете, что ТОВ важнее хорошей шутки Вы задаёте вопросы и открыты к диалогу   ",Figma;Знание основ в области маркетинга;Коммуникативная грамотность;Навыки оценки эффективности рекламных инструментов;Оценка эффективности рекламных инструментов,UX-редактор,0,3-6
f7534a11-e9e8-11ef-80a8-25abf1fceba2,UX редактор,"Привет! Мы команда, которая разрабатывает удобные и функциональные сервисы для работы службы поддержки Сбера. С их помощью 7 000 специалистов обрабатывают 3 млн звонков и 300 000 чатов в месяц, а также отвечают на 600 000 сложных вопросов в бэке. Сейчас мы ищем UX-редактора, чтобы вместе делать лучше тексты для сервиса, который связывает продукт и его пользователей через специалистов службы поддержки. Обязанности Писать и вычитывать тексты для интерфейсов Просто и дружелюбно пишет о сложном Участвовать в разработке сценариев вместе с дизайнерами и продактами Тестировать решения в интерфейсах при необходимости, в т.ч. проводить исследования самостоятельно или вместе с исследователями Работать над редполитикой развивать и внедрять её в процессы команд Проверять тексты других команд на соответствие редполитики Требования Опыт работы в продуктовой команде больше года Понимаешь жизненный цикл создания цифровых продуктов, мобильные интерфейсы, web и специфику текстов для этих каналов Знаешь современные тренды ToV в финтехе Знаком с базовыми принципами UX/UI Владеешь базовыми навыками работы в Figma или аналогах; готов быстро изучать новое ПО при необходимости Умеешь объяснять и отстаивать свои решения, в том числе опираясь на данные и результаты исследований Следуешь редполитике и тональности, следить за их актуальностью Опыт работы с исследованиями. Можешь организовать и провести исследование пользовательского опыта и использовать результаты в работе. Условия Официальное трудоустройство согласно ТК РФ Белая заработная плата (оклад + годовая премия) Страхование (от несчастных случаев, ДМС) Оздоровительные программы для детей сотрудников Возможность обучения за счет компании Выплаты материальной помощи в особых/чрезвычайных случаях; Дисконт-программы от компаний партнеров (фитнес, страхование, туризм) Льготное кредитование Корпоративные цены на абонементы в крупные фитнес-сети Бесплатный тренажерный зал на территории офиса Офис на Кутузовском, 32, возможен гибридный график
",,UX-редактор,0,3-6
112442054,UX-редактор B2B,"Чтобы продавать товары на Wildberries, партнёры маркетплейса используют сайт WB Партнёры и мобильное приложение. Мы ищем опытного UX-редактора, который будет создавать для них понятные тексты, а также помогать дизайнерам и продакт-менеджерам проектировать путь пользователя.   Мы ждём, что вы:   не просто интересуетесь UX, а уже работали в роли продуктового UX-редактора более 2 лет;   умеете внимательно и бережно улучшать тексты интерфейсов, работая в тесной связке с UX-дизайнерами;   можете аргументировать каждое решение, которое предлагаете;   хорошо знаете Figma;   понимаете и учитываете специфику разработки информационных продуктов;   способны быстро разобраться в логике работы практически любого интерфейса и не стесняетесь задавать вопросы до начала работы над текстом;   умеете и готовы проактивно собирать необходимую для подготовки текстов информацию у представителей продуктовых команд;   умеете просто, понятно и лаконично писать о сложных вещах;   пишете настолько грамотно, что вашим текстам не требуется проверка корректора;   готовы глубоко погрузиться в специфическую B2B-терминологию огромного маркетплейса;   умеете расставлять приоритеты и в точности соблюдаете сроки выполнения задач;   всегда документируете свою работу в таск-трекере;   хотите участвовать в создании редакционной политики и готовы отстаивать её в процессе работы с заказчиками;   мыслите гибко и умеете договариваться.     Будет особенно здорово, если вы:   уже работали над текстами интерфейсов B2B-продуктов;   уже создавали контент для продавцов маркетплейсов;   можете писать на английском.     Мы предлагаем:   работу в современном и комфортном офисе в 5 минутах от метро Динамо;   возможность гибридной или удалённой работы по согласованию с руководителем;   бесплатное питание в офисе.  ",Figma;UI/UX Дизайн;Взаимодействие с клиентами и заказчиками;Внимательность;Грамотная речь;Коммуникативная грамотность;Проактивность;Управление продуктом,UX-редактор,0,1-3
b9145c51-0478-11ee-81f4-dbfed3997e57,UX-редактор в ВТБ Онлайн,"помогать дизайнерам делать гайды по типичным продуктовым сценариям и элементам;проверять тексты на соответствие Tone of Voice;тестировать всё совместно с UX-исследователями;делать ревью вместе с командой старших дизайнеров;консультировать продуктовые команды по частым вопросам: от технических ошибок до чата GPT;в перспективе, возможно, учить младших редакторов и стажеров.
опыт в UX-редактуре: в банках и крупных компаниях;плюсом будет опыт в финансовых или технологических СМИ;знание банковских продуктов или готовность погрузиться в их изучение;привычка пользоваться банковскими приложениями и готовность анализировать конкурентов;внимательность к деталям и фактам: в текстах надо проверять каждую букву, цифру и запятую;готовность к правкам и согласованиям;умение задавать вопросы и аргументировать свою позицию.
",UI/UX Дизайн;UI/UX Исследования;Знание банковских продуктов и услуг;Критическое мышление;Работа с нейронными сетями и искусственным интеллектом;Умение обосновывать свою позицию,UX-редактор,0,1-3
115247754,UX-редактор в Плюс,"Яндекс Плюс — это развлечения и выгода в одной подписке. Здесь есть кино, музыка, книги, а также кешбэк баллами Плюса, Сплит и Сейвы на особых условиях. Мы ищем опытного UX-редактора, который подхватит задачи команды управления подпиской и удержания пользователей. У нас сильная команда, настроенные процессы. В направлении работают классные дизайнеры, продакты и маркетологи, которые ценят редакторов. Важно быстро влиться в команду и сохранить общий темп работы над задачами. Какие задачи вас ждут  Работа с текстами и логикой UIПредстоит писать интерфейсные тексты для личного кабинета Плюса, справки, FAQ и не только, а ещё выполнять креативные задачи. Всегда есть над чем поработать — и глобально, и точечно. ИсследованияУ нас есть инструменты для быстрых тестов и регулярные UX-исследования, где можно проверить свои решения и гипотезы. Работа с гайдами, базами знаний и проектамиМы постоянно дополняем нашу базу знаний, а также работаем над картой коммуникаций и пишем новые гайды. А ещё у каждого из нас есть собственные инициативы, которыми мы гордимся, и планы личного развития, чтобы не стоять на месте и отслеживать прогресс.  Мы ждем, что вы  Работали UX-редактором в продуктовых командах от 2 лет, имеете уровень middle+ или senior Владеете основными методами исследований, умеете интерпретировать их результаты Въедливо разбираетесь в сценарии, прежде чем написать хоть слово Умеете писать игровые тексты, где это уместно (если есть опыт в копирайтинге — отлично) Самоорганизованны и не боитесь проявлять инициативу ",UI/UX Дизайн;Инициативность;Написание SEO-текстов;Написание и редактирование текстов;Самостоятельность,UX-редактор,0,3-6
110985640,IT Recruiter,"  RUTUBE - крупнейший российский видеохостинг, где собраны различные категории видео: премьерные выпуски шоу и сериалов, прямые эфиры телеканалов, фильмы и мультфильмы, контент видеоблогеров. Мы стремимся сделать лучший видеосервис на базе высокотехнологичных решений, исследований и аналитики, который позволит смотреть качественный лицензионный контент, адаптированный под каждого пользователя. Сейчас нам требуется Senior IT Recruiter, способный быстро погрузиться в новые задачи и усилить нашу команду. Что предстоит делать:  Привлекать в команду лучших IT специалистов (Backend-dev, Frontend-dev, QA, Аналитиков, РО, ML, DevOps и тд); Выстраивать эффективные партнёрские отношения с нанимающими менеджерами; Сопровождать кандидатов на всех этапах подбора; Проводить интервью, координировать встречи кандидатов с руководителями отделов; Работать с базой кандидатов (E-staff); Участвовать в HR-проектах.  Чего мы от тебя ждем:  Опыт работы в IT рекрутменте от 3х лет; Понимание специфики digital и IT рынка; Высокий уровень коммуникабельности и эмпатии; Готовность к динамичному темпу работы.  Что мы предлагаем:  Опыт работы в крупнейшем медиахолдинге страны; Работу в команде профессионалов и творческих людей; Достойный уровень дохода (обсуждается индивидуально с каждым кандидатом); ДМС со стоматологией; Скидки от компаний-партнеров; Фрукты, снэки, фрэш-бар; Гибкое начало рабочего дня; Гибридный график присутствия в офисе; Уютный офис в 5 минутах от станции метро Сокол ",Back-end разработка;DevOps;Front-end разработка;HR-аналитика;Коммуникативная грамотность;Машинное обучение;Подбор персонала;Проведение интервью;Тестирование программного обеспечения,UX-редактор,0,3-6
106907305,UX-Copywriter,"Хочешь всё и сразу: хорошую зарплату уже на старте, стабильную работу в надежном банке, успешную карьеру и яркую корпоративную жизнь? С Совкомбанком все реально! Мы ищем в дизайн-команду райтера, который будем помогать нам с текстами для разных проектов. Большинство наших задач связаны с разработкой интерфейсов, но также есть, графические материалы, маркетинговые презентации, полиграфия. И везде есть текст который можно и нужно придумать, проверить, поправить, улучшить. Что мы ждем от тебя:  Опыт в копирайтинге от года желательно в сфере банкинга и финансов; Опыт написания UX-текстов для веб-интерфейсов и приложений; Понимание, чем интерфейсные тексты отличаются от маркетинговых; Готовность работать не только с входящими задачами, но и самостоятельно их инициировать и обосновывать для продуктовых команд; Понимание важности корпоративных стандартов, готовность к долгому процессу согласования материалов; Умение формулировать задачу дизайнеру; Грамотность и дотошность; Коммуникативные навыки, умение работать в команде; Позитивный настрой и стрессоустойчивость.  Чем ты будешь заниматься:  Писать тексты в разных уголках интерфейсов: онбординги, заголовки, кнопки и многое другое; Переделывать длинные сложные справочные финтех-тексты в короткие понятные для пользователей; Готовить тексты для сторис, промостраниц, презентаций; Раз в месяц делать тексты небольших статей с успешными кейсами команды для внутреннего информационного дайджеста; Следить, чтобы все макеты выходили без опечаток; Работать в команде с дизайнерами и менеджерами: вместе думать над полноценными сценариями и отдельными экранами множества проектов как B2C так и B2B; Помочь разным проектам выработать свой tone of voice и следить за консистентностью.  Мы гарантируем:  Официальное оформление с первого рабочего дня; Обучение в нашем Учебном центре и прокачку своих навыков; График работы 5/2; Бесплатный полис ДМС; Отдых летом на море и зимой на горнолыжных курортах при финансовой поддержке от Банка; Компенсацию расходов на абонемент в спортзал, детский отдых и изучение английского языка; Соц.программы по самым выгодным условиям от Банка: кредит, автокредит, страхование и другие банковские продукты; Финансовую поддержку от Банка в различных жизненных ситуациях; Участие в корпоративных забегах, турнирах по шахматам, футбольных и волейбольных матчах; Свободное общение с Руководством Банка: предлагай любые идеи и реализовывай интересные проекты; Путешествия по России, знакомства с новыми людьми, конкурсы и корпоративы – живи яркой корпоративной жизнью!  Откликайся на вакансию – присоединяйся к нашей команде!   Отклик на данную вакансию соискателем посредством сайта http://hh.ru является действием самого соискателя по предоставлению своего согласия в соответствии с Федеральным законом от 27.07.2006 г. № 152-ФЗ «О персональных данных» на осуществление со всеми указанными в том резюме соискателя на сайте http://hh.ru персональными данными (а также с самим резюме), которое включается в содержание отклика на данную вакансию, следующих действий: систематизацию, хранение, уточнение (обновление или изменение), использование, обезличивание, блокирование и уничтожение, для целей возможного трудоустройства соискателя у оператора персональных данных: ПАО «СОВКОМБАНК», ИНН 4401116480, 156000, г. Кострома, Текстильщиков пр-кт, дом 46, которому настоящее согласие предоставляется без ограничения срока обработки этих персональных данных, но до момента отзыва соискателем согласия на обработку этих персональных данных. Настоящее согласие на обработку персональных данных может быть отозвано соискателем путем направления соответствующего заявления по адресу оператора: 156000, г. Кострома, Текстильщиков пр-кт, дом 46.  ",UI/UX Дизайн;Грамотная речь;Коммуникативная грамотность;Написание и редактирование текстов;Позитивное мышление;Продажи;Работа в команде;Работоспособность;Разработка банковских бизнес решений;Стрессоустойчивость;Умение мотивировать и адаптировать персонал;Формирование технических заданий;Целеустремленность,UX-редактор,0,1-3
108816247,UX писатель в PRO.FINANSY,"PRO.FINANSY - самый крупный и технологичный проект на стыке EdTech и FinTech в России и СНГ. Мы аккредитованная IT-компания с передовыми разработками в EdTech и FinTech и самая крупная онлайн-школа финансовой грамотности и инвестирования в России и странах СНГ. С помощью IT-продуктов компании обучение прошло более 250 000 студентов на платных продуктах и более 1 000 000 студентов изучают бесплатные материалы. Мы делаем:   profinansy.ru - аналитический сайт для инвесторов, аналогов которому нет на российском рынке;   приложение pro.finansy - удобный сервис по учету доходов, расходов и накоплений   Наша команда разработала отличные инструменты для инвесторов - для финансовой аналитики; ведения инвестиционных портфелей; обучения и развития насмотренности в мире инвестиций через новости, детальную аналитику и обширные статьи экспертов pro.finansy. Сейчас мы в активном поиске UX писателя, который поможет нам формировать взаимодействие пользователей с нашими продуктами. Чем предстоит заниматься:   Создавать контент, который улучшает пользовательский опыт при работе с нашими программными продуктами;   Писать четкие и понятные сообщения, подсказки, инструкции, другой пользовательский контент;   Анализировать обратную связь, чтобы делать еще более полезный контент;   Поддерживать наш Tone of Voice;   Участвовать в исследованиях продукта и отдельных сценариев.   Что важно в вас:   Имеете опыт на аналогичной должности и готовы продемонстрировать подтверждающие кейсы;   Умеете просчитывать поведение пользователя в различных ситуациях;   Умеете выстраивать эффективный путь для достижения цели пользователем;   Умеете писать тексты на заданную тему, разной длины и разного стиля, понимаете, какой тон нужен в зависимости от контекста;   Готовы брать ответственность за результат и контролировать качество готового продукта;   Уверенно владеете Figma.   Мы предлагаем:   Полностью удаленная работа в графике 5/2 с 10 до 19;   Оформление в соответствии с ТК РФ с первого дня сотрудничества;   Стабильная достойная заработная плата без задержек (оклад+kpi);   Возможности для реализации, карьерного роста и развития, обучения и профессионального развития за счет компании;   Возможность работать над поддержкой и развитием актуального продукта в области финансового образования;   Каждый сотрудник компании — инвестор, все члены команды имеют доступ ко всем продуктам компании и обучаются управлять своими финансами, обладают навыком практического инвестирования.   Откликайся! Мы ждем тебя в команде!</p>",Figma;Контроль качества;Написание и редактирование текстов;Ответственность;Целеустремленность,UX-редактор,0,1-3
117417039,UX-писатель / UX-редактор,"Привет! Сейчас мы в поиске UX-писателя, которому будет интересно работать с технически сложными задачами. Наш основной продукт — это защита от DDoS-атак. Работать предстоит с двумя продуктовыми командами: Main и DMA. Команда Main отвечает за сайт ddos-guard.net и ddos-guard.ru, а также за общие вкладки личного кабинета DDoS-Guard. Для команды понадобится писать тексты страниц сайта, а также интерфейсы без технической специфики: регистрация и логин, биллинг, уведомления. Команда DMA разрабатывает и поддерживает устройство фильтрации трафика нового поколения. Здесь технической специфики будет больше: предстоит разобраться, как работают различные сетевые протоколы, как сетевые инженеры управляют трафиком и как писать тексты интерфейсов для «технарей». Для команды понадобится писать тексты UI и CLI, а также редактировать документацию.   Нам нужен писатель, который  Знает английский на уровне B2 и выше — мы пишем сразу на двух языках или только на английском; Уже работал с текстами, например автором или редактором, или проходил профильные курсы, может показать результаты своей работы; Умеет писать просто и лаконично, без эпатажа и без духоты; Умеет работать в Figma; Имеет представление об Agile, опыт работы с Jira или другим таск-трекером; Понимает роль редполитики и ToV бренда, следует им в работе; Знаком с основными принципами UX-дизайна и понимает, как создается цифровой продукт; Готов с нуля разбираться в сложной предметной области, не боится задавать вопросы и умеет находить информацию; Может найти общий язык с коллегами и понимает, что коммуникация — важная часть профессии; Организует свою работу и отвечает за результат.    Будет плюсом:  Опыт работы UX-писателем, техническим писателем, дизайнером интерфейсов, UX-исследователем; Опыт работы в локализации; Интерес к сферам UXW, дизайна, менеджмента цифровых продуктов; Высшее образование, связанное с языками или литературой, либо техническое высшее образование; Базовое понимание SEO и маркетинговых/продуктовых метрик (CTA, CR, NPS и другие).    Чем предстоит заниматься:  Писать интерфейсные тексты для сайта и личного кабинета пользователя; Переводить тексты на английский; Прорабатывать сценарии и пользовательские пути вместе с командой; Проводить ревью текстов UX-писателей и других коллег; Дополнять редполитику, ToV и другие внутренние документы; Работать с TMS (translation management system); Писать пользовательские инструкции; Редактировать техническую документацию; Вести глоссарии на русском и английском языках.    Перед собеседованием попросим выполнить тестовое задание.   Мы предоставляем:   Оформление по ТК РФ с первого дня;   Полностью белая зарплата без задержек в выплатах;   Работу в аккредитованной ИТ-компании со всеми льготами и отсрочками;   ДМС и гибридный график работы после испытательного срока;   Бесплатное корпоративное питание и богатый выбор снеков и фруктов в офисе;   Внутренние митапы и демо-дни, участие во внешних конференциях и мероприятиях;   Возможность ротации внутри команд;   Комната отдыха и корпоративная библиотека;   Спортзал с тренажерами, беговой дорожкой и настольным теннисом;   Масштабные корпоративы и дружеские неформальные встречи внутри команд.   Откликайся, и мы обязательно свяжемся с тобой в ближайшее время. Обещаем, долго ждать не придется!","Atlassian Jira;Figma;UI/UX Дизайн;Биллинг;Знание английского языка;Информационная грамотность;Коммуникативная грамотность;Компьютерные сети, маршрутизация, протоколы;Навыки оценки эффективности рекламных инструментов;Написание и редактирование текстов;Организаторские навыки;Оценка эффективности рекламных инструментов;Самоорганизованность;Управление проектами",UX-редактор,0,1-3
116838799,Технический писатель Справки Вебмастера (частичная занятость),"Приходите изучать возможности Вебмастера и готовить понятные инструкции для Справки. Если вы хорошо разбираетесь в SEO, умеете писать полезные тексты, хотите решать сложные задачи и помогать пользователям Вебмастера, направляйте отклик. Какие задачи вас ждут:  обновлять Справку сервиса и создавать новые инструкции, как применять инструменты Вебмастера для конкретных задач; общаться с командой сервиса и собирать информацию о продукте; консультировать других технических писателей по вопросам продвижения сайтов; актуализировать скриншоты и схемы, готовить документацию к локализации.  Мы ждём, что вы:  хорошо знаете SEO: отличаете Sitemap от robots.txt, description от tittle; знаете, что такое ранжирование и поведенческие факторы; умеете писать полезные, понятные и структурированные тексты на русском языке; готовы самостоятельно разбираться в нюансах, задавать вопросы и искать информацию; соблюдаете дедлайны, следуете стайлгайдам и инструкциям, не боитесь рутинной работы; работали с Вебмастером и системами контроля версий, знакомы с облегчёнными языками разметки — будет плюсом.  Для работы потребуются:  компьютер с операционной системой Windows 10 (сборка 1809) / macOS 11 / Ubuntu 16.04 / Debian-like &amp; Linux Kernel 4.4 или выше; оперативная память объёмом не меньше 8 ГБ, жёсткий диск объёмом не меньше 35 ГБ; стабильное интернет-соединение со скоростью не менее 20 Мбит/с.  Что мы предлагаем:  официальное трудоустройство, частичную занятость; удалённую работу и удобный график, который вы формируете сами (главное — уделять задачам от 4 часов в день и соблюдать дедлайны); стабильный доход, средний уровень которого при частичной занятости — от 40 000 рублей (на руки). Оплата труда сдельная, зависит от количества выполненных задач; возможности роста и развития; оплачиваемое онлайн-обучение перед стартом; оплату больничных и отпусков; онлайн-консультации врачей и страхование от несчастных случаев (подключаются через 3 месяца работы); компенсацию затрат на электричество и интернет; скидки от партнёров и на продукты Яндекса; дружную и активную команду, которая всегда поможет и подбодрит мемами в чате.         ",,UX-редактор,0,1-3
116838808,Технический писатель Справки Вебмастера (частичная занятость),"Приходите изучать возможности Вебмастера и готовить понятные инструкции для Справки. Если вы хорошо разбираетесь в SEO, умеете писать полезные тексты, хотите решать сложные задачи и помогать пользователям Вебмастера, направляйте отклик. Какие задачи вас ждут:  обновлять Справку сервиса и создавать новые инструкции, как применять инструменты Вебмастера для конкретных задач; общаться с командой сервиса и собирать информацию о продукте; консультировать других технических писателей по вопросам продвижения сайтов; актуализировать скриншоты и схемы, готовить документацию к локализации.  Мы ждём, что вы:  хорошо знаете SEO: отличаете Sitemap от robots.txt, description от tittle; знаете, что такое ранжирование и поведенческие факторы; умеете писать полезные, понятные и структурированные тексты на русском языке; готовы самостоятельно разбираться в нюансах, задавать вопросы и искать информацию; соблюдаете дедлайны, следуете стайлгайдам и инструкциям, не боитесь рутинной работы; работали с Вебмастером и системами контроля версий, знакомы с облегчёнными языками разметки — будет плюсом.  Для работы потребуются:  компьютер с операционной системой Windows 10 (сборка 1809) / macOS 11 / Ubuntu 16.04 / Debian-like &amp; Linux Kernel 4.4 или выше; оперативная память объёмом не меньше 8 ГБ, жёсткий диск объёмом не меньше 35 ГБ; стабильное интернет-соединение со скоростью не менее 20 Мбит/с.  Что мы предлагаем:  официальное трудоустройство, частичную занятость; удалённую работу и удобный график, который вы формируете сами (главное — уделять задачам от 4 часов в день и соблюдать дедлайны); стабильный доход, средний уровень которого при частичной занятости — от 40 000 рублей (на руки). Оплата труда сдельная, зависит от количества выполненных задач; возможности роста и развития; оплачиваемое онлайн-обучение перед стартом; оплату больничных и отпусков; онлайн-консультации врачей и страхование от несчастных случаев (подключаются через 3 месяца работы); компенсацию затрат на электричество и интернет; скидки от партнёров и на продукты Яндекса; дружную и активную команду, которая всегда поможет и подбодрит мемами в чате.         ",,UX-редактор,0,1-3
116838803,Технический писатель Справки Вебмастера (частичная занятость),"Приходите изучать возможности Вебмастера и готовить понятные инструкции для Справки. Если вы хорошо разбираетесь в SEO, умеете писать полезные тексты, хотите решать сложные задачи и помогать пользователям Вебмастера, направляйте отклик. Какие задачи вас ждут:  обновлять Справку сервиса и создавать новые инструкции, как применять инструменты Вебмастера для конкретных задач; общаться с командой сервиса и собирать информацию о продукте; консультировать других технических писателей по вопросам продвижения сайтов; актуализировать скриншоты и схемы, готовить документацию к локализации.  Мы ждём, что вы:  хорошо знаете SEO: отличаете Sitemap от robots.txt, description от tittle; знаете, что такое ранжирование и поведенческие факторы; умеете писать полезные, понятные и структурированные тексты на русском языке; готовы самостоятельно разбираться в нюансах, задавать вопросы и искать информацию; соблюдаете дедлайны, следуете стайлгайдам и инструкциям, не боитесь рутинной работы; работали с Вебмастером и системами контроля версий, знакомы с облегчёнными языками разметки — будет плюсом.  Для работы потребуются:  компьютер с операционной системой Windows 10 (сборка 1809) / macOS 11 / Ubuntu 16.04 / Debian-like &amp; Linux Kernel 4.4 или выше; оперативная память объёмом не меньше 8 ГБ, жёсткий диск объёмом не меньше 35 ГБ; стабильное интернет-соединение со скоростью не менее 20 Мбит/с.  Что мы предлагаем:  официальное трудоустройство, частичную занятость; удалённую работу и удобный график, который вы формируете сами (главное — уделять задачам от 4 часов в день и соблюдать дедлайны); стабильный доход, средний уровень которого при частичной занятости — от 40 000 рублей (на руки). Оплата труда сдельная, зависит от количества выполненных задач; возможности роста и развития; оплачиваемое онлайн-обучение перед стартом; оплату больничных и отпусков; онлайн-консультации врачей и страхование от несчастных случаев (подключаются через 3 месяца работы); компенсацию затрат на электричество и интернет; скидки от партнёров и на продукты Яндекса; дружную и активную команду, которая всегда поможет и подбодрит мемами в чате.         ",,UX-редактор,0,1-3
116838821,Технический писатель Справки Вебмастера (частичная занятость),"Приходите изучать возможности Вебмастера и готовить понятные инструкции для Справки. Если вы хорошо разбираетесь в SEO, умеете писать полезные тексты, хотите решать сложные задачи и помогать пользователям Вебмастера, направляйте отклик. Какие задачи вас ждут:  обновлять Справку сервиса и создавать новые инструкции, как применять инструменты Вебмастера для конкретных задач; общаться с командой сервиса и собирать информацию о продукте; консультировать других технических писателей по вопросам продвижения сайтов; актуализировать скриншоты и схемы, готовить документацию к локализации.  Мы ждём, что вы:  хорошо знаете SEO: отличаете Sitemap от robots.txt, description от tittle; знаете, что такое ранжирование и поведенческие факторы; умеете писать полезные, понятные и структурированные тексты на русском языке; готовы самостоятельно разбираться в нюансах, задавать вопросы и искать информацию; соблюдаете дедлайны, следуете стайлгайдам и инструкциям, не боитесь рутинной работы; работали с Вебмастером и системами контроля версий, знакомы с облегчёнными языками разметки — будет плюсом.  Для работы потребуются:  компьютер с операционной системой Windows 10 (сборка 1809) / macOS 11 / Ubuntu 16.04 / Debian-like &amp; Linux Kernel 4.4 или выше; оперативная память объёмом не меньше 8 ГБ, жёсткий диск объёмом не меньше 35 ГБ; стабильное интернет-соединение со скоростью не менее 20 Мбит/с.  Что мы предлагаем:  официальное трудоустройство, частичную занятость; удалённую работу и удобный график, который вы формируете сами (главное — уделять задачам от 4 часов в день и соблюдать дедлайны); стабильный доход, средний уровень которого при частичной занятости — от 40 000 рублей (на руки). Оплата труда сдельная, зависит от количества выполненных задач; возможности роста и развития; оплачиваемое онлайн-обучение перед стартом; оплату больничных и отпусков; онлайн-консультации врачей и страхование от несчастных случаев (подключаются через 3 месяца работы); компенсацию затрат на электричество и интернет; скидки от партнёров и на продукты Яндекса; дружную и активную команду, которая всегда поможет и подбодрит мемами в чате.         ",,UX-редактор,0,1-3
116838786,Технический писатель Справки Вебмастера (частичная занятость),"Приходите изучать возможности Вебмастера и готовить понятные инструкции для Справки. Если вы хорошо разбираетесь в SEO, умеете писать полезные тексты, хотите решать сложные задачи и помогать пользователям Вебмастера, направляйте отклик. Какие задачи вас ждут:  обновлять Справку сервиса и создавать новые инструкции, как применять инструменты Вебмастера для конкретных задач; общаться с командой сервиса и собирать информацию о продукте; консультировать других технических писателей по вопросам продвижения сайтов; актуализировать скриншоты и схемы, готовить документацию к локализации.  Мы ждём, что вы:  хорошо знаете SEO: отличаете Sitemap от robots.txt, description от tittle; знаете, что такое ранжирование и поведенческие факторы; умеете писать полезные, понятные и структурированные тексты на русском языке; готовы самостоятельно разбираться в нюансах, задавать вопросы и искать информацию; соблюдаете дедлайны, следуете стайлгайдам и инструкциям, не боитесь рутинной работы; работали с Вебмастером и системами контроля версий, знакомы с облегчёнными языками разметки — будет плюсом.  Для работы потребуются:  компьютер с операционной системой Windows 10 (сборка 1809) / macOS 11 / Ubuntu 16.04 / Debian-like &amp; Linux Kernel 4.4 или выше; оперативная память объёмом не меньше 8 ГБ, жёсткий диск объёмом не меньше 35 ГБ; стабильное интернет-соединение со скоростью не менее 20 Мбит/с.  Что мы предлагаем:  официальное трудоустройство, частичную занятость; удалённую работу и удобный график, который вы формируете сами (главное — уделять задачам от 4 часов в день и соблюдать дедлайны); стабильный доход, средний уровень которого при частичной занятости — от 40 000 рублей (на руки). Оплата труда сдельная, зависит от количества выполненных задач; возможности роста и развития; оплачиваемое онлайн-обучение перед стартом; оплату больничных и отпусков; онлайн-консультации врачей и страхование от несчастных случаев (подключаются через 3 месяца работы); компенсацию затрат на электричество и интернет; скидки от партнёров и на продукты Яндекса; дружную и активную команду, которая всегда поможет и подбодрит мемами в чате.         ",,UX-редактор,0,1-3
116838806,Технический писатель Справки Вебмастера (частичная занятость),"Приходите изучать возможности Вебмастера и готовить понятные инструкции для Справки. Если вы хорошо разбираетесь в SEO, умеете писать полезные тексты, хотите решать сложные задачи и помогать пользователям Вебмастера, направляйте отклик. Какие задачи вас ждут:  обновлять Справку сервиса и создавать новые инструкции, как применять инструменты Вебмастера для конкретных задач; общаться с командой сервиса и собирать информацию о продукте; консультировать других технических писателей по вопросам продвижения сайтов; актуализировать скриншоты и схемы, готовить документацию к локализации.  Мы ждём, что вы:  хорошо знаете SEO: отличаете Sitemap от robots.txt, description от tittle; знаете, что такое ранжирование и поведенческие факторы; умеете писать полезные, понятные и структурированные тексты на русском языке; готовы самостоятельно разбираться в нюансах, задавать вопросы и искать информацию; соблюдаете дедлайны, следуете стайлгайдам и инструкциям, не боитесь рутинной работы; работали с Вебмастером и системами контроля версий, знакомы с облегчёнными языками разметки — будет плюсом.  Для работы потребуются:  компьютер с операционной системой Windows 10 (сборка 1809) / macOS 11 / Ubuntu 16.04 / Debian-like &amp; Linux Kernel 4.4 или выше; оперативная память объёмом не меньше 8 ГБ, жёсткий диск объёмом не меньше 35 ГБ; стабильное интернет-соединение со скоростью не менее 20 Мбит/с.  Что мы предлагаем:  официальное трудоустройство, частичную занятость; удалённую работу и удобный график, который вы формируете сами (главное — уделять задачам от 4 часов в день и соблюдать дедлайны); стабильный доход, средний уровень которого при частичной занятости — от 40 000 рублей (на руки). Оплата труда сдельная, зависит от количества выполненных задач; возможности роста и развития; оплачиваемое онлайн-обучение перед стартом; оплату больничных и отпусков; онлайн-консультации врачей и страхование от несчастных случаев (подключаются через 3 месяца работы); компенсацию затрат на электричество и интернет; скидки от партнёров и на продукты Яндекса; дружную и активную команду, которая всегда поможет и подбодрит мемами в чате.         ",,UX-редактор,0,1-3
116838796,Технический писатель Справки Вебмастера (частичная занятость),"Приходите изучать возможности Вебмастера и готовить понятные инструкции для Справки. Если вы хорошо разбираетесь в SEO, умеете писать полезные тексты, хотите решать сложные задачи и помогать пользователям Вебмастера, направляйте отклик. Какие задачи вас ждут:  обновлять Справку сервиса и создавать новые инструкции, как применять инструменты Вебмастера для конкретных задач; общаться с командой сервиса и собирать информацию о продукте; консультировать других технических писателей по вопросам продвижения сайтов; актуализировать скриншоты и схемы, готовить документацию к локализации.  Мы ждём, что вы:  хорошо знаете SEO: отличаете Sitemap от robots.txt, description от tittle; знаете, что такое ранжирование и поведенческие факторы; умеете писать полезные, понятные и структурированные тексты на русском языке; готовы самостоятельно разбираться в нюансах, задавать вопросы и искать информацию; соблюдаете дедлайны, следуете стайлгайдам и инструкциям, не боитесь рутинной работы; работали с Вебмастером и системами контроля версий, знакомы с облегчёнными языками разметки — будет плюсом.  Для работы потребуются:  компьютер с операционной системой Windows 10 (сборка 1809) / macOS 11 / Ubuntu 16.04 / Debian-like &amp; Linux Kernel 4.4 или выше; оперативная память объёмом не меньше 8 ГБ, жёсткий диск объёмом не меньше 35 ГБ; стабильное интернет-соединение со скоростью не менее 20 Мбит/с.  Что мы предлагаем:  официальное трудоустройство, частичную занятость; удалённую работу и удобный график, который вы формируете сами (главное — уделять задачам от 4 часов в день и соблюдать дедлайны); стабильный доход, средний уровень которого при частичной занятости — от 40 000 рублей (на руки). Оплата труда сдельная, зависит от количества выполненных задач; возможности роста и развития; оплачиваемое онлайн-обучение перед стартом; оплату больничных и отпусков; онлайн-консультации врачей и страхование от несчастных случаев (подключаются через 3 месяца работы); компенсацию затрат на электричество и интернет; скидки от партнёров и на продукты Яндекса; дружную и активную команду, которая всегда поможет и подбодрит мемами в чате.         ",,UX-редактор,0,1-3
116838812,Технический писатель Справки Вебмастера (частичная занятость),"Приходите изучать возможности Вебмастера и готовить понятные инструкции для Справки. Если вы хорошо разбираетесь в SEO, умеете писать полезные тексты, хотите решать сложные задачи и помогать пользователям Вебмастера, направляйте отклик. Какие задачи вас ждут:  обновлять Справку сервиса и создавать новые инструкции, как применять инструменты Вебмастера для конкретных задач; общаться с командой сервиса и собирать информацию о продукте; консультировать других технических писателей по вопросам продвижения сайтов; актуализировать скриншоты и схемы, готовить документацию к локализации.  Мы ждём, что вы:  хорошо знаете SEO: отличаете Sitemap от robots.txt, description от tittle; знаете, что такое ранжирование и поведенческие факторы; умеете писать полезные, понятные и структурированные тексты на русском языке; готовы самостоятельно разбираться в нюансах, задавать вопросы и искать информацию; соблюдаете дедлайны, следуете стайлгайдам и инструкциям, не боитесь рутинной работы; работали с Вебмастером и системами контроля версий, знакомы с облегчёнными языками разметки — будет плюсом.  Для работы потребуются:  компьютер с операционной системой Windows 10 (сборка 1809) / macOS 11 / Ubuntu 16.04 / Debian-like &amp; Linux Kernel 4.4 или выше; оперативная память объёмом не меньше 8 ГБ, жёсткий диск объёмом не меньше 35 ГБ; стабильное интернет-соединение со скоростью не менее 20 Мбит/с.  Что мы предлагаем:  официальное трудоустройство, частичную занятость; удалённую работу и удобный график, который вы формируете сами (главное — уделять задачам от 4 часов в день и соблюдать дедлайны); стабильный доход, средний уровень которого при частичной занятости — от 40 000 рублей (на руки). Оплата труда сдельная, зависит от количества выполненных задач; возможности роста и развития; оплачиваемое онлайн-обучение перед стартом; оплату больничных и отпусков; онлайн-консультации врачей и страхование от несчастных случаев (подключаются через 3 месяца работы); компенсацию затрат на электричество и интернет; скидки от партнёров и на продукты Яндекса; дружную и активную команду, которая всегда поможет и подбодрит мемами в чате.         ",,UX-редактор,0,1-3
116838815,Технический писатель Справки Вебмастера (частичная занятость),"Приходите изучать возможности Вебмастера и готовить понятные инструкции для Справки. Если вы хорошо разбираетесь в SEO, умеете писать полезные тексты, хотите решать сложные задачи и помогать пользователям Вебмастера, направляйте отклик. Какие задачи вас ждут:  обновлять Справку сервиса и создавать новые инструкции, как применять инструменты Вебмастера для конкретных задач; общаться с командой сервиса и собирать информацию о продукте; консультировать других технических писателей по вопросам продвижения сайтов; актуализировать скриншоты и схемы, готовить документацию к локализации.  Мы ждём, что вы:  хорошо знаете SEO: отличаете Sitemap от robots.txt, description от tittle; знаете, что такое ранжирование и поведенческие факторы; умеете писать полезные, понятные и структурированные тексты на русском языке; готовы самостоятельно разбираться в нюансах, задавать вопросы и искать информацию; соблюдаете дедлайны, следуете стайлгайдам и инструкциям, не боитесь рутинной работы; работали с Вебмастером и системами контроля версий, знакомы с облегчёнными языками разметки — будет плюсом.  Для работы потребуются:  компьютер с операционной системой Windows 10 (сборка 1809) / macOS 11 / Ubuntu 16.04 / Debian-like &amp; Linux Kernel 4.4 или выше; оперативная память объёмом не меньше 8 ГБ, жёсткий диск объёмом не меньше 35 ГБ; стабильное интернет-соединение со скоростью не менее 20 Мбит/с.  Что мы предлагаем:  официальное трудоустройство, частичную занятость; удалённую работу и удобный график, который вы формируете сами (главное — уделять задачам от 4 часов в день и соблюдать дедлайны); стабильный доход, средний уровень которого при частичной занятости — от 40 000 рублей (на руки). Оплата труда сдельная, зависит от количества выполненных задач; возможности роста и развития; оплачиваемое онлайн-обучение перед стартом; оплату больничных и отпусков; онлайн-консультации врачей и страхование от несчастных случаев (подключаются через 3 месяца работы); компенсацию затрат на электричество и интернет; скидки от партнёров и на продукты Яндекса; дружную и активную команду, которая всегда поможет и подбодрит мемами в чате.         ",,UX-редактор,0,1-3
116838788,Технический писатель Справки Вебмастера (частичная занятость),"Приходите изучать возможности Вебмастера и готовить понятные инструкции для Справки. Если вы хорошо разбираетесь в SEO, умеете писать полезные тексты, хотите решать сложные задачи и помогать пользователям Вебмастера, направляйте отклик. Какие задачи вас ждут:  обновлять Справку сервиса и создавать новые инструкции, как применять инструменты Вебмастера для конкретных задач; общаться с командой сервиса и собирать информацию о продукте; консультировать других технических писателей по вопросам продвижения сайтов; актуализировать скриншоты и схемы, готовить документацию к локализации.  Мы ждём, что вы:  хорошо знаете SEO: отличаете Sitemap от robots.txt, description от tittle; знаете, что такое ранжирование и поведенческие факторы; умеете писать полезные, понятные и структурированные тексты на русском языке; готовы самостоятельно разбираться в нюансах, задавать вопросы и искать информацию; соблюдаете дедлайны, следуете стайлгайдам и инструкциям, не боитесь рутинной работы; работали с Вебмастером и системами контроля версий, знакомы с облегчёнными языками разметки — будет плюсом.  Для работы потребуются:  компьютер с операционной системой Windows 10 (сборка 1809) / macOS 11 / Ubuntu 16.04 / Debian-like &amp; Linux Kernel 4.4 или выше; оперативная память объёмом не меньше 8 ГБ, жёсткий диск объёмом не меньше 35 ГБ; стабильное интернет-соединение со скоростью не менее 20 Мбит/с.  Что мы предлагаем:  официальное трудоустройство, частичную занятость; удалённую работу и удобный график, который вы формируете сами (главное — уделять задачам от 4 часов в день и соблюдать дедлайны); стабильный доход, средний уровень которого при частичной занятости — от 40 000 рублей (на руки). Оплата труда сдельная, зависит от количества выполненных задач; возможности роста и развития; оплачиваемое онлайн-обучение перед стартом; оплату больничных и отпусков; онлайн-консультации врачей и страхование от несчастных случаев (подключаются через 3 месяца работы); компенсацию затрат на электричество и интернет; скидки от партнёров и на продукты Яндекса; дружную и активную команду, которая всегда поможет и подбодрит мемами в чате.         ",,UX-редактор,0,1-3
116838816,Технический писатель Справки Вебмастера (частичная занятость),"Приходите изучать возможности Вебмастера и готовить понятные инструкции для Справки. Если вы хорошо разбираетесь в SEO, умеете писать полезные тексты, хотите решать сложные задачи и помогать пользователям Вебмастера, направляйте отклик. Какие задачи вас ждут:  обновлять Справку сервиса и создавать новые инструкции, как применять инструменты Вебмастера для конкретных задач; общаться с командой сервиса и собирать информацию о продукте; консультировать других технических писателей по вопросам продвижения сайтов; актуализировать скриншоты и схемы, готовить документацию к локализации.  Мы ждём, что вы:  хорошо знаете SEO: отличаете Sitemap от robots.txt, description от tittle; знаете, что такое ранжирование и поведенческие факторы; умеете писать полезные, понятные и структурированные тексты на русском языке; готовы самостоятельно разбираться в нюансах, задавать вопросы и искать информацию; соблюдаете дедлайны, следуете стайлгайдам и инструкциям, не боитесь рутинной работы; работали с Вебмастером и системами контроля версий, знакомы с облегчёнными языками разметки — будет плюсом.  Для работы потребуются:  компьютер с операционной системой Windows 10 (сборка 1809) / macOS 11 / Ubuntu 16.04 / Debian-like &amp; Linux Kernel 4.4 или выше; оперативная память объёмом не меньше 8 ГБ, жёсткий диск объёмом не меньше 35 ГБ; стабильное интернет-соединение со скоростью не менее 20 Мбит/с.  Что мы предлагаем:  официальное трудоустройство, частичную занятость; удалённую работу и удобный график, который вы формируете сами (главное — уделять задачам от 4 часов в день и соблюдать дедлайны); стабильный доход, средний уровень которого при частичной занятости — от 40 000 рублей (на руки). Оплата труда сдельная, зависит от количества выполненных задач; возможности роста и развития; оплачиваемое онлайн-обучение перед стартом; оплату больничных и отпусков; онлайн-консультации врачей и страхование от несчастных случаев (подключаются через 3 месяца работы); компенсацию затрат на электричество и интернет; скидки от партнёров и на продукты Яндекса; дружную и активную команду, которая всегда поможет и подбодрит мемами в чате.         ",,UX-редактор,0,1-3
116838818,Технический писатель Справки Вебмастера (частичная занятость),"Приходите изучать возможности Вебмастера и готовить понятные инструкции для Справки. Если вы хорошо разбираетесь в SEO, умеете писать полезные тексты, хотите решать сложные задачи и помогать пользователям Вебмастера, направляйте отклик. Какие задачи вас ждут:  обновлять Справку сервиса и создавать новые инструкции, как применять инструменты Вебмастера для конкретных задач; общаться с командой сервиса и собирать информацию о продукте; консультировать других технических писателей по вопросам продвижения сайтов; актуализировать скриншоты и схемы, готовить документацию к локализации.  Мы ждём, что вы:  хорошо знаете SEO: отличаете Sitemap от robots.txt, description от tittle; знаете, что такое ранжирование и поведенческие факторы; умеете писать полезные, понятные и структурированные тексты на русском языке; готовы самостоятельно разбираться в нюансах, задавать вопросы и искать информацию; соблюдаете дедлайны, следуете стайлгайдам и инструкциям, не боитесь рутинной работы; работали с Вебмастером и системами контроля версий, знакомы с облегчёнными языками разметки — будет плюсом.  Для работы потребуются:  компьютер с операционной системой Windows 10 (сборка 1809) / macOS 11 / Ubuntu 16.04 / Debian-like &amp; Linux Kernel 4.4 или выше; оперативная память объёмом не меньше 8 ГБ, жёсткий диск объёмом не меньше 35 ГБ; стабильное интернет-соединение со скоростью не менее 20 Мбит/с.  Что мы предлагаем:  официальное трудоустройство, частичную занятость; удалённую работу и удобный график, который вы формируете сами (главное — уделять задачам от 4 часов в день и соблюдать дедлайны); стабильный доход, средний уровень которого при частичной занятости — от 40 000 рублей (на руки). Оплата труда сдельная, зависит от количества выполненных задач; возможности роста и развития; оплачиваемое онлайн-обучение перед стартом; оплату больничных и отпусков; онлайн-консультации врачей и страхование от несчастных случаев (подключаются через 3 месяца работы); компенсацию затрат на электричество и интернет; скидки от партнёров и на продукты Яндекса; дружную и активную команду, которая всегда поможет и подбодрит мемами в чате.         ",,UX-редактор,0,1-3
116838792,Технический писатель Справки Вебмастера (частичная занятость),"Приходите изучать возможности Вебмастера и готовить понятные инструкции для Справки. Если вы хорошо разбираетесь в SEO, умеете писать полезные тексты, хотите решать сложные задачи и помогать пользователям Вебмастера, направляйте отклик. Какие задачи вас ждут:  обновлять Справку сервиса и создавать новые инструкции, как применять инструменты Вебмастера для конкретных задач; общаться с командой сервиса и собирать информацию о продукте; консультировать других технических писателей по вопросам продвижения сайтов; актуализировать скриншоты и схемы, готовить документацию к локализации.  Мы ждём, что вы:  хорошо знаете SEO: отличаете Sitemap от robots.txt, description от tittle; знаете, что такое ранжирование и поведенческие факторы; умеете писать полезные, понятные и структурированные тексты на русском языке; готовы самостоятельно разбираться в нюансах, задавать вопросы и искать информацию; соблюдаете дедлайны, следуете стайлгайдам и инструкциям, не боитесь рутинной работы; работали с Вебмастером и системами контроля версий, знакомы с облегчёнными языками разметки — будет плюсом.  Для работы потребуются:  компьютер с операционной системой Windows 10 (сборка 1809) / macOS 11 / Ubuntu 16.04 / Debian-like &amp; Linux Kernel 4.4 или выше; оперативная память объёмом не меньше 8 ГБ, жёсткий диск объёмом не меньше 35 ГБ; стабильное интернет-соединение со скоростью не менее 20 Мбит/с.  Что мы предлагаем:  официальное трудоустройство, частичную занятость; удалённую работу и удобный график, который вы формируете сами (главное — уделять задачам от 4 часов в день и соблюдать дедлайны); стабильный доход, средний уровень которого при частичной занятости — от 40 000 рублей (на руки). Оплата труда сдельная, зависит от количества выполненных задач; возможности роста и развития; оплачиваемое онлайн-обучение перед стартом; оплату больничных и отпусков; онлайн-консультации врачей и страхование от несчастных случаев (подключаются через 3 месяца работы); компенсацию затрат на электричество и интернет; скидки от партнёров и на продукты Яндекса; дружную и активную команду, которая всегда поможет и подбодрит мемами в чате.         ",,UX-редактор,0,1-3
116838801,Технический писатель Справки Вебмастера (частичная занятость),"Приходите изучать возможности Вебмастера и готовить понятные инструкции для Справки. Если вы хорошо разбираетесь в SEO, умеете писать полезные тексты, хотите решать сложные задачи и помогать пользователям Вебмастера, направляйте отклик. Какие задачи вас ждут:  обновлять Справку сервиса и создавать новые инструкции, как применять инструменты Вебмастера для конкретных задач; общаться с командой сервиса и собирать информацию о продукте; консультировать других технических писателей по вопросам продвижения сайтов; актуализировать скриншоты и схемы, готовить документацию к локализации.  Мы ждём, что вы:  хорошо знаете SEO: отличаете Sitemap от robots.txt, description от tittle; знаете, что такое ранжирование и поведенческие факторы; умеете писать полезные, понятные и структурированные тексты на русском языке; готовы самостоятельно разбираться в нюансах, задавать вопросы и искать информацию; соблюдаете дедлайны, следуете стайлгайдам и инструкциям, не боитесь рутинной работы; работали с Вебмастером и системами контроля версий, знакомы с облегчёнными языками разметки — будет плюсом.  Для работы потребуются:  компьютер с операционной системой Windows 10 (сборка 1809) / macOS 11 / Ubuntu 16.04 / Debian-like &amp; Linux Kernel 4.4 или выше; оперативная память объёмом не меньше 8 ГБ, жёсткий диск объёмом не меньше 35 ГБ; стабильное интернет-соединение со скоростью не менее 20 Мбит/с.  Что мы предлагаем:  официальное трудоустройство, частичную занятость; удалённую работу и удобный график, который вы формируете сами (главное — уделять задачам от 4 часов в день и соблюдать дедлайны); стабильный доход, средний уровень которого при частичной занятости — от 40 000 рублей (на руки). Оплата труда сдельная, зависит от количества выполненных задач; возможности роста и развития; оплачиваемое онлайн-обучение перед стартом; оплату больничных и отпусков; онлайн-консультации врачей и страхование от несчастных случаев (подключаются через 3 месяца работы); компенсацию затрат на электричество и интернет; скидки от партнёров и на продукты Яндекса; дружную и активную команду, которая всегда поможет и подбодрит мемами в чате.         ",,UX-редактор,0,1-3
116838823,Технический писатель Справки Вебмастера (частичная занятость),"Приходите изучать возможности Вебмастера и готовить понятные инструкции для Справки. Если вы хорошо разбираетесь в SEO, умеете писать полезные тексты, хотите решать сложные задачи и помогать пользователям Вебмастера, направляйте отклик. Какие задачи вас ждут:  обновлять Справку сервиса и создавать новые инструкции, как применять инструменты Вебмастера для конкретных задач; общаться с командой сервиса и собирать информацию о продукте; консультировать других технических писателей по вопросам продвижения сайтов; актуализировать скриншоты и схемы, готовить документацию к локализации.  Мы ждём, что вы:  хорошо знаете SEO: отличаете Sitemap от robots.txt, description от tittle; знаете, что такое ранжирование и поведенческие факторы; умеете писать полезные, понятные и структурированные тексты на русском языке; готовы самостоятельно разбираться в нюансах, задавать вопросы и искать информацию; соблюдаете дедлайны, следуете стайлгайдам и инструкциям, не боитесь рутинной работы; работали с Вебмастером и системами контроля версий, знакомы с облегчёнными языками разметки — будет плюсом.  Для работы потребуются:  компьютер с операционной системой Windows 10 (сборка 1809) / macOS 11 / Ubuntu 16.04 / Debian-like &amp; Linux Kernel 4.4 или выше; оперативная память объёмом не меньше 8 ГБ, жёсткий диск объёмом не меньше 35 ГБ; стабильное интернет-соединение со скоростью не менее 20 Мбит/с.  Что мы предлагаем:  официальное трудоустройство, частичную занятость; удалённую работу и удобный график, который вы формируете сами (главное — уделять задачам от 4 часов в день и соблюдать дедлайны); стабильный доход, средний уровень которого при частичной занятости — от 40 000 рублей (на руки). Оплата труда сдельная, зависит от количества выполненных задач; возможности роста и развития; оплачиваемое онлайн-обучение перед стартом; оплату больничных и отпусков; онлайн-консультации врачей и страхование от несчастных случаев (подключаются через 3 месяца работы); компенсацию затрат на электричество и интернет; скидки от партнёров и на продукты Яндекса; дружную и активную команду, которая всегда поможет и подбодрит мемами в чате.         ",,UX-редактор,0,1-3
116838811,Технический писатель Справки Вебмастера (частичная занятость),"Приходите изучать возможности Вебмастера и готовить понятные инструкции для Справки. Если вы хорошо разбираетесь в SEO, умеете писать полезные тексты, хотите решать сложные задачи и помогать пользователям Вебмастера, направляйте отклик. Какие задачи вас ждут:  обновлять Справку сервиса и создавать новые инструкции, как применять инструменты Вебмастера для конкретных задач; общаться с командой сервиса и собирать информацию о продукте; консультировать других технических писателей по вопросам продвижения сайтов; актуализировать скриншоты и схемы, готовить документацию к локализации.  Мы ждём, что вы:  хорошо знаете SEO: отличаете Sitemap от robots.txt, description от tittle; знаете, что такое ранжирование и поведенческие факторы; умеете писать полезные, понятные и структурированные тексты на русском языке; готовы самостоятельно разбираться в нюансах, задавать вопросы и искать информацию; соблюдаете дедлайны, следуете стайлгайдам и инструкциям, не боитесь рутинной работы; работали с Вебмастером и системами контроля версий, знакомы с облегчёнными языками разметки — будет плюсом.  Для работы потребуются:  компьютер с операционной системой Windows 10 (сборка 1809) / macOS 11 / Ubuntu 16.04 / Debian-like &amp; Linux Kernel 4.4 или выше; оперативная память объёмом не меньше 8 ГБ, жёсткий диск объёмом не меньше 35 ГБ; стабильное интернет-соединение со скоростью не менее 20 Мбит/с.  Что мы предлагаем:  официальное трудоустройство, частичную занятость; удалённую работу и удобный график, который вы формируете сами (главное — уделять задачам от 4 часов в день и соблюдать дедлайны); стабильный доход, средний уровень которого при частичной занятости — от 40 000 рублей (на руки). Оплата труда сдельная, зависит от количества выполненных задач; возможности роста и развития; оплачиваемое онлайн-обучение перед стартом; оплату больничных и отпусков; онлайн-консультации врачей и страхование от несчастных случаев (подключаются через 3 месяца работы); компенсацию затрат на электричество и интернет; скидки от партнёров и на продукты Яндекса; дружную и активную команду, которая всегда поможет и подбодрит мемами в чате.         ",,UX-редактор,0,1-3
116838789,Технический писатель Справки Вебмастера (частичная занятость),"Приходите изучать возможности Вебмастера и готовить понятные инструкции для Справки. Если вы хорошо разбираетесь в SEO, умеете писать полезные тексты, хотите решать сложные задачи и помогать пользователям Вебмастера, направляйте отклик. Какие задачи вас ждут:  обновлять Справку сервиса и создавать новые инструкции, как применять инструменты Вебмастера для конкретных задач; общаться с командой сервиса и собирать информацию о продукте; консультировать других технических писателей по вопросам продвижения сайтов; актуализировать скриншоты и схемы, готовить документацию к локализации.  Мы ждём, что вы:  хорошо знаете SEO: отличаете Sitemap от robots.txt, description от tittle; знаете, что такое ранжирование и поведенческие факторы; умеете писать полезные, понятные и структурированные тексты на русском языке; готовы самостоятельно разбираться в нюансах, задавать вопросы и искать информацию; соблюдаете дедлайны, следуете стайлгайдам и инструкциям, не боитесь рутинной работы; работали с Вебмастером и системами контроля версий, знакомы с облегчёнными языками разметки — будет плюсом.  Для работы потребуются:  компьютер с операционной системой Windows 10 (сборка 1809) / macOS 11 / Ubuntu 16.04 / Debian-like &amp; Linux Kernel 4.4 или выше; оперативная память объёмом не меньше 8 ГБ, жёсткий диск объёмом не меньше 35 ГБ; стабильное интернет-соединение со скоростью не менее 20 Мбит/с.  Что мы предлагаем:  официальное трудоустройство, частичную занятость; удалённую работу и удобный график, который вы формируете сами (главное — уделять задачам от 4 часов в день и соблюдать дедлайны); стабильный доход, средний уровень которого при частичной занятости — от 40 000 рублей (на руки). Оплата труда сдельная, зависит от количества выполненных задач; возможности роста и развития; оплачиваемое онлайн-обучение перед стартом; оплату больничных и отпусков; онлайн-консультации врачей и страхование от несчастных случаев (подключаются через 3 месяца работы); компенсацию затрат на электричество и интернет; скидки от партнёров и на продукты Яндекса; дружную и активную команду, которая всегда поможет и подбодрит мемами в чате.         ",,UX-редактор,0,1-3
116838817,Технический писатель Справки Вебмастера (частичная занятость),"Приходите изучать возможности Вебмастера и готовить понятные инструкции для Справки. Если вы хорошо разбираетесь в SEO, умеете писать полезные тексты, хотите решать сложные задачи и помогать пользователям Вебмастера, направляйте отклик. Какие задачи вас ждут:  обновлять Справку сервиса и создавать новые инструкции, как применять инструменты Вебмастера для конкретных задач; общаться с командой сервиса и собирать информацию о продукте; консультировать других технических писателей по вопросам продвижения сайтов; актуализировать скриншоты и схемы, готовить документацию к локализации.  Мы ждём, что вы:  хорошо знаете SEO: отличаете Sitemap от robots.txt, description от tittle; знаете, что такое ранжирование и поведенческие факторы; умеете писать полезные, понятные и структурированные тексты на русском языке; готовы самостоятельно разбираться в нюансах, задавать вопросы и искать информацию; соблюдаете дедлайны, следуете стайлгайдам и инструкциям, не боитесь рутинной работы; работали с Вебмастером и системами контроля версий, знакомы с облегчёнными языками разметки — будет плюсом.  Для работы потребуются:  компьютер с операционной системой Windows 10 (сборка 1809) / macOS 11 / Ubuntu 16.04 / Debian-like &amp; Linux Kernel 4.4 или выше; оперативная память объёмом не меньше 8 ГБ, жёсткий диск объёмом не меньше 35 ГБ; стабильное интернет-соединение со скоростью не менее 20 Мбит/с.  Что мы предлагаем:  официальное трудоустройство, частичную занятость; удалённую работу и удобный график, который вы формируете сами (главное — уделять задачам от 4 часов в день и соблюдать дедлайны); стабильный доход, средний уровень которого при частичной занятости — от 40 000 рублей (на руки). Оплата труда сдельная, зависит от количества выполненных задач; возможности роста и развития; оплачиваемое онлайн-обучение перед стартом; оплату больничных и отпусков; онлайн-консультации врачей и страхование от несчастных случаев (подключаются через 3 месяца работы); компенсацию затрат на электричество и интернет; скидки от партнёров и на продукты Яндекса; дружную и активную команду, которая всегда поможет и подбодрит мемами в чате.         ",,UX-редактор,0,1-3
116838787,Технический писатель Справки Вебмастера (частичная занятость),"Приходите изучать возможности Вебмастера и готовить понятные инструкции для Справки. Если вы хорошо разбираетесь в SEO, умеете писать полезные тексты, хотите решать сложные задачи и помогать пользователям Вебмастера, направляйте отклик. Какие задачи вас ждут:  обновлять Справку сервиса и создавать новые инструкции, как применять инструменты Вебмастера для конкретных задач; общаться с командой сервиса и собирать информацию о продукте; консультировать других технических писателей по вопросам продвижения сайтов; актуализировать скриншоты и схемы, готовить документацию к локализации.  Мы ждём, что вы:  хорошо знаете SEO: отличаете Sitemap от robots.txt, description от tittle; знаете, что такое ранжирование и поведенческие факторы; умеете писать полезные, понятные и структурированные тексты на русском языке; готовы самостоятельно разбираться в нюансах, задавать вопросы и искать информацию; соблюдаете дедлайны, следуете стайлгайдам и инструкциям, не боитесь рутинной работы; работали с Вебмастером и системами контроля версий, знакомы с облегчёнными языками разметки — будет плюсом.  Для работы потребуются:  компьютер с операционной системой Windows 10 (сборка 1809) / macOS 11 / Ubuntu 16.04 / Debian-like &amp; Linux Kernel 4.4 или выше; оперативная память объёмом не меньше 8 ГБ, жёсткий диск объёмом не меньше 35 ГБ; стабильное интернет-соединение со скоростью не менее 20 Мбит/с.  Что мы предлагаем:  официальное трудоустройство, частичную занятость; удалённую работу и удобный график, который вы формируете сами (главное — уделять задачам от 4 часов в день и соблюдать дедлайны); стабильный доход, средний уровень которого при частичной занятости — от 40 000 рублей (на руки). Оплата труда сдельная, зависит от количества выполненных задач; возможности роста и развития; оплачиваемое онлайн-обучение перед стартом; оплату больничных и отпусков; онлайн-консультации врачей и страхование от несчастных случаев (подключаются через 3 месяца работы); компенсацию затрат на электричество и интернет; скидки от партнёров и на продукты Яндекса; дружную и активную команду, которая всегда поможет и подбодрит мемами в чате.         ",,UX-редактор,0,1-3
116838804,Технический писатель Справки Вебмастера (частичная занятость),"Приходите изучать возможности Вебмастера и готовить понятные инструкции для Справки. Если вы хорошо разбираетесь в SEO, умеете писать полезные тексты, хотите решать сложные задачи и помогать пользователям Вебмастера, направляйте отклик. Какие задачи вас ждут:  обновлять Справку сервиса и создавать новые инструкции, как применять инструменты Вебмастера для конкретных задач; общаться с командой сервиса и собирать информацию о продукте; консультировать других технических писателей по вопросам продвижения сайтов; актуализировать скриншоты и схемы, готовить документацию к локализации.  Мы ждём, что вы:  хорошо знаете SEO: отличаете Sitemap от robots.txt, description от tittle; знаете, что такое ранжирование и поведенческие факторы; умеете писать полезные, понятные и структурированные тексты на русском языке; готовы самостоятельно разбираться в нюансах, задавать вопросы и искать информацию; соблюдаете дедлайны, следуете стайлгайдам и инструкциям, не боитесь рутинной работы; работали с Вебмастером и системами контроля версий, знакомы с облегчёнными языками разметки — будет плюсом.  Для работы потребуются:  компьютер с операционной системой Windows 10 (сборка 1809) / macOS 11 / Ubuntu 16.04 / Debian-like &amp; Linux Kernel 4.4 или выше; оперативная память объёмом не меньше 8 ГБ, жёсткий диск объёмом не меньше 35 ГБ; стабильное интернет-соединение со скоростью не менее 20 Мбит/с.  Что мы предлагаем:  официальное трудоустройство, частичную занятость; удалённую работу и удобный график, который вы формируете сами (главное — уделять задачам от 4 часов в день и соблюдать дедлайны); стабильный доход, средний уровень которого при частичной занятости — от 40 000 рублей (на руки). Оплата труда сдельная, зависит от количества выполненных задач; возможности роста и развития; оплачиваемое онлайн-обучение перед стартом; оплату больничных и отпусков; онлайн-консультации врачей и страхование от несчастных случаев (подключаются через 3 месяца работы); компенсацию затрат на электричество и интернет; скидки от партнёров и на продукты Яндекса; дружную и активную команду, которая всегда поможет и подбодрит мемами в чате.         ",,UX-редактор,0,1-3
116838793,Технический писатель Справки Вебмастера (частичная занятость),"Приходите изучать возможности Вебмастера и готовить понятные инструкции для Справки. Если вы хорошо разбираетесь в SEO, умеете писать полезные тексты, хотите решать сложные задачи и помогать пользователям Вебмастера, направляйте отклик. Какие задачи вас ждут:  обновлять Справку сервиса и создавать новые инструкции, как применять инструменты Вебмастера для конкретных задач; общаться с командой сервиса и собирать информацию о продукте; консультировать других технических писателей по вопросам продвижения сайтов; актуализировать скриншоты и схемы, готовить документацию к локализации.  Мы ждём, что вы:  хорошо знаете SEO: отличаете Sitemap от robots.txt, description от tittle; знаете, что такое ранжирование и поведенческие факторы; умеете писать полезные, понятные и структурированные тексты на русском языке; готовы самостоятельно разбираться в нюансах, задавать вопросы и искать информацию; соблюдаете дедлайны, следуете стайлгайдам и инструкциям, не боитесь рутинной работы; работали с Вебмастером и системами контроля версий, знакомы с облегчёнными языками разметки — будет плюсом.  Для работы потребуются:  компьютер с операционной системой Windows 10 (сборка 1809) / macOS 11 / Ubuntu 16.04 / Debian-like &amp; Linux Kernel 4.4 или выше; оперативная память объёмом не меньше 8 ГБ, жёсткий диск объёмом не меньше 35 ГБ; стабильное интернет-соединение со скоростью не менее 20 Мбит/с.  Что мы предлагаем:  официальное трудоустройство, частичную занятость; удалённую работу и удобный график, который вы формируете сами (главное — уделять задачам от 4 часов в день и соблюдать дедлайны); стабильный доход, средний уровень которого при частичной занятости — от 40 000 рублей (на руки). Оплата труда сдельная, зависит от количества выполненных задач; возможности роста и развития; оплачиваемое онлайн-обучение перед стартом; оплату больничных и отпусков; онлайн-консультации врачей и страхование от несчастных случаев (подключаются через 3 месяца работы); компенсацию затрат на электричество и интернет; скидки от партнёров и на продукты Яндекса; дружную и активную команду, которая всегда поможет и подбодрит мемами в чате.         ",,UX-редактор,0,1-3
116838814,Технический писатель Справки Вебмастера (частичная занятость),"Приходите изучать возможности Вебмастера и готовить понятные инструкции для Справки. Если вы хорошо разбираетесь в SEO, умеете писать полезные тексты, хотите решать сложные задачи и помогать пользователям Вебмастера, направляйте отклик. Какие задачи вас ждут:  обновлять Справку сервиса и создавать новые инструкции, как применять инструменты Вебмастера для конкретных задач; общаться с командой сервиса и собирать информацию о продукте; консультировать других технических писателей по вопросам продвижения сайтов; актуализировать скриншоты и схемы, готовить документацию к локализации.  Мы ждём, что вы:  хорошо знаете SEO: отличаете Sitemap от robots.txt, description от tittle; знаете, что такое ранжирование и поведенческие факторы; умеете писать полезные, понятные и структурированные тексты на русском языке; готовы самостоятельно разбираться в нюансах, задавать вопросы и искать информацию; соблюдаете дедлайны, следуете стайлгайдам и инструкциям, не боитесь рутинной работы; работали с Вебмастером и системами контроля версий, знакомы с облегчёнными языками разметки — будет плюсом.  Для работы потребуются:  компьютер с операционной системой Windows 10 (сборка 1809) / macOS 11 / Ubuntu 16.04 / Debian-like &amp; Linux Kernel 4.4 или выше; оперативная память объёмом не меньше 8 ГБ, жёсткий диск объёмом не меньше 35 ГБ; стабильное интернет-соединение со скоростью не менее 20 Мбит/с.  Что мы предлагаем:  официальное трудоустройство, частичную занятость; удалённую работу и удобный график, который вы формируете сами (главное — уделять задачам от 4 часов в день и соблюдать дедлайны); стабильный доход, средний уровень которого при частичной занятости — от 40 000 рублей (на руки). Оплата труда сдельная, зависит от количества выполненных задач; возможности роста и развития; оплачиваемое онлайн-обучение перед стартом; оплату больничных и отпусков; онлайн-консультации врачей и страхование от несчастных случаев (подключаются через 3 месяца работы); компенсацию затрат на электричество и интернет; скидки от партнёров и на продукты Яндекса; дружную и активную команду, которая всегда поможет и подбодрит мемами в чате.         ",,UX-редактор,0,1-3
116838805,Технический писатель Справки Вебмастера (частичная занятость),"Приходите изучать возможности Вебмастера и готовить понятные инструкции для Справки. Если вы хорошо разбираетесь в SEO, умеете писать полезные тексты, хотите решать сложные задачи и помогать пользователям Вебмастера, направляйте отклик. Какие задачи вас ждут:  обновлять Справку сервиса и создавать новые инструкции, как применять инструменты Вебмастера для конкретных задач; общаться с командой сервиса и собирать информацию о продукте; консультировать других технических писателей по вопросам продвижения сайтов; актуализировать скриншоты и схемы, готовить документацию к локализации.  Мы ждём, что вы:  хорошо знаете SEO: отличаете Sitemap от robots.txt, description от tittle; знаете, что такое ранжирование и поведенческие факторы; умеете писать полезные, понятные и структурированные тексты на русском языке; готовы самостоятельно разбираться в нюансах, задавать вопросы и искать информацию; соблюдаете дедлайны, следуете стайлгайдам и инструкциям, не боитесь рутинной работы; работали с Вебмастером и системами контроля версий, знакомы с облегчёнными языками разметки — будет плюсом.  Для работы потребуются:  компьютер с операционной системой Windows 10 (сборка 1809) / macOS 11 / Ubuntu 16.04 / Debian-like &amp; Linux Kernel 4.4 или выше; оперативная память объёмом не меньше 8 ГБ, жёсткий диск объёмом не меньше 35 ГБ; стабильное интернет-соединение со скоростью не менее 20 Мбит/с.  Что мы предлагаем:  официальное трудоустройство, частичную занятость; удалённую работу и удобный график, который вы формируете сами (главное — уделять задачам от 4 часов в день и соблюдать дедлайны); стабильный доход, средний уровень которого при частичной занятости — от 40 000 рублей (на руки). Оплата труда сдельная, зависит от количества выполненных задач; возможности роста и развития; оплачиваемое онлайн-обучение перед стартом; оплату больничных и отпусков; онлайн-консультации врачей и страхование от несчастных случаев (подключаются через 3 месяца работы); компенсацию затрат на электричество и интернет; скидки от партнёров и на продукты Яндекса; дружную и активную команду, которая всегда поможет и подбодрит мемами в чате.         ",,UX-редактор,0,1-3
116838794,Технический писатель Справки Вебмастера (частичная занятость),"Приходите изучать возможности Вебмастера и готовить понятные инструкции для Справки. Если вы хорошо разбираетесь в SEO, умеете писать полезные тексты, хотите решать сложные задачи и помогать пользователям Вебмастера, направляйте отклик. Какие задачи вас ждут:  обновлять Справку сервиса и создавать новые инструкции, как применять инструменты Вебмастера для конкретных задач; общаться с командой сервиса и собирать информацию о продукте; консультировать других технических писателей по вопросам продвижения сайтов; актуализировать скриншоты и схемы, готовить документацию к локализации.  Мы ждём, что вы:  хорошо знаете SEO: отличаете Sitemap от robots.txt, description от tittle; знаете, что такое ранжирование и поведенческие факторы; умеете писать полезные, понятные и структурированные тексты на русском языке; готовы самостоятельно разбираться в нюансах, задавать вопросы и искать информацию; соблюдаете дедлайны, следуете стайлгайдам и инструкциям, не боитесь рутинной работы; работали с Вебмастером и системами контроля версий, знакомы с облегчёнными языками разметки — будет плюсом.  Для работы потребуются:  компьютер с операционной системой Windows 10 (сборка 1809) / macOS 11 / Ubuntu 16.04 / Debian-like &amp; Linux Kernel 4.4 или выше; оперативная память объёмом не меньше 8 ГБ, жёсткий диск объёмом не меньше 35 ГБ; стабильное интернет-соединение со скоростью не менее 20 Мбит/с.  Что мы предлагаем:  официальное трудоустройство, частичную занятость; удалённую работу и удобный график, который вы формируете сами (главное — уделять задачам от 4 часов в день и соблюдать дедлайны); стабильный доход, средний уровень которого при частичной занятости — от 40 000 рублей (на руки). Оплата труда сдельная, зависит от количества выполненных задач; возможности роста и развития; оплачиваемое онлайн-обучение перед стартом; оплату больничных и отпусков; онлайн-консультации врачей и страхование от несчастных случаев (подключаются через 3 месяца работы); компенсацию затрат на электричество и интернет; скидки от партнёров и на продукты Яндекса; дружную и активную команду, которая всегда поможет и подбодрит мемами в чате.         ",,UX-редактор,0,1-3
116838797,Технический писатель Справки Вебмастера (частичная занятость),"Приходите изучать возможности Вебмастера и готовить понятные инструкции для Справки. Если вы хорошо разбираетесь в SEO, умеете писать полезные тексты, хотите решать сложные задачи и помогать пользователям Вебмастера, направляйте отклик. Какие задачи вас ждут:  обновлять Справку сервиса и создавать новые инструкции, как применять инструменты Вебмастера для конкретных задач; общаться с командой сервиса и собирать информацию о продукте; консультировать других технических писателей по вопросам продвижения сайтов; актуализировать скриншоты и схемы, готовить документацию к локализации.  Мы ждём, что вы:  хорошо знаете SEO: отличаете Sitemap от robots.txt, description от tittle; знаете, что такое ранжирование и поведенческие факторы; умеете писать полезные, понятные и структурированные тексты на русском языке; готовы самостоятельно разбираться в нюансах, задавать вопросы и искать информацию; соблюдаете дедлайны, следуете стайлгайдам и инструкциям, не боитесь рутинной работы; работали с Вебмастером и системами контроля версий, знакомы с облегчёнными языками разметки — будет плюсом.  Для работы потребуются:  компьютер с операционной системой Windows 10 (сборка 1809) / macOS 11 / Ubuntu 16.04 / Debian-like &amp; Linux Kernel 4.4 или выше; оперативная память объёмом не меньше 8 ГБ, жёсткий диск объёмом не меньше 35 ГБ; стабильное интернет-соединение со скоростью не менее 20 Мбит/с.  Что мы предлагаем:  официальное трудоустройство, частичную занятость; удалённую работу и удобный график, который вы формируете сами (главное — уделять задачам от 4 часов в день и соблюдать дедлайны); стабильный доход, средний уровень которого при частичной занятости — от 40 000 рублей (на руки). Оплата труда сдельная, зависит от количества выполненных задач; возможности роста и развития; оплачиваемое онлайн-обучение перед стартом; оплату больничных и отпусков; онлайн-консультации врачей и страхование от несчастных случаев (подключаются через 3 месяца работы); компенсацию затрат на электричество и интернет; скидки от партнёров и на продукты Яндекса; дружную и активную команду, которая всегда поможет и подбодрит мемами в чате.         ",,UX-редактор,0,1-3
116838820,Технический писатель Справки Вебмастера (частичная занятость),"Приходите изучать возможности Вебмастера и готовить понятные инструкции для Справки. Если вы хорошо разбираетесь в SEO, умеете писать полезные тексты, хотите решать сложные задачи и помогать пользователям Вебмастера, направляйте отклик. Какие задачи вас ждут:  обновлять Справку сервиса и создавать новые инструкции, как применять инструменты Вебмастера для конкретных задач; общаться с командой сервиса и собирать информацию о продукте; консультировать других технических писателей по вопросам продвижения сайтов; актуализировать скриншоты и схемы, готовить документацию к локализации.  Мы ждём, что вы:  хорошо знаете SEO: отличаете Sitemap от robots.txt, description от tittle; знаете, что такое ранжирование и поведенческие факторы; умеете писать полезные, понятные и структурированные тексты на русском языке; готовы самостоятельно разбираться в нюансах, задавать вопросы и искать информацию; соблюдаете дедлайны, следуете стайлгайдам и инструкциям, не боитесь рутинной работы; работали с Вебмастером и системами контроля версий, знакомы с облегчёнными языками разметки — будет плюсом.  Для работы потребуются:  компьютер с операционной системой Windows 10 (сборка 1809) / macOS 11 / Ubuntu 16.04 / Debian-like &amp; Linux Kernel 4.4 или выше; оперативная память объёмом не меньше 8 ГБ, жёсткий диск объёмом не меньше 35 ГБ; стабильное интернет-соединение со скоростью не менее 20 Мбит/с.  Что мы предлагаем:  официальное трудоустройство, частичную занятость; удалённую работу и удобный график, который вы формируете сами (главное — уделять задачам от 4 часов в день и соблюдать дедлайны); стабильный доход, средний уровень которого при частичной занятости — от 40 000 рублей (на руки). Оплата труда сдельная, зависит от количества выполненных задач; возможности роста и развития; оплачиваемое онлайн-обучение перед стартом; оплату больничных и отпусков; онлайн-консультации врачей и страхование от несчастных случаев (подключаются через 3 месяца работы); компенсацию затрат на электричество и интернет; скидки от партнёров и на продукты Яндекса; дружную и активную команду, которая всегда поможет и подбодрит мемами в чате.         ",,UX-редактор,0,1-3
116838795,Технический писатель Справки Вебмастера (частичная занятость),"Приходите изучать возможности Вебмастера и готовить понятные инструкции для Справки. Если вы хорошо разбираетесь в SEO, умеете писать полезные тексты, хотите решать сложные задачи и помогать пользователям Вебмастера, направляйте отклик. Какие задачи вас ждут:  обновлять Справку сервиса и создавать новые инструкции, как применять инструменты Вебмастера для конкретных задач; общаться с командой сервиса и собирать информацию о продукте; консультировать других технических писателей по вопросам продвижения сайтов; актуализировать скриншоты и схемы, готовить документацию к локализации.  Мы ждём, что вы:  хорошо знаете SEO: отличаете Sitemap от robots.txt, description от tittle; знаете, что такое ранжирование и поведенческие факторы; умеете писать полезные, понятные и структурированные тексты на русском языке; готовы самостоятельно разбираться в нюансах, задавать вопросы и искать информацию; соблюдаете дедлайны, следуете стайлгайдам и инструкциям, не боитесь рутинной работы; работали с Вебмастером и системами контроля версий, знакомы с облегчёнными языками разметки — будет плюсом.  Для работы потребуются:  компьютер с операционной системой Windows 10 (сборка 1809) / macOS 11 / Ubuntu 16.04 / Debian-like &amp; Linux Kernel 4.4 или выше; оперативная память объёмом не меньше 8 ГБ, жёсткий диск объёмом не меньше 35 ГБ; стабильное интернет-соединение со скоростью не менее 20 Мбит/с.  Что мы предлагаем:  официальное трудоустройство, частичную занятость; удалённую работу и удобный график, который вы формируете сами (главное — уделять задачам от 4 часов в день и соблюдать дедлайны); стабильный доход, средний уровень которого при частичной занятости — от 40 000 рублей (на руки). Оплата труда сдельная, зависит от количества выполненных задач; возможности роста и развития; оплачиваемое онлайн-обучение перед стартом; оплату больничных и отпусков; онлайн-консультации врачей и страхование от несчастных случаев (подключаются через 3 месяца работы); компенсацию затрат на электричество и интернет; скидки от партнёров и на продукты Яндекса; дружную и активную команду, которая всегда поможет и подбодрит мемами в чате.         ",,UX-редактор,0,1-3
116838807,Технический писатель Справки Вебмастера (частичная занятость),"Приходите изучать возможности Вебмастера и готовить понятные инструкции для Справки. Если вы хорошо разбираетесь в SEO, умеете писать полезные тексты, хотите решать сложные задачи и помогать пользователям Вебмастера, направляйте отклик. Какие задачи вас ждут:  обновлять Справку сервиса и создавать новые инструкции, как применять инструменты Вебмастера для конкретных задач; общаться с командой сервиса и собирать информацию о продукте; консультировать других технических писателей по вопросам продвижения сайтов; актуализировать скриншоты и схемы, готовить документацию к локализации.  Мы ждём, что вы:  хорошо знаете SEO: отличаете Sitemap от robots.txt, description от tittle; знаете, что такое ранжирование и поведенческие факторы; умеете писать полезные, понятные и структурированные тексты на русском языке; готовы самостоятельно разбираться в нюансах, задавать вопросы и искать информацию; соблюдаете дедлайны, следуете стайлгайдам и инструкциям, не боитесь рутинной работы; работали с Вебмастером и системами контроля версий, знакомы с облегчёнными языками разметки — будет плюсом.  Для работы потребуются:  компьютер с операционной системой Windows 10 (сборка 1809) / macOS 11 / Ubuntu 16.04 / Debian-like &amp; Linux Kernel 4.4 или выше; оперативная память объёмом не меньше 8 ГБ, жёсткий диск объёмом не меньше 35 ГБ; стабильное интернет-соединение со скоростью не менее 20 Мбит/с.  Что мы предлагаем:  официальное трудоустройство, частичную занятость; удалённую работу и удобный график, который вы формируете сами (главное — уделять задачам от 4 часов в день и соблюдать дедлайны); стабильный доход, средний уровень которого при частичной занятости — от 40 000 рублей (на руки). Оплата труда сдельная, зависит от количества выполненных задач; возможности роста и развития; оплачиваемое онлайн-обучение перед стартом; оплату больничных и отпусков; онлайн-консультации врачей и страхование от несчастных случаев (подключаются через 3 месяца работы); компенсацию затрат на электричество и интернет; скидки от партнёров и на продукты Яндекса; дружную и активную команду, которая всегда поможет и подбодрит мемами в чате.         ",,UX-редактор,0,1-3
116838822,Технический писатель Справки Вебмастера (частичная занятость),"Приходите изучать возможности Вебмастера и готовить понятные инструкции для Справки. Если вы хорошо разбираетесь в SEO, умеете писать полезные тексты, хотите решать сложные задачи и помогать пользователям Вебмастера, направляйте отклик. Какие задачи вас ждут:  обновлять Справку сервиса и создавать новые инструкции, как применять инструменты Вебмастера для конкретных задач; общаться с командой сервиса и собирать информацию о продукте; консультировать других технических писателей по вопросам продвижения сайтов; актуализировать скриншоты и схемы, готовить документацию к локализации.  Мы ждём, что вы:  хорошо знаете SEO: отличаете Sitemap от robots.txt, description от tittle; знаете, что такое ранжирование и поведенческие факторы; умеете писать полезные, понятные и структурированные тексты на русском языке; готовы самостоятельно разбираться в нюансах, задавать вопросы и искать информацию; соблюдаете дедлайны, следуете стайлгайдам и инструкциям, не боитесь рутинной работы; работали с Вебмастером и системами контроля версий, знакомы с облегчёнными языками разметки — будет плюсом.  Для работы потребуются:  компьютер с операционной системой Windows 10 (сборка 1809) / macOS 11 / Ubuntu 16.04 / Debian-like &amp; Linux Kernel 4.4 или выше; оперативная память объёмом не меньше 8 ГБ, жёсткий диск объёмом не меньше 35 ГБ; стабильное интернет-соединение со скоростью не менее 20 Мбит/с.  Что мы предлагаем:  официальное трудоустройство, частичную занятость; удалённую работу и удобный график, который вы формируете сами (главное — уделять задачам от 4 часов в день и соблюдать дедлайны); стабильный доход, средний уровень которого при частичной занятости — от 40 000 рублей (на руки). Оплата труда сдельная, зависит от количества выполненных задач; возможности роста и развития; оплачиваемое онлайн-обучение перед стартом; оплату больничных и отпусков; онлайн-консультации врачей и страхование от несчастных случаев (подключаются через 3 месяца работы); компенсацию затрат на электричество и интернет; скидки от партнёров и на продукты Яндекса; дружную и активную команду, которая всегда поможет и подбодрит мемами в чате.         ",,UX-редактор,0,1-3
116838809,Технический писатель Справки Вебмастера (частичная занятость),"Приходите изучать возможности Вебмастера и готовить понятные инструкции для Справки. Если вы хорошо разбираетесь в SEO, умеете писать полезные тексты, хотите решать сложные задачи и помогать пользователям Вебмастера, направляйте отклик. Какие задачи вас ждут:  обновлять Справку сервиса и создавать новые инструкции, как применять инструменты Вебмастера для конкретных задач; общаться с командой сервиса и собирать информацию о продукте; консультировать других технических писателей по вопросам продвижения сайтов; актуализировать скриншоты и схемы, готовить документацию к локализации.  Мы ждём, что вы:  хорошо знаете SEO: отличаете Sitemap от robots.txt, description от tittle; знаете, что такое ранжирование и поведенческие факторы; умеете писать полезные, понятные и структурированные тексты на русском языке; готовы самостоятельно разбираться в нюансах, задавать вопросы и искать информацию; соблюдаете дедлайны, следуете стайлгайдам и инструкциям, не боитесь рутинной работы; работали с Вебмастером и системами контроля версий, знакомы с облегчёнными языками разметки — будет плюсом.  Для работы потребуются:  компьютер с операционной системой Windows 10 (сборка 1809) / macOS 11 / Ubuntu 16.04 / Debian-like &amp; Linux Kernel 4.4 или выше; оперативная память объёмом не меньше 8 ГБ, жёсткий диск объёмом не меньше 35 ГБ; стабильное интернет-соединение со скоростью не менее 20 Мбит/с.  Что мы предлагаем:  официальное трудоустройство, частичную занятость; удалённую работу и удобный график, который вы формируете сами (главное — уделять задачам от 4 часов в день и соблюдать дедлайны); стабильный доход, средний уровень которого при частичной занятости — от 40 000 рублей (на руки). Оплата труда сдельная, зависит от количества выполненных задач; возможности роста и развития; оплачиваемое онлайн-обучение перед стартом; оплату больничных и отпусков; онлайн-консультации врачей и страхование от несчастных случаев (подключаются через 3 месяца работы); компенсацию затрат на электричество и интернет; скидки от партнёров и на продукты Яндекса; дружную и активную команду, которая всегда поможет и подбодрит мемами в чате.         ",,UX-редактор,0,1-3
116838810,Технический писатель Справки Вебмастера (частичная занятость),"Приходите изучать возможности Вебмастера и готовить понятные инструкции для Справки. Если вы хорошо разбираетесь в SEO, умеете писать полезные тексты, хотите решать сложные задачи и помогать пользователям Вебмастера, направляйте отклик. Какие задачи вас ждут:  обновлять Справку сервиса и создавать новые инструкции, как применять инструменты Вебмастера для конкретных задач; общаться с командой сервиса и собирать информацию о продукте; консультировать других технических писателей по вопросам продвижения сайтов; актуализировать скриншоты и схемы, готовить документацию к локализации.  Мы ждём, что вы:  хорошо знаете SEO: отличаете Sitemap от robots.txt, description от tittle; знаете, что такое ранжирование и поведенческие факторы; умеете писать полезные, понятные и структурированные тексты на русском языке; готовы самостоятельно разбираться в нюансах, задавать вопросы и искать информацию; соблюдаете дедлайны, следуете стайлгайдам и инструкциям, не боитесь рутинной работы; работали с Вебмастером и системами контроля версий, знакомы с облегчёнными языками разметки — будет плюсом.  Для работы потребуются:  компьютер с операционной системой Windows 10 (сборка 1809) / macOS 11 / Ubuntu 16.04 / Debian-like &amp; Linux Kernel 4.4 или выше; оперативная память объёмом не меньше 8 ГБ, жёсткий диск объёмом не меньше 35 ГБ; стабильное интернет-соединение со скоростью не менее 20 Мбит/с.  Что мы предлагаем:  официальное трудоустройство, частичную занятость; удалённую работу и удобный график, который вы формируете сами (главное — уделять задачам от 4 часов в день и соблюдать дедлайны); стабильный доход, средний уровень которого при частичной занятости — от 40 000 рублей (на руки). Оплата труда сдельная, зависит от количества выполненных задач; возможности роста и развития; оплачиваемое онлайн-обучение перед стартом; оплату больничных и отпусков; онлайн-консультации врачей и страхование от несчастных случаев (подключаются через 3 месяца работы); компенсацию затрат на электричество и интернет; скидки от партнёров и на продукты Яндекса; дружную и активную команду, которая всегда поможет и подбодрит мемами в чате.         ",,UX-редактор,0,1-3
116838802,Технический писатель Справки Вебмастера (частичная занятость),"Приходите изучать возможности Вебмастера и готовить понятные инструкции для Справки. Если вы хорошо разбираетесь в SEO, умеете писать полезные тексты, хотите решать сложные задачи и помогать пользователям Вебмастера, направляйте отклик. Какие задачи вас ждут:  обновлять Справку сервиса и создавать новые инструкции, как применять инструменты Вебмастера для конкретных задач; общаться с командой сервиса и собирать информацию о продукте; консультировать других технических писателей по вопросам продвижения сайтов; актуализировать скриншоты и схемы, готовить документацию к локализации.  Мы ждём, что вы:  хорошо знаете SEO: отличаете Sitemap от robots.txt, description от tittle; знаете, что такое ранжирование и поведенческие факторы; умеете писать полезные, понятные и структурированные тексты на русском языке; готовы самостоятельно разбираться в нюансах, задавать вопросы и искать информацию; соблюдаете дедлайны, следуете стайлгайдам и инструкциям, не боитесь рутинной работы; работали с Вебмастером и системами контроля версий, знакомы с облегчёнными языками разметки — будет плюсом.  Для работы потребуются:  компьютер с операционной системой Windows 10 (сборка 1809) / macOS 11 / Ubuntu 16.04 / Debian-like &amp; Linux Kernel 4.4 или выше; оперативная память объёмом не меньше 8 ГБ, жёсткий диск объёмом не меньше 35 ГБ; стабильное интернет-соединение со скоростью не менее 20 Мбит/с.  Что мы предлагаем:  официальное трудоустройство, частичную занятость; удалённую работу и удобный график, который вы формируете сами (главное — уделять задачам от 4 часов в день и соблюдать дедлайны); стабильный доход, средний уровень которого при частичной занятости — от 40 000 рублей (на руки). Оплата труда сдельная, зависит от количества выполненных задач; возможности роста и развития; оплачиваемое онлайн-обучение перед стартом; оплату больничных и отпусков; онлайн-консультации врачей и страхование от несчастных случаев (подключаются через 3 месяца работы); компенсацию затрат на электричество и интернет; скидки от партнёров и на продукты Яндекса; дружную и активную команду, которая всегда поможет и подбодрит мемами в чате.         ",,UX-редактор,0,1-3
116838790,Технический писатель Справки Вебмастера (частичная занятость),"Приходите изучать возможности Вебмастера и готовить понятные инструкции для Справки. Если вы хорошо разбираетесь в SEO, умеете писать полезные тексты, хотите решать сложные задачи и помогать пользователям Вебмастера, направляйте отклик. Какие задачи вас ждут:  обновлять Справку сервиса и создавать новые инструкции, как применять инструменты Вебмастера для конкретных задач; общаться с командой сервиса и собирать информацию о продукте; консультировать других технических писателей по вопросам продвижения сайтов; актуализировать скриншоты и схемы, готовить документацию к локализации.  Мы ждём, что вы:  хорошо знаете SEO: отличаете Sitemap от robots.txt, description от tittle; знаете, что такое ранжирование и поведенческие факторы; умеете писать полезные, понятные и структурированные тексты на русском языке; готовы самостоятельно разбираться в нюансах, задавать вопросы и искать информацию; соблюдаете дедлайны, следуете стайлгайдам и инструкциям, не боитесь рутинной работы; работали с Вебмастером и системами контроля версий, знакомы с облегчёнными языками разметки — будет плюсом.  Для работы потребуются:  компьютер с операционной системой Windows 10 (сборка 1809) / macOS 11 / Ubuntu 16.04 / Debian-like &amp; Linux Kernel 4.4 или выше; оперативная память объёмом не меньше 8 ГБ, жёсткий диск объёмом не меньше 35 ГБ; стабильное интернет-соединение со скоростью не менее 20 Мбит/с.  Что мы предлагаем:  официальное трудоустройство, частичную занятость; удалённую работу и удобный график, который вы формируете сами (главное — уделять задачам от 4 часов в день и соблюдать дедлайны); стабильный доход, средний уровень которого при частичной занятости — от 40 000 рублей (на руки). Оплата труда сдельная, зависит от количества выполненных задач; возможности роста и развития; оплачиваемое онлайн-обучение перед стартом; оплату больничных и отпусков; онлайн-консультации врачей и страхование от несчастных случаев (подключаются через 3 месяца работы); компенсацию затрат на электричество и интернет; скидки от партнёров и на продукты Яндекса; дружную и активную команду, которая всегда поможет и подбодрит мемами в чате.         ",,UX-редактор,0,1-3
116838791,Технический писатель Справки Вебмастера (частичная занятость),"Приходите изучать возможности Вебмастера и готовить понятные инструкции для Справки. Если вы хорошо разбираетесь в SEO, умеете писать полезные тексты, хотите решать сложные задачи и помогать пользователям Вебмастера, направляйте отклик. Какие задачи вас ждут:  обновлять Справку сервиса и создавать новые инструкции, как применять инструменты Вебмастера для конкретных задач; общаться с командой сервиса и собирать информацию о продукте; консультировать других технических писателей по вопросам продвижения сайтов; актуализировать скриншоты и схемы, готовить документацию к локализации.  Мы ждём, что вы:  хорошо знаете SEO: отличаете Sitemap от robots.txt, description от tittle; знаете, что такое ранжирование и поведенческие факторы; умеете писать полезные, понятные и структурированные тексты на русском языке; готовы самостоятельно разбираться в нюансах, задавать вопросы и искать информацию; соблюдаете дедлайны, следуете стайлгайдам и инструкциям, не боитесь рутинной работы; работали с Вебмастером и системами контроля версий, знакомы с облегчёнными языками разметки — будет плюсом.  Для работы потребуются:  компьютер с операционной системой Windows 10 (сборка 1809) / macOS 11 / Ubuntu 16.04 / Debian-like &amp; Linux Kernel 4.4 или выше; оперативная память объёмом не меньше 8 ГБ, жёсткий диск объёмом не меньше 35 ГБ; стабильное интернет-соединение со скоростью не менее 20 Мбит/с.  Что мы предлагаем:  официальное трудоустройство, частичную занятость; удалённую работу и удобный график, который вы формируете сами (главное — уделять задачам от 4 часов в день и соблюдать дедлайны); стабильный доход, средний уровень которого при частичной занятости — от 40 000 рублей (на руки). Оплата труда сдельная, зависит от количества выполненных задач; возможности роста и развития; оплачиваемое онлайн-обучение перед стартом; оплату больничных и отпусков; онлайн-консультации врачей и страхование от несчастных случаев (подключаются через 3 месяца работы); компенсацию затрат на электричество и интернет; скидки от партнёров и на продукты Яндекса; дружную и активную команду, которая всегда поможет и подбодрит мемами в чате.         ",,UX-редактор,0,1-3
116838813,Технический писатель Справки Вебмастера (частичная занятость),"Приходите изучать возможности Вебмастера и готовить понятные инструкции для Справки. Если вы хорошо разбираетесь в SEO, умеете писать полезные тексты, хотите решать сложные задачи и помогать пользователям Вебмастера, направляйте отклик. Какие задачи вас ждут:  обновлять Справку сервиса и создавать новые инструкции, как применять инструменты Вебмастера для конкретных задач; общаться с командой сервиса и собирать информацию о продукте; консультировать других технических писателей по вопросам продвижения сайтов; актуализировать скриншоты и схемы, готовить документацию к локализации.  Мы ждём, что вы:  хорошо знаете SEO: отличаете Sitemap от robots.txt, description от tittle; знаете, что такое ранжирование и поведенческие факторы; умеете писать полезные, понятные и структурированные тексты на русском языке; готовы самостоятельно разбираться в нюансах, задавать вопросы и искать информацию; соблюдаете дедлайны, следуете стайлгайдам и инструкциям, не боитесь рутинной работы; работали с Вебмастером и системами контроля версий, знакомы с облегчёнными языками разметки — будет плюсом.  Для работы потребуются:  компьютер с операционной системой Windows 10 (сборка 1809) / macOS 11 / Ubuntu 16.04 / Debian-like &amp; Linux Kernel 4.4 или выше; оперативная память объёмом не меньше 8 ГБ, жёсткий диск объёмом не меньше 35 ГБ; стабильное интернет-соединение со скоростью не менее 20 Мбит/с.  Что мы предлагаем:  официальное трудоустройство, частичную занятость; удалённую работу и удобный график, который вы формируете сами (главное — уделять задачам от 4 часов в день и соблюдать дедлайны); стабильный доход, средний уровень которого при частичной занятости — от 40 000 рублей (на руки). Оплата труда сдельная, зависит от количества выполненных задач; возможности роста и развития; оплачиваемое онлайн-обучение перед стартом; оплату больничных и отпусков; онлайн-консультации врачей и страхование от несчастных случаев (подключаются через 3 месяца работы); компенсацию затрат на электричество и интернет; скидки от партнёров и на продукты Яндекса; дружную и активную команду, которая всегда поможет и подбодрит мемами в чате.         ",,UX-редактор,0,1-3
109487360,UX-редактор,"О командеМы расширяемся и ищем коллегу в команду UX-редакторов и редакторов коммуникаций Домклик.Наша аудитория: покупатели, продавцы, риелторы, застройщики, арендаторы, владельцы, а также сотрудники компании.Мы относимся к отдельной большой команде «Редакция», в которой собрались не просто профессионалы, а творческие и отзывчивые люди. Поддерживаем друг друга и всегда готовы помочь. Открыты для идей и предложений.Если вдруг у тебя появится желание, например, написать статью для журнала Домклик – это легко осуществить. Мы не ставим рамок. Чем предстоит заниматься  Работать с текстами для интерфейса, лендингов, опросов, скриптов, чат-бота, СМС, пушей, уведомлений и рассылок; Прорабатывать сценарии и логику интерфейса; Много общаться с дизайнерами, продактами, маркетологами и другими коллегами; Аргументировать свои решения, согласовывать тексты; Обновлять редполитику вместе с другими редакторами; Анализировать проделанную работ.  От вас мы ожидаем  Умение писать лаконично и понятно; Грамотность; Готовность отстаивать интересы пользователей; Базовые знаний Figma; Умение быстро переключаться между задачами;  Мы предлагаем  Работу в аккредитованной IT компании; Конкурентную заработную плату; Полис ДМС с первого месяца работы; Современную технику для работы; Корпоративный университет, онлайн-курсы для повышения квалификации, конференции, митапы; Фитнес-зал в здании офиса; Льготную программу ипотеки для сотрудников; Комфортный офис класса А в 5 минутах от станции метро и МЦК Кутузовская; Гибкое начало рабочего дня и возможность работать в гибридном или удаленном формате. ",,UX-редактор,0,3-6
109487362,UX-редактор,"О командеМы расширяемся и ищем коллегу в команду UX-редакторов и редакторов коммуникаций Домклик.Наша аудитория: покупатели, продавцы, риелторы, застройщики, арендаторы, владельцы, а также сотрудники компании.Мы относимся к отдельной большой команде «Редакция», в которой собрались не просто профессионалы, а творческие и отзывчивые люди. Поддерживаем друг друга и всегда готовы помочь. Открыты для идей и предложений.Если вдруг у тебя появится желание, например, написать статью для журнала Домклик – это легко осуществить. Мы не ставим рамок. Чем предстоит заниматься  Работать с текстами для интерфейса, лендингов, опросов, скриптов, чат-бота, СМС, пушей, уведомлений и рассылок; Прорабатывать сценарии и логику интерфейса; Много общаться с дизайнерами, продактами, маркетологами и другими коллегами; Аргументировать свои решения, согласовывать тексты; Обновлять редполитику вместе с другими редакторами; Анализировать проделанную работ.  От вас мы ожидаем  Умение писать лаконично и понятно; Грамотность; Готовность отстаивать интересы пользователей; Базовые знаний Figma; Умение быстро переключаться между задачами;  Мы предлагаем  Работу в аккредитованной IT компании; Конкурентную заработную плату; Полис ДМС с первого месяца работы; Современную технику для работы; Корпоративный университет, онлайн-курсы для повышения квалификации, конференции, митапы; Фитнес-зал в здании офиса; Льготную программу ипотеки для сотрудников; Комфортный офис класса А в 5 минутах от станции метро и МЦК Кутузовская; Гибкое начало рабочего дня и возможность работать в гибридном или удаленном формате. ",,UX-редактор,0,3-6
109487359,UX-редактор,"О командеМы расширяемся и ищем коллегу в команду UX-редакторов и редакторов коммуникаций Домклик.Наша аудитория: покупатели, продавцы, риелторы, застройщики, арендаторы, владельцы, а также сотрудники компании.Мы относимся к отдельной большой команде «Редакция», в которой собрались не просто профессионалы, а творческие и отзывчивые люди. Поддерживаем друг друга и всегда готовы помочь. Открыты для идей и предложений.Если вдруг у тебя появится желание, например, написать статью для журнала Домклик – это легко осуществить. Мы не ставим рамок. Чем предстоит заниматься  Работать с текстами для интерфейса, лендингов, опросов, скриптов, чат-бота, СМС, пушей, уведомлений и рассылок; Прорабатывать сценарии и логику интерфейса; Много общаться с дизайнерами, продактами, маркетологами и другими коллегами; Аргументировать свои решения, согласовывать тексты; Обновлять редполитику вместе с другими редакторами; Анализировать проделанную работ.  От вас мы ожидаем  Умение писать лаконично и понятно; Грамотность; Готовность отстаивать интересы пользователей; Базовые знаний Figma; Умение быстро переключаться между задачами;  Мы предлагаем  Работу в аккредитованной IT компании; Конкурентную заработную плату; Полис ДМС с первого месяца работы; Современную технику для работы; Корпоративный университет, онлайн-курсы для повышения квалификации, конференции, митапы; Фитнес-зал в здании офиса; Льготную программу ипотеки для сотрудников; Комфортный офис класса А в 5 минутах от станции метро и МЦК Кутузовская; Гибкое начало рабочего дня и возможность работать в гибридном или удаленном формате. ",,UX-редактор,0,3-6
109487361,UX-редактор,"О командеМы расширяемся и ищем коллегу в команду UX-редакторов и редакторов коммуникаций Домклик.Наша аудитория: покупатели, продавцы, риелторы, застройщики, арендаторы, владельцы, а также сотрудники компании.Мы относимся к отдельной большой команде «Редакция», в которой собрались не просто профессионалы, а творческие и отзывчивые люди. Поддерживаем друг друга и всегда готовы помочь. Открыты для идей и предложений.Если вдруг у тебя появится желание, например, написать статью для журнала Домклик – это легко осуществить. Мы не ставим рамок. Чем предстоит заниматься  Работать с текстами для интерфейса, лендингов, опросов, скриптов, чат-бота, СМС, пушей, уведомлений и рассылок; Прорабатывать сценарии и логику интерфейса; Много общаться с дизайнерами, продактами, маркетологами и другими коллегами; Аргументировать свои решения, согласовывать тексты; Обновлять редполитику вместе с другими редакторами; Анализировать проделанную работ.  От вас мы ожидаем  Умение писать лаконично и понятно; Грамотность; Готовность отстаивать интересы пользователей; Базовые знаний Figma; Умение быстро переключаться между задачами;  Мы предлагаем  Работу в аккредитованной IT компании; Конкурентную заработную плату; Полис ДМС с первого месяца работы; Современную технику для работы; Корпоративный университет, онлайн-курсы для повышения квалификации, конференции, митапы; Фитнес-зал в здании офиса; Льготную программу ипотеки для сотрудников; Комфортный офис класса А в 5 минутах от станции метро и МЦК Кутузовская; Гибкое начало рабочего дня и возможность работать в гибридном или удаленном формате. ",,UX-редактор,0,3-6
109487363,UX-редактор,"О командеМы расширяемся и ищем коллегу в команду UX-редакторов и редакторов коммуникаций Домклик.Наша аудитория: покупатели, продавцы, риелторы, застройщики, арендаторы, владельцы, а также сотрудники компании.Мы относимся к отдельной большой команде «Редакция», в которой собрались не просто профессионалы, а творческие и отзывчивые люди. Поддерживаем друг друга и всегда готовы помочь. Открыты для идей и предложений.Если вдруг у тебя появится желание, например, написать статью для журнала Домклик – это легко осуществить. Мы не ставим рамок. Чем предстоит заниматься  Работать с текстами для интерфейса, лендингов, опросов, скриптов, чат-бота, СМС, пушей, уведомлений и рассылок; Прорабатывать сценарии и логику интерфейса; Много общаться с дизайнерами, продактами, маркетологами и другими коллегами; Аргументировать свои решения, согласовывать тексты; Обновлять редполитику вместе с другими редакторами; Анализировать проделанную работ.  От вас мы ожидаем  Умение писать лаконично и понятно; Грамотность; Готовность отстаивать интересы пользователей; Базовые знаний Figma; Умение быстро переключаться между задачами;  Мы предлагаем  Работу в аккредитованной IT компании; Конкурентную заработную плату; Полис ДМС с первого месяца работы; Современную технику для работы; Корпоративный университет, онлайн-курсы для повышения квалификации, конференции, митапы; Фитнес-зал в здании офиса; Льготную программу ипотеки для сотрудников; Комфортный офис класса А в 5 минутах от станции метро и МЦК Кутузовская; Гибкое начало рабочего дня и возможность работать в гибридном или удаленном формате. ",,UX-редактор,0,3-6
115260645,UX-редактор,"Чем предстоит заниматься:  Работать над программой лояльности для b2b-клиентов: писать тексты интерфейса, разрабатывать шаблоны для других редакторов и участвовать в исследованиях; Работать совместно с продактами и дизайнерами над продуктами программы лояльности для клиентов b2b; Писать и согласовывать с заказчиком тексты для интерфейсов.  Наши пожелания к кандидатам:  Опыт работы UX-редактором от года (не фриланс, идеально - опыт в финтехе); Умение улучшать не только тексты, но и логику, структуру флоу; Любовь к клиентам и умение вставать на их место, когда работаешь с макетом (мы часто ведём задачи в связке с исследователями, поэтому доступ к инсайтам от пользователей всегда есть); Готовность мягко, но твёрдо отстаивать хорошие тексты перед заказчиками; Самостоятельность и нацеленность на улучшения без внешнего давления.  Что мы предлагаем:  Стабильный и прозрачный доход: размер заработной платы обсуждается по итогам собеседования; Пятидневная рабочая неделя: с 9.00 до 18.00 и в пятницу у нас сокращенный рабочий день; Команда работает в гибком формате — можно быть в любом городе, а можно, если ты в Москве или Питере, приезжать в офис; Много свободы и ответственности, чтобы улучшать не только тексты, но и сами продукты. А ещё — артефакты и паттерны, налаженные процессы и поддержка объединённой команды редакторов (b2b&amp;b2c); Среда для твоего неизбежного развития: тебя ждут сложные и интересные задачи с использованием большого массива данных, у нас регулярно проходят тренинги, вебинары, у тебя будет доступ к бесплатным корпоративным библиотекам Альпины, МИФа и бизнес - изданий, скидки на курсы иностранных языков; Карьерный рост: ты будешь понимать, что нужно сделать для перехода на другой уровень; Забота о твоем здоровье: программа ДМС, куда входит стоматология и обслуживание в лучших клиниках города, скидки на абонементы в фитнес-клубы, неформальные спортивные сообщества; Возможности для разнообразного досуга: скидки на услуги туристических агентств, продукты питания, в рестораны и бары, в магазины и салоны красоты; Удобное рабочее место: наш современный офис находится в банковском кластере на метро Технопарк. Рядом большой выбор кафе и ресторанов, где ты сможешь разнообразно пообедать с коллегами, сменить обстановку и “перезагрузиться”.  Пожалуйста, приложите к отклику ваше портфолио.</p>",Любовь к своему делу;Написание и редактирование текстов;Продажи;Работоспособность;Самостоятельность;Управление лояльностью клиентов,UX-редактор,0,1-3
112448824,UX-копирайтер в Авто.ру,"Авто.ру создаёт команда, которая любит машины и разбирается в них. И мы ищем копирайтера, в котором эта тема тоже зажигает искру. Вам предстоит разговаривать от лица сервиса с автолюбителями и профессионалами: просто рассказывать о сложном, разбираться в целях сервиса, понимать, зачем появляются новые фичи, придерживаться TOV и редполитики. И не в одиночку, а в понимающей команде редакторов.   Что предстоит делать:  Создавать тексты для маркетинга В2С: баннеры, письма, пуши, промостраницы и т.д. Объяснять простым языком сложные B2B-инструменты Создавать продуктовые тексты для новых и существующих страниц: нескучные, но понятные и ведущие пользователя к цели короткой дорогой Вместе думать над новыми контентными креативными механиками и заходами Работать с трекером и Figma (в рамках текстов) Общаться с дизайнерами и продуктом Слушать юристов и маркетологов Вникать в особенности запуска и тонкости продукта    Мы ждём, что вы:  Вы раньше работали с продуктовыми или маркетинговыми текстами Вы понимаете, зачем нужен СТА и почему «Что-то пошло не так» — не лучший текст для 404 Вы раньше писали не только лонгриды или посты в соцсети Уже работали в автомобильной тематике или увлекаетесь автомобилями Вы задаете вопросы и открыты к диалогу    ​​​",Figma;Знание основ в области маркетинга;Коммуникативная грамотность;Навыки оценки эффективности рекламных инструментов;Оценка эффективности рекламных инструментов;Продажи,UX-редактор,0,3-6
112449068,UX-копирайтер в Аренду,"Мы ищем копирайтера, который умеет говорить просто о сложных вещах. Вам предстоит разговаривать от лица сервиса с собственниками и жильцами: разбираться в целях и задачах сложного технологичного сервиса, понимать, зачем появляются новые фичи, придерживаться TOV и редполитики. И не в одиночку, а в понимающей команде редакторов.   Что предстоит делать:  Создавать тексты для маркетинга: баннеры, письма, пуши, промостраницы и т.д. Рассказывать простым и живым языком про сложные технологии и процессы Создавать продуктовые тексты для новых и существующих страниц: нескучные, но понятные и ведущие пользователя к цели короткой дорогой Вместе думать над новыми контентными креативными механиками и заходами Работать с трекером и Figma (в рамках текстов) Общаться с дизайнерами и продуктом Слушать юристов и маркетологов Вникать в особенности запусков и тонкости продукта    Мы ждём, что вы:  Вы раньше работали с продуктовыми или маркетинговыми текстами Вы понимаете, зачем нужен СТА и почему «Что-то пошло не так» — не лучший текст для 404 Вы знаете, что такое канцелярит и алармизм Вы умеете принимать правки без боли в сердце и знаете, что ТОВ важнее хорошей шутки Вы задаёте вопросы и открыты к диалогу   ",Figma;Знание основ в области маркетинга;Коммуникативная грамотность;Навыки оценки эффективности рекламных инструментов;Оценка эффективности рекламных инструментов,UX-редактор,0,3-6
115617180,UX-редактор,"Магнит — одна из крупнейших розничных сетей России, которая активно наращивает темпы в айти. Наши продуктовая редакция пишет тексты для Магнита, Магнит Маркета и дискаунтеров В1. Задач становится больше, поэтому мы расширяем команду и сейчас в поисках опытного UX-редактора, который сможет работать с пользовательскими сценариями любой сложности. Чем ты будешь заниматься:  писать тексты для интерфейсов приложения и сайта, иногда заниматься и другими форматами: сервисными пушами, лендингами, баннерами и сторис; выстраивать тесное взаимодействие с продуктовой командой; анализировать и улучшать редакторские процессы; брать или инициировать стратегические задачи редакции и вести их до результата; поддерживать и развивать голос бренда и редполитику.  Мы ожидаем:  опыт работы с продуктовыми текстами не меньше полутора лет, лучше — дольше; умение аргументировать и отстаивать свою точку зрения, не скатываясь в менторский тон; опыт работы с Figma, Miro, Notion и таск-менеджерами а-ля Jira; самостоятельность и приверженность качеству; грамотность и любовь к типографике.  Мы предлагаем:  работу в сильной продуктовой культуре с командой с большим опытом в ecom, логистике и развитии маркетплейсов; возможность работать удалённо или в уютном офисе в 7–8 минутах ходьбы от м. Белорусская в бизнес-центре «Большевик»; понятные и достижимые цели с квартальными премиями; ДМС со стоматологией после испытательного срока, скидки на изучение языков, спорт и другие категории; технику для работы. ",Atlassian Jira;Figma;Грамотная речь;Графический дизайн;Любовь к своему делу;Написание и редактирование текстов;Работа в команде;Самостоятельность;Умение обосновывать свою позицию;Управление проектами,UX-редактор,0,1-3
108319183,UX-писатель,"IT-команда Wazzup приглашает в команду UX-/продуктового писателя. Кто мы? Wazzup — продуктовая компания, мы разрабатываем b2b SaaS-решение: организовываем переписку между компаниями и их клиентами. Наш сервис помогает экономить время продавцов, контролировать отдел продаж и сокращать отвал клиентов. Как живем? Даем менеджерам большую свободу действий. Максимально избегаем бюрократии и предоставляем простой доступ ко всем участникам команды от технических специалистов до руководства компании. Прислушиваемся к инициативам и предложениям сотрудников. Почему живем хорошо? Мы уже сейчас операционно прибыльная компания, не живем на деньги ангелов и инвесторов. Вопрос «Полетит стартап или не полетит?» не стоит. Он не только полетел, но и обогнал конкурентов, хотя мы запустились позже других компаний на рынке. Чем придется заниматься?  Писать новые и улучшать существующие тексты в интерфейсе Wazzup; Готовить понятные инструкции для пользователей сервиса, публиковать их на сайте и следить за актуальностью статей; Писать и рассылать новости об изменениях в продукте; Анализировать обратную связь, чтобы делать еще более полезный контент; Поддерживать наш Tone of Voice; Много общаться с коллегами из разных отделов: брифовать, собирать фактуру, согласовывать решения; Придумывать вместе с командой, как сделать продукт круче и удобнее.  ​​​​​​​​​​​​​​​​​​​​​Что ожидаем от вас?  Имеете опыт на аналогичной должности или должности редактора от 2 лет; Умеете просчитывать поведение пользователя в различных ситуациях; Умеете выстраивать эффективный путь для достижения цели пользователем; Готовы брать ответственность за результат и контролировать качество готового продукта; Умеете писать тексты на заданную тему, разной длины и разного стиля, понимаете, какой тон нужен в зависимости от контекста; Знаете английского на уровне B1-B2 (необходимо понимать язык, чтобы выбрать лучший перевод); Умеете работать с Figma на уровне: собрать прототип, поменять текст в блоках; Знаете, что такое инфостиль и мир читателя; Готовы к рутинным задачам.  Как будем работать?   Человеческие условия. Сорокачасовая рабочая неделя на удаленке или в московском офисе. Оплачиваемый отпуск, больничный.   Оклад 120 000 руб. до вычета + KPI 35 000 руб. до вычета (KPI: скорость закрытия задач и качество).   Человеческое отношение. В команде нет винтиков, шестеренок и гаечек, есть только люди. С пониманием относимся к потребностям и проблемам каждого. Если что-то нужно: поддержка, психолог, обучение, лечение — поможем. Такой вот соцпакет.   Возможность внести лепту в завоевание мира :)   Как попасть в лучшую компанию во Вселенной? Откликайтесь на вакансию и ждите нашего ответа, мы расскажем, что делать дальше.",Figma;Знание английского языка;Контроль качества;Написание и редактирование текстов;Ответственность;Разработка пользовательских сценариев;Целеустремленность,UX-редактор,137500,1-3
117197854,UX редактор,"Привет! Мы — команда, которая разрабатывает удобные и функциональные сервисы для работы службы поддержки Сбера. С их помощью 7 000 специалистов обрабатывают 3 млн звонков и 300 000 чатов в месяц, а также отвечают на 600 000 сложных вопросов в бэке. Сейчас мы ищем UX-редактора, чтобы вместе делать лучше тексты для сервиса, который связывает продукт и его пользователей через специалистов службы поддержки.Обязанности  Писать и вычитывать тексты для интерфейсов Просто и дружелюбно пишет о сложном Участвовать в разработке сценариев вместе с дизайнерами и продактами Тестировать решения в интерфейсах при необходимости, в т.ч. проводить исследования самостоятельно или вместе с исследователями Работать над редполитикой — развивать и внедрять её в процессы команд Проверять тексты других команд на соответствие редполитики Требования  Опыт работы в продуктовой команде больше года Понимаешь жизненный цикл создания цифровых продуктов, мобильные интерфейсы, web и специфику текстов для этих каналов Знаешь современные тренды ToV в финтехе Знаком с базовыми принципами UX/UI Владеешь базовыми навыками работы в Figma или аналогах; готов быстро изучать новое ПО при необходимости Умеешь объяснять и отстаивать свои решения, в том числе опираясь на данные и результаты исследований Следуешь редполитике и тональности, следить за их актуальностью Опыт работы с исследованиями. Можешь организовать и провести исследование пользовательского опыта и использовать результаты в работе. Условия  Официальное трудоустройство согласно ТК РФ Белая заработная плата (оклад + годовая премия) Страхование (от несчастных случаев, ДМС) Оздоровительные программы для детей сотрудников Возможность обучения за счет компании Выплаты материальной помощи в особых/чрезвычайных случаях; Дисконт-программы от компаний партнеров (фитнес, страхование, туризм) Льготное кредитование Корпоративные цены на абонементы в крупные фитнес-сети Бесплатный тренажерный зал на территории офиса Офис на Кутузовском, 32, возможен гибридный график ",Figma;UI/UX Дизайн;Коммуникативная грамотность;Работа в команде;Разработка банковских бизнес решений,UX-редактор,0,3-6
117136240,Middle recruiter (non it) / Ведущий менеджер по подбору персонала,"Команда рекрутмента Цифровых Активов Газпром Медиа Холдинга (RUTUBE, PREMIER, Yappy и другие) в поисках ведущего диджитал рекрутера. Подробнее про наши основные проекты: RUTUBE - национальный российский видеохостинг. На сервисе собраны различные категории видео: премьерные выпуски шоу и сериалов, прямые эфиры телеканалов, фильмы и мультфильмы, контент видеоблогеров.PREMIER - онлайн-кинотеатр с эксклюзивным контентом разных жанров и форматов. Медиатека платформы предлагает подписчикам оригинальные сериалы, а также лучшие проекты развлекательных и спортивных телеканалов холдинга «Газпром-медиа».Yappy - приложение вертикальных видео. Команда работает над уникальным продуктом, который ежедневно используют миллионы людей. В Yappy создают новые технологии, находят нестандартные решения и прокачивают компетенции в области разработки. Обязанности:  Ведение полного цикла рекрутинга; Активный поиск и привлечение специалистов направлений: digital, media и бэк-офис из различных источников; Регулярная коммуникация с командой для четкого понимания потребностей и требований, а также установление доверительного взаимодействия с заказчиками; Ведение CRM-системы (Е-Staff) и подготовка отчетности по подбору персонала.  Требования:  Опыт работы в digital (non it)-рекрутинге от 2 лет; Отличные коммуникативные навыки и способность работать в команде; Ориентированность на результат и желание развиваться в профессии; Умение работать в режиме многозадачности.  Что мы предлагаем:  Опыт работы в крупнейшем медиахолдинге страны; Работу в команде профессионалов и творческих людей; Достойный уровень дохода (обсуждается индивидуально с каждым кандидатом); ДМС со стоматологией; Скидки от компаний-партнеров; Фрукты, завтраки, фрэш-бар, массажные кресла; Гибкое начало рабочего дня; Гибридный график присутствия в офисе; Уютный офис в 5 минутах от станции метро Сокол. ",HR-аналитика;Ведение отчетности;Взаимодействие с клиентами и заказчиками;Желание развиваться;Коммуникативная грамотность;Многозадачность;Подбор персонала;Работа в CRM-системах;Работа в команде;Управление персоналом;Целеустремленность,UX-редактор,0,1-3
111536038,"Инженер технической поддержки (Linux, IPTV, OTT)","Эрливидео - аккредитованная российская IT-компания, основанная программистами в 2010 году. Мы являемся одним из ведущих мировых разработчиков ПО в сегменте рынка приема, транскодирования, хранения, защиты и доставки видео, а также предоставляем готовое комплексное решение для организации сервиса видеонаблюдения любых масштабов. В 2021 и 2022 году мы вошли в ТОП-50 технологических компаний, имеющих наибольшее значение для индустрии онлайн-видео в мире” по версии StreamingMedia.com. Мы являемся резидентом “Сколково”. Наш софт используют более чем в 100 странах мира для организации IPTV, VSaaS, бродкастинга и других проектов, связанных с транспортировкой видео в сети. Нас выбирают IBM, Fox, NBC Universal, Canal+, Moldtelecom, Balitower, Лукойл, Московские городские суды и другие коммерческие и государственные организации.   Сейчас мы ищем инженера в нашу команду, который будет помогать нашим клиентам с запуском и эксплуатацией наших продуктов. К нам в поддержку обращаются как опытные системные администраторы IPTV-сервисов, инженеры интеграторов, программисты, интегрирующие наше ПО в свои решения, так и начинающие пользователи Linux, кто впервые запускает видео-сервисы у себя в компании.   Перед откликом просьба ознакомится с нашим сайтом и документацией, тогда мы сможем более предметно пообщаться - flussonic.ru. От кандидата мы ожидаем уверенные навыки администрирования Linux-серверов, базовое понимание работы видео, на примере IPTV/OTT, или, например, видеонаблюдения или геймстриминга.   Рабочий день инженера поддержки состоит по большей части в диагностике сложных случаев, работы в лабе, взаимодействию с разработкой, предложении клиенту решений, сбором информации. Что предстоит делать: В первую очередь, работать с входящими обращениями от наших клиентов (мы общаемся с клиентами через тикетную систему на английском и русском языках). Какие навыки, умения и знания мы ожидаем от кандидата:  Отличные коммуникативные навыки, умение четко сформулировать задачу в письменном виде; Стрессоустойчивость (динамичная среда при работе с клиентами в службе поддержки); Уверенный уровень английского языка (поддержка клиентов в тикетах, чтение тех. документации); Навыки администрирования Linux-систем, умение искать, находить и исправлять неисправности, читать логи; Готовность к постоянному самообучению (продукты постоянно совершенствуются, добавляются новые функциональности); Работа в команде с высоким уровнем взаимодействия.    Будет большим плюсом:  Знание языков программирования; Понимание принципов работы IPTV сервисов; Опыт работы с сетевыми видеотрансляциями.    Мы предлагаем:  Комфортные условия работы: оформление по ТК РФ, гибкий график 5/2, отсутствие дресс-кода, просторный офис. Выбор техники для работы; Достойный уровень заработной платы, который зависит от ваших знаний и навыков; Постоянную заботу о здоровье: ДМС СК “ВСК”, которая включает стоматологию, страховку от НС и лечение онкологии. За счет компании вы получите возможность посещения фитнес-клуба, корпоративные обеды, вкусный кофе, напитки, снеки и всегда свежие фрукты; Широкие возможности профессионального развития, посещения всероссийских и международных конференций, особые условия для изучения иностранных языков, и так как мы дружим с западными компаниями, есть возможность практиковать свой английский; Интересные корпоративные мероприятия, командные выезды, участие в интеллектуальных играх. Еще мы помним о ваших детях и дарим подарки на новый год. ","Python;Администрирование серверов и рабочих станций;Базовая работа с Linux;Знание английского языка;Знание русского языка;Компьютерные сети, маршрутизация, протоколы",UX-редактор,150000,3-6
115495835,Старший UX-редактор,"Приглашаем на работу в нашу большую команду для работы на проектах крупнейшего российского банка, который активно развивает цифровые сервисы.Наша небольшая UX-редакция отвечает за все тексты в приложении и интернет-банке для физических лиц, но иногда мы помогаем командам из экосистемы банка. Мы уже написали гайды и выстроили процессы, и сейчас ищем человека, который поможет нам поддерживать и развивать эту систему. Обязанности:  Писать и проверять тексты интерфейсов для приложения, интернет-банка и сайта с учетом нашей редполитики и Tone of Voice; Писать посты для нашего редакторского телеграм-канала, иногда помогать командам с релиз ноутс, сервисными письмами, пушами и СМС; Участвовать в исследованиях, развивать имеющиеся гайды по текстам и создавать новые. У нас есть большая цель — обучить дизайнеров и команды писать более качественные тексты.  Требования:  Опыт работы с текстами интерфейсов от 1 года — не обязательно в финтехе, но это будет плюсом; Понимание, как поддерживать нужный Tone of Voice в разных каналах и ситуациях; Умение работать в команде, спокойное отношение к аргументированным правкам и длительным согласованиям; Системное мышление, умение самостоятельно вести задачи и готовность иногда налаживать процессы; Понимание, как проверить свое решение. Не страшно, если нет опыта участия в исследованиях — важно, чтобы было представление о том, как и когда их можно использовать; Наличие портфолио.  Работа только на территории РФ.</p>",Работа в команде;Системное мышление;Управление персоналом,UX-редактор,0,1-3
109856900,UX-редактор,"Сейчас мы ищем мидла или синьора, который усилит нашу команду UX-редакторов. Будет плюсом, если у тебя есть опыт менторства. Чем предстоит заниматься:  Писать UX-тексты для команды Купера Продумывать логику фичей вместе с дизайнерами Участвовать в исследованиях, тестировать тексты Синкаться с другими UX-редакторами, участвовать в командных встречах Выстраивать процесс работы с продуктовыми командами Ревьюить тексты младшего редактора, помогать расти и следить за мотивацией сотрудника  Что мы ожидаем от тебя:  Как минимум полтора года работаешь UX-редактором Знаешь, как выстраивать процесс работы с продуктовыми командами Имеешь опыт исследований Умеешь аргументировать решения, но можешь принять другую точку зрения, если аргументы коллег сильнее Не забываешь, что текст должен нести пользу для клиента ",UI/UX Дизайн;Написание и редактирование текстов;Работа в команде;Умение принимать решения,UX-редактор,0,1-3
107753280,UX-редактор,"RUTUBE — крупнейший российский видеохостинг, где собраны премьерные выпуски шоу и сериалов, прямые эфиры телеканалов, фильмы и мультфильмы, контент видеоблогеров. Мы стремимся сделать лучший видеосервис на базе высокотехнологичных решений, исследований и аналитики, который позволит смотреть качественный лицензионный контент, адаптированный под каждого пользователя. Сейчас мы ищем UX-редактора уровня middle+, способного быстро погрузиться в новые задачи и усилить нашу команду. Обязанности: • Писать и редактировать тексты в интерфейсах сайта и приложений; • Предлагать идеи, чтобы улучшить путь пользователя — анализировать интерфейс, думать над логикой, адекватностью флоу, визуалом и объёмом текста; • Ревьюить интерфейсы перед выкаткой или исследованиями; • Задавать много вопросов коллегам и развёрнуто аргументировать свои решения; • Писать тексты рассылок и опросов, release notes; • Поддерживать и развивать ToV и редполитику; • Работать в дружной связке с дизайнерами, CJE и продактами; • Общаться с UX-исследователями, аналитиками, тестировщиками и разработчиками, чтобы докопаться до сути. Требования: • Опыт работы UX-редактором или редактором в продуктовой команде от 1 года; • Знание основ текстов в интерфейсе и умение их применять; • Понимание, чем интерфейсные тексты отличаются от маркетинговых; • Врождённая грамотность и дотошность; • Здоровый перфекционизм; • Любовь к людям, словам и букве Ё; • Самостоятельность; • Умение объяснять сложное простым языком; • Готовность выполнить тестовое. Условия: • Работа над крупнейшим видеосервисом страны; • Гибридный график; • Команда профессионалов и творческих людей, которое по-настоящему любят своё дело; • Достойный уровень дохода — обсуждаем индивидуально; • ДМС с самого первого дня работы; • Фрукты, овощи и вкуснейший кофе каждый день; • Гибкое начало рабочего дня.",,UX-редактор,0,1-3
111552055,Middle+ UX-редактор,"Ищем сильного редактора интерфейсов в Точку. Мы — финтех-компания, создаём онлайн-банк и другие сервисы для предпринимателей и предприятий.   У нас уютное комьюнити UX-редакторов, чётко прописанный TOV, гайды и библиотеки, которые формируют почти готовую контент-дизайн-систему. Наши редакторы много пользуются документами дизайнеров, потому что глубоко погружаются в проектирование и разработку. Мы ждём, что кандидат будет бороться за согласованность языка Точки в интерфейсах и всячески помогать в разработке сервисов. О команде Тебе предстоит работать с внешнеэкономической деятельностью: разными видами валютных операций, импортом, конвертацией валюты и другими сервисами, которые создаёт команда ВЭД. В текущей реальности со всеми её ограничениями и санкциями бывает непросто объяснить клиенту все нюансы, поэтому редактор команде нужен несгибаемый и опытный. Что делать   Писать тексты для продуктов ВЭД: работать с интерфейсами, рассылками, уведомлениями и баннерами.   Искать решения вместе с продактами, дизайнерами и UX-исследователями, подключаться к разработке продукта с самого начала.   Предлагать и отстаивать изменения, если мнения в команде расходятся или предлагаемое решение может негативно повлиять на клиентский опыт.   Следить за консистентностью формулировок в похожих продуктах.   Ты подойдёшь, если    Есть релевантный опыт в сфере UX-редактуры от двух лет.   Твой грейд — Middle+ и выше.   Понимаешь, как создаётся продукт, как решаются задачи продукта с помощью текста, как выстраивается работа с продакт-оунерами и дизайнерами.   Умеешь редактировать текст прямо в Фигме и ничего не ломать.   Знаешь, как следовать TOV в коммуникациях разного формата.   Можешь организовать свою работу и делаешь то, что нужно, без контроля и напоминаний.   Легко находишь общий язык с людьми и можешь говорить просто о сложных вещах.   Здорово, если у тебя есть опыт работы с ВЭД — это будет твоим преимуществом. Что ждёт тебя в Точке    Официальная зарплата от 150 000 ₽. Точная сумма зависит от твоих навыков и ожиданий — обсудим их на собеседовании.   Пятидневная рабочая неделя с гибким началом и окончанием дня.   Удалёнка или работа в офисе Точки в городах присутствия. Наши офисы — это продуманные опенспейсы, где есть индивидуальные места для работы, зоны отдыха и кухни с кофе и перекусами. Ты можешь самостоятельно выбрать, где работать — ходить в офис необязательно.   Возможность работать по-своему. Никто не будет трекать время и контролировать каждое действие. Делаем так, чтобы каждый был услышан и мог влиять.   Продуманная адаптация и команда, с которой легко работать.     Бесплатное обучение: курсы за счёт компании, своя библиотека и платформа с онлайн-обучением. Есть как собственные программы, так и партнёрские.   Комфорт не только в работе, но и в жизни. После испытательного срока: ДМС со стоматологией, психолог и чекапы здоровья.   Бонусы от партнёров: Skillbox, Skyeng, Яндекс Практикум, Ясно и других.   Онлайн-кабинет сотрудника, где ты можешь заказать справку, поставить отпуск или отгул, заказать технику или посмотреть выплаты.   Активная корпоративная жизнь: устраиваем кинопоказы, спортивные марафоны и корпоративы, которые потом ещё долго вспоминают.  ",Figma;UI/UX Дизайн;UI/UX Исследования;Анализ потребителей;Внешнеэкономическая деятельность;Исследование клиентского опыта;Коммуникативная грамотность;Написание и редактирование текстов;Проведение валютных операций;Умение принимать решения;Управление персоналом;Управление продуктом,UX-редактор,150000,3-6
108672575,UX-редактор,"IT-компания Selecty в активном поиске UX редактора для участия в развитии сервисов банка, входящего в ТОП-5 банков России В ГК Selecty более 100 IT-проектов и 100+ IT-рекрутеров. C 2013 года успешно решаем задачи любой сложности в рамках цифровой трансформации для крупного бизнеса. Обязанности:  Писать простые и понятные тексты для интерфейсов, пушов и писем (интерфейсные тексты, разделы, пояснения, ошибки и т.д.) Помощь в написании и редактировании текстов для внутренних коммуникаций (release notes, презентаци, внутренние рассылки) Работать в связке с дизайнерами и продуктовыми менеджерами Совместно находить решения, как для отдельных экранов и элементов, так и для цельных сценариев. Участвовать в исследованиях и использовать результаты для написания текстов Создавать редполитику Tone of Voice, поддерживать и внедрять их в сервисы подразделения Периодически проводить аудит продуктов и проактивно предлагать улучшения Помощь в написании и редактировании текстов для внутренних коммуникаций (release notes, презентации, внутренние рассылки)  Требования:  Опыт от 1,5 лет в качестве UX-редактора Портфолио с примерами работ, показывающие влияние текста на результаты бизнеса Приветствуется опыт работы с продуктовой командой: продактами, дизайнерами, аналитиками, исследователями Умение объяснять сложные вещи простым языком Умение аргументировать и защищать свои решения Желание учиться и делать свою зону ответственности ещё лучше  Условия:  Стабильный и прозрачный доход: размер заработной платы обсуждается по итогам собеседования Возможность работать полностью удаленно Сложные и интересные задачи, современный стек технологий ДМС  Корпоративная жилищная программа  ",Аудит;Желание развиваться;Коммуникативная грамотность;Написание и редактирование текстов;Обучаемость и адаптивность;Работа в команде;Умение выражать и формулировать мысли;Умение принимать решения,UX-редактор,0,1-3
116036212,UX-writer,"Вот несколько фактов о продукте, которые могут заинтересовать:   Мультиязычный продукт, который используют в разных странах по всему миру;   Работа по Scrum методологии, без микроменеджмента;   У нас можно предлагать решения и влиять на результат.   Мы ищем UX Writer’a, который будет работать над торговой платформой и сможет эффективно помочь командам разработчиков и контента выстроить коммуникацию с пользователями через веб-интерфейсы и приложения, лендинги и прямое общение. В работе предстоит продумывать пользовательский опыт и влиять на процесс разработки с самых ранних этапов. Вам предстоит:   Работа с несколькими командами в поставке текстов для интерфейсов торговой платформы на вебе и в мобильных приложениях;   Проектирование и поддержка сложных интерфейсов: простраивание логики, редактирование, ревью, контроль за соблюдением текстового стандарта в интерфейсах;   Приведение текстов в интерфейсах к консистентному виду;   Взаимодействие с менеджерами по переводам: запрос переводов, проверка переводов на требования к интерфейсу;   Консультирование коллег по положениям текстового стандарта.   Что мы ждем от будущего коллеги:   Опыт проектирования и поддержки сложных интерфейсов для SaaS продуктов, мобильных приложений;   Опыт микрокопирайтинга;   Опыт тестирования интерфейсных решений;   Понимание тонкостей tone-of-voice;   Письменный английский от С1.   Будет плюсом:   Умение быстро самостоятельно погружаться в разные предметные области и переключаться между задачами;   Опыт работы с локализацией.   Мы предлагаем:  Работу на международные рынки; Релокационный пакет; Гибридный график работы в СПб или других офисах компании (2 дня из офиса); Поддержку и содействие в профессиональном росте (семинары, курсы, тренинги, внутреннее обучение); Подключение к ДМС со стоматологией (включая супруга/супругу и детей); Бесплатные обеды и кофе-поинты в офисе; Обучение английскому языку в группах с корпоративным преподавателем; Частичную компенсацию спортивно-оздоровительных мероприятий (спорт, йога, бассейн и тд.) и занятий с психологом после испытательного срока; Предоставление рабочей техники на выбор (MacOS или Windows).  Присылай резюме с портфолио, мы тебя очень ждем!","Figma;UI/UX Дизайн;UI/UX Исследования;Взаимодействие с клиентами и заказчиками;Знание английского языка;Использование моделей IaaS, PaaS, SaaS;Коммуникативная грамотность;Консультирование и ведение клиентов;Работа в команде",UX-редактор,0,3-6
117141773,Редактор/UX-редактор,"Мы ищем редактора в команду виртуального помощника. Финс — это голосовой и текстовый ассистент, который помогает нашим клиентам лучше справляться со своими задачами в приложениях БКС Мир инвестиций и БКС Банк. В основном вы будете писать сценарии для Финса, гораздо меньше будет интерфейса в чистом виде. Вы будете работать в выделенной продуктовой команде с дизайнером, исследователем и еще одним редактором, но внутри редакции вместе с другими UX-писателями. Такая расстановка сил позволяет делиться экспертизой в текстах, жить в едином информационном поле и при этом иметь глубокое погружение в работу своей команды. Мы ожидаем, что ваш уровень миддл или сеньор. Будет плюсом, если есть опыт работы с диалоговыми системами: чат-ботах, голосовых и текстовых помощниках. Классно, если есть опыт работы в финтехе или с текстами о бизнесе, финансах, экономике. Если такого нет — мы можем научить, главное, интерес к теме и готовность разбираться. Откликайтесь, если узнаете себя в описании! Чем предстоит заниматься:  Писать простые и понятные тексты, включая креативные — там, где это может быть уместно; Проектировать сценарии вместе с командой помощника; Улучшать пользовательский опыт, ориентируясь на метрики; Разбираться в сценариях интерфейса и продуктах Мира инвестиций; Соблюдать Tone Of Voice и гайды редакции.  Наши ожидания:     Вы грамотны и можете работать без корректора;   Вы хорошо подмечаете все нелогичное и можете не только предложить изменения, но и взять на себя ответственность по исправлению;  Вы самостоятельны, но при этом можете работать в команде; Умеете аргументировать свою точку зрения и договариваться; Вы видите ценность в своей работе и понимаете, как, с одной стороны, доносить пользу до клиентов, а с другой, учитываете потребности бизнеса.  ​​​​​​Мы предлагаем:  Классную команду, в которой важно мнение каждого;  Работу среди профессионалов финансового рынка;  Насыщенную корпоративную жизнь; Возможность карьерного роста и профессионального развития; Стабильный конкурентный доход; Оформление согласно ТК РФ; График работы 5/2 с 9:30 до 18:00 (обсуждаемо); Возможность работать удаленно; ДМС, корпоративные скидки и предложения для сотрудников. ",Грамотная речь;Ответственность;Работа в команде;Разработка чат-ботов;Самостоятельность;Умение обосновывать свою позицию,UX-редактор,0,1-3
115435930,Редактор / UX писатель,"Мы предлагаем:  Оформление по ТК РФ  График работы 5/2, с 10:00 до 19:00 или 11:00 до 20:00  Комфортабельный офис в центре Москвы Корпоративные скидки и партнерские программы, ДМС после прохождения испытательного срока  Задачи:  Создание UX-текстов:Разработка и написание текстов для скриптов операторов, FAQ, интерактивных голосовых ответов (IVR) и других пользовательских интерфейсов Редактирование и корректура:Редактирование существующих текстов с учетом отзывов пользователей и операторов, улучшение их структуры и формулировок Проведение качественной корректуры текстов для устранения грамматических и стилистических ошибок Исследование пользователей:Участие в опросах и интервью с клиентами и операторами для понимания их потребностей и ожиданий Анализ пользовательского опыта и предложений по улучшению текстов.Кросс-функциональное взаимодействие: Сотрудничество с дизайнерами, разработчиками и менеджерами по продукту для создания целостного и эффективного пользовательского опыта  Пожелания к кандидатам:  Высшее образование в области лингвистики, журналистики, рекламы или сопутствующих дисциплин Опыт работы в качестве UX писателя или редактора, желательно в колл-центре или сфере обслуживания клиентов Знание основ пользовательского опыта (UX) и принципов когнитивной психологии ",UI/UX Дизайн;Автоматизация бизнес-процессов;Анализ потребителей;Грамотная речь;Знания в области общей психологии;Информационная грамотность;Исследование клиентского опыта;Написание и редактирование текстов;Написание статей;Проведение интервью;Продажи,UX-редактор,0,3-6
107150761,UX-писатель/UX-редактор,"ТЕНЗОР – крупная российская IT-компания, разработчик программного обеспечения в сфере электронного документооборота и отчетности. Наш основной продукт – СБИС – сеть деловых коммуникаций. Мы создаем, внедряем и активно продвигаем целый комплекс IT-решений, которым пользуются 3 500 000 клиентов и в России, и за рубежом. Мы ищем талантливого UX-писателя, который будет писать подсказки в интерфейсе, разрабатывать пошаговые маршруты помощи по нашим сервисам и оформлять полезные онбординги приложений. Система помощи — развивающееся направлении в компании. Поэтому от вас будем ждать не только написание текстов под определенное ТЗ, но и предложения по улучшению пользовательского сценария. Чем предстоит заниматься:   Писать тексты для интерфейсов: подсказки, маршруты помощи и онбординг.   Разрабатывать пользовательский путь совместно с продуктовыми менеджерами и аналитиками.   Предлагать, как улучшить пользовательский опыт при работе с интерфейсом.   Соблюдать Tone Of Voice и гайды компании.   Наши ожидания:   Отличное владение русским языком, знание основ инфостиля.   Понимание принципов UX текстов и юзабилити.   Способность быстро адаптироваться к разным продуктам и аудиториям.   Развитые коммуникативные навыки и умение работать в команде.   Умение донести до целевой аудитории ценность продукта даже в микротекстах.   Мы предлагаем:   разноплановые задачи, которые не станут монотонными и рутинными;   возможности профессионального и карьерного роста;   интересную работу в крупной и стабильной IT-компании, признанной одной из лучших по версии Forbes;   стабильную белую зарплату;   гибкое начало рабочего дня и возможность удаленной работы;   наставничество на начальном этапе и поддержка опытных коллег;   возможность работы с нейросетями и внедрение инновационных решений в процессе работы с документацией;   обучающие курсы и программы для развития профессиональных навыков;   корпоративные мероприятия, включая выездные корпоративы, для укрепления командного духа;   дружный, весёлый молодой коллектив единомышленников.  ",UI/UX Дизайн;Анализ продукта;Знание русского языка;Коммуникативная грамотность;Написание и редактирование текстов;Обучаемость и адаптивность;Работа в команде;Умение мотивировать и адаптировать персонал,UX-редактор,100000,1-3
108040927,UX-редактор/писатель (Перекрёсток),"Ищем UX-редактора в команду клиентских приложений и сайтов X5 (Пятерочка, Перекресток). Будем вместе проектировать интерфейсы и улучшать продукты, которыми пользуются миллионы людей. Чем предстоит заниматься:  подключаться к редактированию текстов в приложениях и сайтах с первых макетов: онбординги, уведомления, подсказки, статусы; разрабатывать пользовательский путь вместе с дизайнерами, продактами и исследователями; предлагать идеи, как улучшить путь пользователя, анализировать интерфейс, думать над логикой, визуалом и объёмом текста; прокачивать сценарии уже известных продуктов; составлять и дополнять ToV; работать над созданием эмоциональной связи с пользователями.  Пожелания к опыту:  работа с интерфейсами и знание правил синтаксиса элементов; знание режима правок в фигме, и самостоятельная корректировка макета; мышление не конкретными экранами, а цельными клиентскими сценариями; умение докапываться до сути: слушать продакта, общаться с исследователем и придумывать решение с дизайнером; уметь обосновывать свои решения и искать компромиссы; понимать, как работают продукты в ритейл, или готовность узнать о них всё-всё; пунктуальность и собранность, нужно работать с разными командами и держать сроки в узде; стремление понять пользователя, чем он живет, как разговаривает. ",,UX-редактор,0,1-3
109679823,Редактор | UX-Редактор,"В связи с активным ростом и развитием нашей компании, мы рады пригласить вас рассмотреть вакансию Редактор на удаленной основе в команде Skillspace.ru. Skillspace.ru – это инновационная платформа размещения образовательного контента, основанная на передовых технологиях. Наша компания стремится предоставить лучшие решения, доступные каждому. В ближайшее время мы планируем значительное расширение, что открывает уникальные возможности для смелых и амбициозных профессионалов. Мы предлагаем вам:  Динамичную среду: Работа в молодой и амбициозной команде, готовой к переменам и новым вызовам; Влияние и рост: Возможность непосредственно влиять на стратегическое направление и развитие компании, реализовать свои идеи и проекты, которые прямо скажутся на успехе Skillspace.ru; Профессиональное развитие: Участие в регулярных встречах по стратегии и анализу данных, обмен знаниями и опытом с коллегами, возможность профессионального роста и углубления знаний в области IT и маркетинга; Гибкость и комфорт: Удаленный формат работы, позволяющий сохранять баланс между работой и личной жизнью.  Чем предстоит заниматься:  Разработка контент-плана для различных блог-платформ (включая vc.ru, habr, Яндекс.Дзен). Проведение интервью с экспертами и клиентами для создания актуальных материалов. Верстка статей и разработка технических заданий на иллюстрации. Проверка фактов и выкладка материалов на платформы. Сбор и анализ статистики по контенту. Опциональная работа с текстами для различных интерфейсов и коммуникаций. Взаимодействие с дизайнерами, продакт-менеджерами, маркетологами и другими коллегами. Аргументация и согласование текстов. Создание и обновление редакционной политики. Анализ проделанной работы и её результативности.  Наши ожидания от кандидата:  Опыт создания медиа и редакторского отдела с нуля. Высокий уровень организованности. Навыки написания лаконичных и понятных текстов. Безупречная грамотность. Умение отстаивать интересы пользователей. Базовые знания работы в Figma. Способность быстро переключаться между задачами. Опыт написания интересных и дочитываемых статей. Условия:  Полностью удаленный формат работы Формат сотрудничества: Самозанятость на первом этапе с последующим переходом в штат; График по которому сотрудничаем: с 10:00 до 19:00 МСК ( есть возможность выбрать удобное начало рабочего дня ); Вакансия предполагает как самостоятельную работу, так и командное взаимодействие с руководством и другими отделами.* перечень требований не является исчерпывающим и носит исключительно ознакомительный характер   ",Знание основ в области маркетинга;Проведение интервью;Формирование технических заданий,UX-редактор,0,3-6
112526191,UX-редактор,"Привет! Мы — команда, которая разрабатывает удобные и функциональные сервисы для работы службы поддержки Сбера. С их помощью 7 000 специалистов обрабатывают 3 млн звонков и 300 000 чатов в месяц, а также отвечают на 600 000 сложных вопросов в бэке. Сейчас мы ищем UX-редактора, чтобы вместе делать лучше тексты для сервиса, который связывает продукт и его пользователей через специалистов службы поддержки. КАКИЕ БУДУТ ЗАДАЧИ:  писать и вычитывать тексты для интерфейсов участвовать в разработке сценариев вместе с дизайнерами и продактами тестировать решения в интерфейсах при необходимости, в т.ч. проводить исследования самостоятельно или вместе с исследователями работать над редполитикой — развивать и внедрять её в процессы команд проверять тексты других команд на соответствие редполитике  МЫ ХОТИМ РАБОТАТЬ С РЕДАКТОРОМ, КОТОРЫЙ  понимает, что 80% работы — это разобраться в логике продукта и получить ответы на вопросы. И только 20% — работа с текстом, когда он нужен просто и дружелюбно пишет о сложном работал в продуктовой команде год или больше. Круто, если у тебя есть опыт в финтехе, банкинге или обслуживании клиентской поддержки понимает жизненный цикл создания цифровых продуктов, мобильные интерфейсы, web и специфику текстов для этих каналов знает современные тренды ToV в финтехе знаком с базовыми принципами UX/UI владеет базовыми навыками работы в Figma или аналогах; готов быстро изучать новое ПО при необходимости умеет объяснять и отстаивать свои решения, в том числе опираясь на данные и результаты исследований договаривается в процессе работы с командами внутри подразделения и со смежниками, если они есть самостоятельно организует свою работу, выполняет её в срок и с высоким качеством быстро переключается между разными задачами при необходимости следует редполитике и тональности, следить за их актуальностью задаёт много вопросов и искренне интересуется, как работает продукт знаком с исследованиями. В идеале может организовать и провести исследование пользовательского опыта и использовать результаты в работе  ЧТО МЫ ПРЕДЛАГАЕМ:  расширенный ДМС с первого дня и льготное страхование для близких работу в лучшем офисе страны по версии Best Office Awards 2022 регулярное корпоративное и внешнее обучение бесплатную подписку СберПрайм+ и скидки на продукты компаний-партнеров спортзал прямо в офисе корпоративную пенсионную программу ипотеку выгоднее на 4% для каждого сотрудника. ",Figma;UI/UX Дизайн;Коммуникативная грамотность;Организаторские навыки;Работа в команде;Разработка банковских бизнес решений;Самостоятельность,UX-редактор,0,1-3
116816225,UX редактор,"Привет! Мы — Genotek, молодая и современная medtech компания. Работаем с технологиями будущего: проводим исследования, которые помогают людям узнать всё про свои гены, происхождение и особенности здоровья. Сейчас мы ищем в свою команду Редактора, который возьмет на себя написание текстов для личного кабинета и сайта. Чем предстоит заниматься:   написанием текстов для сложных сценариев интерфейсов   составлением слоганов для рекламы в соцсетях/акций   переводом текстов с/на английский язык   работой в тесном сотрудничестве с дизайнерами и IT-командой.   Что мы ждем от тебя:  грамотный устный и письменный русский язык высшее профильное образование уровень английского не ниже upper-intermediate опыт работы на аналогичной должности не менее 2-х лет умение работать с текстом в Sketch/Figma, графических редакторах через облако будет плюсом.  Мы предлагаем:   базу: оформление по ТК РФ и его полное соблюдение (оплачиваемые отпуска, больничные), бонусы работы в аккредитованной IT- компании   удаленный формат работы   ДМС, занятия английским в Skyeng, психологические консультации от сервиса Яндекс Здоровье и Генетический паспорт Genotek для всех сотрудников   возможности вертикального и горизонтального роста внутри компании   а еще мы устраиваем классные корпоративы, лекции, вместе ездим на природу, ходим в кино, бары и вместе занимаемся спортом. В общем, стараемся, чтобы вместе было приятно не только работать, но и отдыхать!   Если ты чувствуешь, что наша вакансия подходит для тебя, а твои опыт и знания это то, что ищем мы - ждем твоего отклика!  ",,UX-редактор,110000,3-6
19daad88-cf36-11ef-aece-e7d0d2cf29b1,Технический писатель \ UX-writer,"Работа с несколькими командами в поставке текстами для интерфейсов торговой платформы и мобильных приложений. Проектирование и поддержка сложных интерфейсов: простраивание логики, редактирование, ревью, контроль за соблюдением текстового стандарта в интерфейсах. Инспекция всех текстов в интерфейсе и приведение их к консистентному виду. Взаимодействие с менеджерами по переводам: запрос переводов, проверка переводов на требования к интерфейсу. Консультирование коллег по положениям текстового стандарта.
Опыт проектирования и поддержки сложных интерфейсов для SaaS продуктов, мобильных приложений. Опыт микрокопирайтинга. Опыт тестирования интерфейсных решений. Понимание тонкостей tone-of-voice. Письменный английский от С1. Будет плюсом: Умение быстро самостоятельно погружаться в разные предметные области и переключаться между задачами и отслеживать несколько процессов. Опыт работы с программами локализации.
",,UX-редактор,0,3-6
116855815,UX-редактор в B2B-направление Маркета,"Яндекс Маркет — это огромный маркетплейс, на котором уже больше 100 тысяч продавцов находят своих покупателей. Мы ищем редактора, который будет писать для этих продавцов понятные, лаконичные и человечные тексты. В первую очередь наши UX-редакторы думают о смысле каждой задачи. Вы должны видеть ситуации, когда лучше написать не то, о чём просил заказчик, или совсем ничего не писать. При этом нужно аргументированно убеждать коллег, почему стоит поступить именно так. Какие задачи вас ждут Работа с интерфейсамиВам предстоит вместе с дизайнерами прорабатывать пользовательские сценарии, писать тексты для интерфейсов. Для этого нужно разбираться, как работают наши продукты, много разговаривать с коллегами, собирать обратную связь от пользователей, самостоятельно искать и структурировать информацию. Развитие гайдлайнов и редакционных стандартовКроме интерфейсных текстов, вас ждёт работа с документацией для UX-редакторов: Tone of Voice, редстандартами и гайдлайнами. Предстоит не только расширять их — редактору важно внедрять новые правила в работу и постепенно переписывать старые тексты. Мы ждем, что вы  Всегда помните об интересах пользователя и в любой ситуации их отстаиваете Внимательны к деталям и фактам, понимаете, что каждое слово имеет значение Относитесь к правкам и комментариям как к важной и неотъемлемой части работы Умеете организовывать себя и свою работу в команде Пишете человечно и грамотно ",,UX-редактор,0,3-6
115517312,UX-редактор в команду логистики и ПВЗ,"У Wildberries много партнёров — водителей, курьеров, менеджеров ПВЗ. Они пользуются сервисами, которые делают их работу комфортной и эффективной. Мы ищем опытного UX-редактора, который будет создавать понятные тексты для интерфейсов таких сервисов, а также помогать дизайнерам и продакт-менеджерам проектировать путь пользователя.   Мы ждём, что вы:   Умеете внимательно и бережно улучшать тексты интерфейсов, работая в тесной связке с UX-дизайнерами;   Аргументируете каждое решение, которое предлагаете;   Понимаете и учитываете специфику разработки информационных продуктов;   Быстро разбираетесь в логике работы практически любого интерфейса и не стесняетесь задавать вопросы до начала работы над текстом;   Проактивно собираете необходимую для подготовки текстов информацию у продуктовой команды;   Умеете просто, понятно и лаконично писать о сложных вещах;   Погружаетесь в специфическую B2B-терминологию сервиса;   Умеете расставлять приоритеты и соблюдать сроки выполнения задач;   Документируете свою работу в таск-трекере;   Участвуете в создании редакционной политики и других гайдов и отстаиваете их в процессе работы с заказчиками.     Какой опыт и знания нужны:   Опыт работы в роли продуктового UX-редактора более 2 лет;   Отличное знание Figma;   Умение работать в IT-продукте.     Мы предлагаем:   Работу в современном и комфортном офисе в 5 минутах от метро Динамо;   Гибридный график: 4 дня в офисе, 1 день из дома;   Бесплатное питание в офисе;   Корпоративный ноутбук для работы.  ",Figma;UI/UX Дизайн;Взаимодействие с клиентами и заказчиками;Внимательность;Продажи;Умение принимать решения;Управление продуктом,UX-редактор,0,1-3
106924402,UX-редактор,"Привет! Мы — команда, которая разрабатывает удобные и функциональные сервисы для работы службы поддержки Сбера. С их помощью 7 000 специалистов обрабатывают 3 млн звонков и 300 000 чатов в месяц, а также отвечают на 600 000 сложных вопросов в бэке. Сейчас мы ищем UX-редактора, чтобы вместе делать лучше тексты для сервиса, который связывает продукт и его пользователей через специалистов службы поддержки. КАКИЕ БУДУТ ЗАДАЧИ:  писать и вычитывать тексты для интерфейсов участвовать в разработке сценариев вместе с дизайнерами и продактами тестировать решения в интерфейсах при необходимости, в т.ч. проводить исследования самостоятельно или вместе с исследователями работать над редполитикой — развивать и внедрять её в процессы команд проверять тексты других команд на соответствие редполитики  МЫ ХОТИМ РАБОТАТЬ С РЕДАКТОРОМ, КОТОРЫЙ  понимает, что 80% работы — это разобраться в логике продукта и получить ответы на вопросы. И только 20% — работа с текстом, когда он нужен просто и дружелюбно пишет о сложном работал в продуктовой команде год или больше. Круто, если у тебя есть опыт в финтехе, банкинге или обслуживании клиентской поддержки понимает жизненный цикл создания цифровых продуктов, мобильные интерфейсы, web и специфику текстов для этих каналов знает современные тренды ToV в финтехе знаком с базовыми принципами UX/UI владеет базовыми навыками работы в Figma или аналогах; готов быстро изучать новое ПО при необходимости умеет объяснять и отстаивать свои решения, в том числе опираясь на данные и результаты исследований договаривается в процессе работы с командами внутри подразделения и со смежниками, если они есть самостоятельно организует свою работу, выполняет её в срок и с высоким качеством быстро переключается между разными задачами при необходимости следует редполитике и тональности, следить за их актуальностью задаёт много вопросов и искренне интересуется, как работает продукт знаком с исследованиями. В идеале может организовать и провести исследование пользовательского опыта и использовать результаты в работе  ЧТО МЫ ПРЕДЛАГАЕМ:  расширенный ДМС с первого дня и льготное страхование для близких работу в лучшем офисе страны по версии Best Office Awards 2022 регулярное корпоративное и внешнее обучение бесплатную подписку СберПрайм+ и скидки на продукты компаний-партнеров спортзал прямо в офисе корпоративную пенсионную программу ипотеку выгоднее на 4% для каждого сотрудника. ",Figma;UI/UX Дизайн;Коммуникативная грамотность;Многозадачность;Организаторские навыки;Работа в команде;Разработка банковских бизнес решений;Честность,UX-редактор,0,1-3
112529506,UX-редактор,"О командеМы расширяемся и ищем коллегу в команду UX-редакторов и редакторов коммуникаций Домклик.Наша аудитория: покупатели, продавцы, риелторы, застройщики, арендаторы, владельцы, а также сотрудники компании.Мы относимся к отдельной большой команде «Редакция», в которой собрались не просто профессионалы, а творческие и отзывчивые люди. Поддерживаем друг друга и всегда готовы помочь. Открыты для идей и предложений.Если вдруг у тебя появится желание, например, написать статью для журнала Домклик – это легко осуществить. Мы не ставим рамок. Чем предстоит заниматься  Работать с текстами для интерфейса, лендингов, опросов, скриптов, чат-бота, СМС, пушей, уведомлений и рассылок; Прорабатывать сценарии и логику интерфейса; Много общаться с дизайнерами, продактами, маркетологами и другими коллегами; Аргументировать свои решения, согласовывать тексты; Обновлять редполитику вместе с другими редакторами; Анализировать проделанную работ.  От вас мы ожидаем  Умение писать лаконично и понятно; Грамотность; Готовность отстаивать интересы пользователей; Базовые знаний Figma; Умение быстро переключаться между задачами;  Мы предлагаем  Работу в аккредитованной IT компании; Конкурентную заработную плату; Полис ДМС с первого месяца работы; Современную технику для работы; Корпоративный университет, онлайн-курсы для повышения квалификации, конференции, митапы; Фитнес-зал в здании офиса; Льготную программу ипотеки для сотрудников; Комфортный офис класса А в 5 минутах от станции метро и МЦК Кутузовская; Гибкое начало рабочего дня и возможность работать в гибридном или удаленном формате.#remote #Marketing ",Figma;UI/UX Дизайн;Готовность помогать другим;Грамотная речь;Информационная грамотность;Коммуникативная грамотность;Многозадачность;Написание и редактирование текстов;Проведение интервью;Разработка чат-ботов,UX-редактор,0,3-6
112589502,UX-writer,"Вот несколько фактов о продукте, которые вас могут заинтересовать:   250+ микросервисов на проде;   Мультиязычный продукт, который используют в разных странах мира;   Работа по Agile методологии, без микроменеджмента;   Возможность предлагать решения и влиять на результат.   Мы ищем UX Writer’a, который будет работать в области продукта, относящейся к торговой платформе, и сможет эффективно помочь командам разработчиков и контента выстроить коммуникацию с пользователями через веб-интерфейсы и приложения, лендинги и прямое общение. Вы сможете продумывать пользовательский опыт и влиять на процесс разработки с самых ранних этапов. Вам предстоит:   Работа с несколькими командами в поставке текстами для интерфейсов торговой платформы и мобильных приложений.   Проектирование и поддержка сложных интерфейсов: простраивание логики, редактирование, ревью, контроль за соблюдением текстового стандарта в интерфейсах.   Инспекция всех текстов в интерфейсе и приведение их к консистентному виду.   Взаимодействие с менеджерами по переводам: запрос переводов, проверка переводов на требования к интерфейсу.   Консультирование коллег по положениям текстового стандарта.   Что мы ждем от будущего коллеги:   Опыт проектирования и поддержки сложных интерфейсов для SaaS продуктов, мобильных приложений.   Опыт микрокопирайтинга.   Опыт тестирования интерфейсных решений.   Понимание тонкостей tone-of-voice.   Письменный англ.яз от С1.   Будет плюсом:   Умение быстро самостоятельно погружаться в разные предметные области и переключаться между задачами и отслеживать несколько процессов.   Опыт работы с программами локализации.   Мы предлагаем:  Работа на международные рынки; Релокационный пакет; Гибридный график работы в СПб или других офисах компании (2 дня из офиса); Поддержка и содействие в профессиональном росте (семинары, курсы, тренинги, внутреннее обучение); Подключение к ДМС со стоматологией в первые две недели работы (включая супруга/супругу и детей); Оплачиваемые обеды и кофе-поинты в офисе; Обучение английскому языку в группах с корпоративным преподавателем; Частичная компенсация спортивно-оздоровительных мероприятий (спорт, йога, бассейн и тд.) и занятий с психологом после испытательного срока; Предоставление рабочей техники на выбор (MacOS или Windows).  Присоединяйтесь к нашей команде!","Figma;UI/UX Дизайн;UI/UX Исследования;Взаимодействие с клиентами и заказчиками;Знание английского языка;Использование моделей IaaS, PaaS, SaaS;Коммуникативная грамотность;Консультирование и ведение клиентов;Работа в команде",UX-редактор,0,3-6
106791182,Графический дизайнер социальных сетей,"RUTUBE - крупнейший российский видеохостинг, где собраны различные категории видео: премьерные выпуски шоу и сериалов, прямые эфиры телеканалов, фильмы и мультфильмы, контент видеоблогеров. Мы стремимся сделать лучший видеосервис на базе высокотехнологичных решений, исследований и аналитики, который позволит смотреть качественный лицензионный контент, адаптированный под каждого пользователя. Задачи:  Создание графических изображений для соцсетей по ТЗ (шаблонов, баннеров, мемов, инфографики); Дизайн обложек и графики для видеороликов в соцсетях; Генерация идей по улучшению визуального стиля контента в социальных сетях; Разрабатывать визуальные концепции и представлять свои идеи.  Скорее оставляй отклик, если ты:  Владеешь на достойном уровне: Adobe (Photoshop, Illusrattor), Figma; Имеешь яркое портфолио работ; Отлично понимаешь тренды соцсетей, а также что можно делать в соцсетях, а что нельзя; Можешь придумать структуру для инфографики или шаблонов социальных сетей; Грамотно пишешь на русском языке и проверяешь за собой; Имеешь широкий кругозор и нешаблонное мышление; Будет плюсом опыт работы с нейросетями.  Мы предлагаем:   Гибкое начало рабочего дня и гибридный график работы;   Работа в аккредитованной ИТ компании;   ДМС с первого месяца работы;   Оплачиваемое обучение, скидки и льготы от Газпромбанка и партнеров;   Печенья, фрукты, кофе и чай каждый день;   Уютный офис в 5 минутах от станции метро Сокол.    ",Adobe Illustrator;Adobe Photoshop;Figma;Визуализация данных;Грамотная речь;Графический дизайн;Знание русского языка;Креативное мышление;Продвижение в социальных сетях;Работа с нейросетями,UX-редактор,0,1-3
106791530,Ведущий графический дизайнер,"RUTUBE – национальный видеохостинг, где собраны различные категории видео: премьерные выпуски шоу и сериалов, прямые эфиры телеканалов, фильмы и мультфильмы, контент видеоблогеров. Мы стремимся сделать лучший видеосервис на базе высокотехнологичных решений, исследований и аналитики, который позволит смотреть качественный лицензионный контент, адаптированный под каждого пользователя. Сейчас нам требуется Ведущий графический дизайнер, способный быстро погрузиться в новые задачи и усилить нашу команду. Чем предстоит заниматься:  Разработка макетов для рекламных кампаний; Отрисовка постеров, баннеров, логотипов; Обработка фотоматериалов (ретушь, цветокоррекция); Создание визуального контента для соцсетей; Разработка графической айдентики для контента собственного производства.  Чего мы ждем от кандидата:   Уверенное владение PS, Figma, Illustrator; Понимание актуальных трендов дизайна, маркетинга, айдентики; Знание основ композиции, типографики и колористики; Умение готовить макеты к печати; Наличие ссылки на портфолио; Опыт работы на позиции ведущего графического дизайнера от 1 года, совокупный опыт работы дизайнером от 3 лет; Готовность выполнить тестовое задание.  Что мы предлагаем:  Оформление по ТК, полностью белая зарплата; Возможность составления гибридного графика; (можно чередовать работу в офисе с удаленной работой); Работа в молодом, амбициозном коллективе, которая поможет вырасти как профессиональным, так и личностным качествам; Полис ДМС; Финансовая поддержка при значимых событиях в жизни; Специальные предложения от компаний-партнеров; Развитая корпоративная культура. ",Adobe Illustrator;Adobe Photoshop;Figma;Графический дизайн;Знание основ в области маркетинга;Обработка и ретушь фотографий;Разработка айдентики бренда,UX-редактор,0,3-6
114727810,Senior IT recruiter,"Команда рекрутмента Цифровых Активов Газпром Медиа Холдинга (RUTUBE, PREMIER, Yappy и другие) в поисках Senior IT recruiter. Подробнее про наши основные проекты: RUTUBE - национальный российский видеохостинг. На сервисе собраны различные категории видео: премьерные выпуски шоу и сериалов, прямые эфиры телеканалов, фильмы и мультфильмы, контент видеоблогеров.PREMIER - онлайн-кинотеатр с эксклюзивным контентом разных жанров и форматов. Медиатека платформы предлагает подписчикам оригинальные сериалы, а также лучшие проекты развлекательных и спортивных телеканалов холдинга «Газпром-медиа».Yappy - приложение вертикальных видео. Команда работает над уникальным продуктом, который ежедневно используют миллионы людей. В Yappy создают новые технологии, находят нестандартные решения и прокачивают компетенции в области разработки. Обязанности:  Ведение полного цикла рекрутинга; Активный поиск и привлечение IT-специалистов из различных источников; Регулярная коммуникация с командой для четкого понимания потребностей и требований, а также установление доверительного взаимодействия с заказчиками; Ведение CRM-системы (Е-Staff) и подготовка отчетности по подбору персонала; Участие в различных IT конференциях и мероприятиях.  Требования:  Опыт работы в IT-рекрутинге от 3 лет; Знание современных технологий и тенденций на рынке IT; Отличные коммуникативные навыки и способность работать в команде; Ориентированность на результат и желание развиваться в профессии; Умение работать в режиме многозадачности.  Что мы предлагаем:  Опыт работы в крупнейшем медиахолдинге страны; Работу в команде профессионалов и творческих людей; Достойный уровень дохода (обсуждается индивидуально с каждым кандидатом); ДМС со стоматологией; Скидки от компаний-партнеров; Фрукты, завтраки, фрэш-бар, массажные кресла; Гибкое начало рабочего дня; Гибридный график присутствия в офисе; Уютный офис в 5 минутах от станции метро Сокол. ",Ведение отчетности;Взаимодействие с клиентами и заказчиками;Желание развиваться;Коммуникативная грамотность;Многозадачность;Подбор персонала;Работа в CRM-системах;Работа в команде;Управление персоналом;Целеустремленность,UX-редактор,0,3-6
117532069,Контент-менеджер / копирайтер / ux-писатель,"Кто мы такие ListOk CRM — облачная CRM для фитнес-клубов, детских бассейнов, школ танцев, йоги и обучающих центров. Мы родились в Новосибирске и с 2017 года растём, расширяя границы: уже работаем в 9 странах. Кого мы ищем Вместе мы будем развивать контент-отдел: искать новые форматы, тестировать идеи, находить и доносить смыслы до аудитории. Контент-отдел зародился творческими людьми, которые не боятся технических текстов. Сейчас в отделе всего два с половиной человека, а задач всё больше, поэтому мы ищем единомышленника. Узкие специализации появятся со временем. Сейчас мы делаем всё: пишем, проектируем, верстаем, рисуем, учимся, пробуем генеративку. Но главный упор — на тексты. Твои обязанности:   Создавать и редактировать:   UX-тексты: интерфейс программы, инструкции к новым функциям;   гайды в базе знаний;   продающие статьи и кейсы для рекламных площадок;   email-рассылки: цепочки, уведомления, опросники;   посты в соцсетях.     Исследовать:   сложные кейсы вместе с клиентской поддержкой;   внутреннюю документацию, систему.     Выстраивать процессы с коллегами:   организовывать контент-работу в команде, превращая хаос в понятные шаги.     Мы ожидаем, что ты:   любишь превращать сложное техническое в простое человеческое;   работаешь с текстами больше года: копирайтинг, UX-писательство, редактура;   не скучаешь от работы с текстом;   умеешь понимать написанное и грамотно писать, чтобы понимали другие;   планируешь задачи, сдаешь их в срок;   ищешь новые форматы, темы, подходы;   не боишься задавать вопросы и уточнять детали.   Приветствуется, если ты знаком с принципами работы CMS Tilda, готов узнавать больше. Мы предлагаем:   график 5/2 с 11:00 до 20:00;   официальное оформление и белую зарплату;   компенсацию затрат на спорт, английский и психолога — до 3000 ₽/мес после испытательного срока;   работу в офисе в Технопарке Академгородка. Гибридный формат можно рассмотреть после прохождения испытательного срока;   команду, где каждый заинтересован в продукте;  корпоративную библиотеку + открытые курсы по Photoshop, Illustrator, UX и продуктовому дизайну.     Важно!   После интервью — тестовое задание.   Испытательный срок — 3 месяца, но можно пройти досрочно.   Как откликнуться Ждём сопроводительного письма с:   Коротким рассказом, почему ты хочешь присоединиться к нам.   Примером твоего текста. Это может быть статья, инструкции, заметка, интерфейсный текст.   Ждём тебя на борту!  ",UI/UX Дизайн;Написание и редактирование текстов;Организаторские навыки;Работа в команде,UX-редактор,45000,1-3
107567910,UX-редактор,"Мамба — это команда лучших российских специалистов с экспертизой в  разработке и продвижении dating-проектов; проектировании и разработке мобильных приложений; консалтинге в области технической аналитики, монетизации продуктов, пользовательского опыта.  Компания имеет аккредитацию ИТ-компаний в Министерстве цифрового развития, связи и массовых коммуникаций Российской Федерации Наш ключевой продукт, сервис Мамба — highload-проект, один из крупнейших dating-проектов в России и странах ближнего зарубежья. Начиная с 2003 года, Мамба помогает пользователям найти друг друга, создавая для этого лучшие технологии.   Вам предстоит:  Писать и ревьюить тексты для интерфейсов, релиз-ноутсов, нотификаций и гайдов; Проводить исследования эффективности текстов и интерфейсов для различных локализаций; Организовывать и принимать участие в проектировании интерфейсов в команде с дизайнерами и продуктовыми аналитиками; Контролировать соблюдение Tone of Voice продуктовыми командами и саппортом; Внедрять, развивать и контролировать процессы локализации текстов на разные языки.    Мы ожидаем:  Есть опыт работы UX-редактором в IT-компаниях; Умеете описывать сложные вещи простым языком; Понимаете основные принципы UX; Есть навыки работы с Figma; Умеете выстраивать процессы в зоне вашей ответственности; Готовы разбираться в большом продукте со множеством пользовательских сценариев Знание английского языка будет плюсом.    От нас:  Удаленный формат работы или комфортный офис в шаговой доступности от станции метро Цветной бульвар Безлимитный и безграничный ДМС со стоматологией Корпоративные путешествия (Дагестан, Карелия, Ладога, Красная поляна, Алтай, Байкал) Работу в интересном и большом проекте с невероятно опытной командой Конкурентную заработную плату по результатам интервью с ежегодным пересмотром Гибкое начало рабочего дня, возможность работать из другой страны Минимум рабочих совещаний и бюрократии Оплата участия в конференциях и митапах в роли докладчика Ценные подарки сотрудникам от компании по результатам работы Скидки и акции у наших партнёров    -- Присоединяйтесь! Мы умеем эффективно работать, весело отдыхать и мы всегда рады новым коллегам!</p>",Figma;UI/UX Дизайн;Анализ продукта;Знание английского языка,UX-редактор,0,1-3
108534633,UX-писатель/редактор,"SberUser – это департамент, в котором сконцентрировано максимальное количество сервисов для ежедневной работы сотрудников банка и экосистемы.Браузер, почта, операционная система, мессенджер, видеоконференцсвязь, справочник, виртуальный ассистент и многое, многое другое. Ваша роль будет заключаться в создании интуитивно понятных и вовлекающих текстов для пользовательских интерфейсов наших корпоративных программ и приложений. Мы ищем талантливого UХ–редактора уровня middle. Обязанности  создавать контент, который улучшает пользовательский опыт при работе с нашими программными продуктами; писать четкие и понятные сообщения, подсказки, инструкции, другой пользовательский контент; участвовать в ревью сервисов, соблюдать принципы унификации в текстах интерфейсов и коммуникаций; принимать участие в выдвижении гипотез для исследований; консультировать продуктовые команды по написанию и редактуре текстов; работать в связке с дизайнерами, UX-исследователями и владельцами продуктов для обеспечения согласованности и эффективности пользовательского опыта.  Требования  умеете соблюдать редполитику и Tone-of-Voice, создавать и улучшать гайды; понимаете принципы UX-дизайна и способны применять их на практике; грамотны и ответственны; дружите со всеми формами текстов от небольших (на пару слов или предложений) до лонгридов; умеете слышать, слушать, отстаивать свои решения и аргументированно договариваться; имеете опыт на аналогичной позиции не менее 2-х лет; Опыт работы с программными продуктами будет преимуществом.  Условия  офис со всеми удобствами: столовая, кафе, кухни с холодильниками и кофемашинами; бесплатный спортзал; достойная заработная плата (оклад + премии); график работы: пятидневная рабочая неделя в офисе (ст.м.Кожуховская) с гибким началом и окончанием дня. После прохождения испытательного срока возможен переход на гибридный график (1-2 дня в неделю удаленно); ДМС с первого дня работы; профильное обучение, митапы, конференции, воркшопы внутри и вне компании. просим приложить к резюме ссылку на ваше портфолио. условие: после собеседования необходимо выполнить небольшое тестовое задание. ",UI/UX Дизайн;UI/UX Исследования;Анализ продукта;Грамотная речь;Написание и редактирование текстов;Ответственность,UX-редактор,0,1-3
117535391,UX-Copywriter,"Хочешь всё и сразу: хорошую зарплату уже на старте, стабильную работу в надежном банке, успешную карьеру и яркую корпоративную жизнь? С Совкомбанком все реально! Мы ищем в дизайн-команду райтера, который будем помогать нам с текстами для разных проектов. Большинство наших задач связаны с разработкой интерфейсов, но также есть, графические материалы, маркетинговые презентации, полиграфия. И везде есть текст который можно и нужно придумать, проверить, поправить, улучшить. Что мы ждем от тебя:  Опыт в копирайтинге от года желательно в сфере банкинга и финансов; Опыт написания UX-текстов для веб-интерфейсов и приложений; Понимание, чем интерфейсные тексты отличаются от маркетинговых; Готовность работать не только с входящими задачами, но и самостоятельно их инициировать и обосновывать для продуктовых команд; Понимание важности корпоративных стандартов, готовность к долгому процессу согласования материалов; Умение формулировать задачу дизайнеру; Грамотность и дотошность; Коммуникативные навыки, умение работать в команде; Позитивный настрой и стрессоустойчивость.  Чем ты будешь заниматься:  Писать тексты в разных уголках интерфейсов: онбординги, заголовки, кнопки и многое другое; Переделывать длинные сложные справочные финтех-тексты в короткие понятные для пользователей; Готовить тексты для сторис, промостраниц, презентаций; Раз в месяц делать тексты небольших статей с успешными кейсами команды для внутреннего информационного дайджеста; Следить, чтобы все макеты выходили без опечаток; Работать в команде с дизайнерами и менеджерами: вместе думать над полноценными сценариями и отдельными экранами множества проектов как B2C так и B2B; Помочь разным проектам выработать свой tone of voice и следить за консистентностью.  Мы гарантируем:  Официальное оформление с первого рабочего дня; Работа по Agile; Разнообразие проектов; Здоровую атмосферу в коллективе;  Лояльность и отсутствие бюрократии;  Работа в аккредитованной IT-компании; Бесплатный фитнес-зал в офисе; Офис в современном бизнес-центре А-класса (Москва, м. Улица 1905 года); График работы: Пн-Пт, с 10.00 до 19.00 (офис/ гибрид/ удаленка) Бесплатный полис ДМС; Отдых летом на море и зимой на горнолыжных курортах при финансовой поддержке от Банка; Компенсацию расходов на абонемент в спортзал, детский отдых и изучение английского языка; Соц.программы по самым выгодным условиям от Банка: кредит, автокредит, страхование и другие банковские продукты; Финансовую поддержку от Банка в различных жизненных ситуациях; Участие в корпоративных забегах, турнирах по шахматам, футбольных и волейбольных матчах; Свободное общение с Руководством Банка: предлагай любые идеи и реализовывай интересные проекты; Путешествия по России, знакомства с новыми людьми, конкурсы и корпоративы – живи яркой корпоративной жизнью!  Откликайся на вакансию – присоединяйся к нашей команде!      ",UI/UX Дизайн;Грамотная речь;Коммуникативная грамотность;Написание и редактирование текстов;Позитивное мышление;Продажи;Работа в команде;Работоспособность;Разработка банковских бизнес решений;Стрессоустойчивость;Умение мотивировать и адаптировать персонал;Формирование технических заданий;Целеустремленность,UX-редактор,0,1-3
108485499,UX-редактор,"Привет! Я Катя, старший UX-редактор в Профи. Наш сервис помогает специалистам находить работу, а клиентам — профессионалов для разных задач. Команда контента — голос Профи. Делает так, чтобы наши слова не только соответствовали делам, но и звучали консистентно, понятно и заботливо во всех каналах. Сейчас в команде два UX-редактора — я и Ксюша. Мы работаем в связке с продуктовыми командами, пишем тексты для клиентов и специалистов сервиса. Но рук на всё уже не хватает, поэтому расширяем команду. Задачи будут разные: от пушей и интерфейсных текстов до продуктовых сториз и скриптов поддержки. ЗАЧЕМ ТЕБЕ К НАМ   Получить опыт по-настоящему глубокой работы с текстом. Можно участвовать в UX-исследованиях, ходить на интервью, предлагать идеи для А/В-тестов и наблюдать, как работают (или не работают) твои тексты.   Влиять на продукт. Видишь косяк в сценарии — обсуди с дизайнером и продактом. Тебя точно услышат и, вполне возможно, именно твоё решение реализуют.   Наслаждаться процессами без бюрократии. У нас доверяют редакторам, нет долгих итераций и согласований, в том числе с юристами.   Писать для разной аудитории: репетиторы, сантехники, стилисты, риелторы, кинологи, психологи и многие другие. Нужно, чтобы всем было понятно и хорошо.   ЧЕМ ПРЕДСТОИТ ЗАНИМАТЬСЯ В первые три месяца:   Разобраться в продукте — познакомиться с моделями оплаты, сайтом и мобильным приложением для клиентов и специалистов.   Писать тексты для интерфейсов, пуш-уведомлений, продуктовых сториз и скрипты для поддержки.   В ближайшие полгода-год:   Вместе с командой улучшать онбординг новых специалистов. Сейчас проводим много исследований аудитории и ищем решения, которые сделают первый опыт специалистов на Профи удобнее и приятнее.   Помогать с тестированием новых тарифов и моделей монетизации.   Работать над проектами, которые помогут увеличить количество заказов на Профи. Конверсия в заказ — одна их основных метрик на стороне клиентов. Предстоит вместе с командой придумывать, как её улучшить. И много-много экспериментировать :)   ЧТО НУЖНО, ЧТОБЫ К НАМ ПРИСОЕДИНИТЬСЯ    Опыт работы в продукте от двух лет. Умеешь работать с продуктовыми сценариями и текстами, знаешь основы UX-дизайна, правила синтаксиса интерфейсов, основы Figma.   Портфолио с примерами интерфейсных текстов. Обязательно прикрепи его в отклике на вакансию.   Умение соблюдать дедлайны и планировать время, уточнять непонятное.   Спокойное отношение к правкам. Можешь аргументировать своё решение продактам, отстаиваешь интересы пользователей.   ЧТО МЫ ЗА ЭТО ПРЕДЛАГАЕМ    Зарплату в рынке или выше. Пересматриваем зарплату и грейд два раза в год. Свободный формат работы. Мы не контролируем рабочее время и количество часов, проведённых за компьютером. Можно ходить в офис в Москве, работать из дома или путешествовать по миру. Главное — выполнять свои задачи, ходить на общие встречи и не подводить команду :) Опционы тем, кто круто себя проявит. Будешь брать большие проекты, развиваться и вдохновлять команду своим примером – они твои. Бесплатный ДМС со стоматологией. Выбрали лучшие клиники в РФ и СНГ. В других странах компенсируем походы к врачу или мед. страховку, которую ты выберешь. Современную технику — выдаём ноутбук и другие нужные для работы инструменты. Завтраки в офисе на Ходынском поле (10 минут от метро «ЦСКА» и 5 минут транспортом от метро «Аэропорт»): запеканки, каши, лосось и авокадо, омлеты, круассаны и другая вкуснятина. Работу в IT-компании, аккредитованной в Министерстве цифрового развития. Обучение и развитие. Оплачиваем профильные курсы, участие в конференциях и митапах. Проводим хакатоны и тренинги, разработали сильную программу для пипл-менеджеров. Бесплатный доступ к электронной библиотеке Альпина или 50% оплата подписки на другие библиотеки. Если предпочитаешь бумажные книги — полка в офисе в твоём распоряжении :) Вечеринки, которые сложно назвать корпоративом. Мы любим создавать движ вместе: покоряем склоны в Сорочанах, отдыхаем на вилле в Турции, собираемся на online-party из разных городов из стран. Но наша главная гордость и традиция — Профикэмп. Скидки на услуги специалистов Профи — компенсируем 3000 рублей от стоимости заказа. Раз в год можно выбрать одну из «плюшек» с оплатой 50/50: психотерапия, спорт, check-up организма, коворкинг, обустройство рабочего места дома или парковка около офиса.   ",Figma;GameDev;UI/UX Дизайн;UI/UX Исследования;Креативное мышление;Написание и редактирование текстов;Проведение интервью;Умение мотивировать и адаптировать персонал,UX-редактор,0,1-3
114966376,UX-редактор на B2C в Wildberries,"Всем привет от покупательской редакции Wildberries!Мы растём и ищем новых UX-редакторов для приложения и сайта, которыми ежедневно пользуются миллионы людей в России, Беларуси, Грузии, Армении и других странах.Вас ждёт классический UX: прорабатывать тексты в макетах, писать уведомления и FAQ, вместе с дизайнерами улучшать пользовательские сценарии, готовить макеты к исследованиям, придумывать и проверять гипотезы, улучшать нейминг, синковаться с поддержкой, иногда помогать во внутриредакционных задачах.Кого мы ищемЧеловека с опытом, который сможет быстро влиться в налаженный процесс. Что нам важно:— вы пишете легко, понятно и дружелюбно;— смотрите не только текст, но и логику;— знаете базу: правила русского языка, основы типографики и Фигмы;— умеете защищать своё мнение и в нужных ситуациях идти на компромиссы;— уверены в своих софт-скиллах: без них у нас никак;— готовы искать баланс между задачами бизнеса и удобством пользователя.Что у нас для вас:— зарплата по рынку;— вовлечённая и компетентная команда;— график 5/2, в праздничные дни отдыхаем;— офис в Москве у метро Динамо, после испытательного срока возможен гибрид по договорённости с руководителем, а ещё есть офис в Санкт-Петербурге;— йога, футбол, теннис и другой спорт;— горячие завтраки, обеды и ужины прямо в офисе.Формат работы: гибрид в Москве (метро Динамо) или Санкт-Петербург (м. Невский проспект)    ",Figma;Графический дизайн;Знание русского языка;Разработка айдентики бренда,UX-редактор,0,3-6
106864303,Контент-менеджер / копирайтер / ux-писатель,"Кто мы такие Листок АйТи (ListOk CRM) — компания-разработчик облачной CRM для фитнес-клубов, детских бассейнов, обучающих центров, школ. ListOk CRM создан небольшой командой из Новосибирска, и все семь лет существования показывает стабильный рост. Мы расширили горизонты до девяти стран мира и продолжаем отмечать точки на карте. Кто нам нужен Будем рады принять в команду опытного человека, интересующегося долгосрочным проектом и нацеленного на результаты своей работы, кайфующего от того, что текст дает пользу читателю и влияет на его решения. Тсс, на самом деле можно не только про текст, но это уже оционально. ^_^ Обязанности Основное — качать отдел контента, больше шуршать, тестировать и внедрять, находить и доносить смыслы до аудитории. Остальное:   Сбор информации о работе функций: от разбора сложных кейсов вместе с клиентской поддержкой до чтения внутренней документации;   Создание, копирайтинг, актуализация:  продающих статей на рекламных площадках;  текстов в интерфейсе и инструкций в рамках разработки новых функций;   пользовательских гайдов в базе знаний;   email-рассылок;   постов в социальных сетях;       Выстраивание контент процессов в команде, преобразование хаотичных подходов в четкие шаги.     Мы ожидаем, что ты:   Имеешь опыт работы с текстами от 2 лет;   Обладаешь способностью не скучать от текстов и не считаешь их скучной однообразной работой;   Умеешь понимать написанное и грамотно писать, чтобы понимали другие.   Планируешь задачи, сдаешь их в срок;   Будешь искать новые интересные форматы и темы;   Не стесняешься задавать вопросы и задействовать сторонние ресурсы для выполнения задач;   Работаешь с отдачей, горишь за свое дело и команду.   Приветствуется, если ты знаком с принципами работы CMS Tilda, готов узнавать больше.   Мы предлагаем:   График работы 5/2 с 11:00 до 20:00;   Официальное трудоустройство и оплату труда;   Частичная компенсация затрат на спорт и изучение английского после прохождения испытательного срока — до 3 тысяч рублей;   Работу в самом сердце инновационных разработок – Технопарк Академгородка! Уютный, современный и небезызвестный офис на самом верхнем этаже. Гибридный формат можно рассмотреть после прохождения испытательного срока;   Работу в команде, где каждый заинтересован в качестве и результатах продукта;   Как же без чая, кофе, плюшек и душевных диалогов? А если хочешь уединиться и подумать – кресло-груша возле 4х метрового окна ждет тебя.   Испытательный срок 3 месяца. Полная занятость. Возможно досрочное прохождение испытательного срока.   Мы рассматриваем резюме только с сопроводительным письмом:   напиши, почему именно ты станешь частью корабля;   приложи пример твоей текстовой работы: статья, заметка в инфостиле.    ",Tilda;Ведение документооборота;Грамотная речь;Информационная грамотность;Написание и редактирование текстов;Организаторские навыки;Продажи;Работа в CRM-системах;Работа в команде,UX-редактор,57500,1-3
110670560,UI/UX-писатель,"Привет! Мы в Физикл делаем программные продукты для заботы о здоровье. Наши клиенты достигают своих целей в области питания и спорта без баек из качалки и антинаучного бреда. Департамент разработки ищет креативного и вдумчивого UI/UX-писателя на частичную занятость (part-time), который поможет нашей команде в создании пользовательских интерфейсов. Задачи UI/UX-писателя:- Писать UX-тексты: онбординги, заголовки, кнопки, алерты и другие элементы интерфейса;- Работать вместе с дизайнерами, переводчиками и разработчиками для создания единого визуального языка и пользовательского опыта; Ты нам подходишь, если:- Пишешь без орфографических и пунктуационных ошибок, можешь работать без корректора;- Имеешь хороший вкус и чувство стиля в написании текста;- Понимаешь принципы UX и дизайна продуктов;- У тебя есть современный комп, смартфон и стабильный доступ к интернету;- Умеешь организовать свое время для решения задач;- Умеешь работать в команде и общаться эффективно и асинхронно; Условия:- Сдельная работа, загружаем тебя задачами по мере их появления;- Занятость 5-10 часов в месяц;- Выплаты 1 раз в месяц, стоимость 1 часа работы согласуем по результатам собеседования.   Пожалуйста, прикрепи ссылку на портфолио в сопроводительном письме :)",UI/UX Дизайн;Коммуникативная грамотность;Написание и редактирование текстов;Работа в команде;Самоорганизованность;Умение мотивировать и адаптировать персонал,UX-редактор,0,0
117381441,UX-редактор в B2C-финтех в WB,"Редакция B2C-финтеха входит в большую CX-редакцию, которая отвечает за клиентский опыт. Это продуктовая редакция — мы не пишем пуши Wildberries и не занимаемся маркетингом. Наша задача продумывать удобный и логичный клиентский путь, редактировать тексты экранов, дорабатывать интерфейсы вместе с дизайнерами. Наши внутренние заказчики — коллеги в банке, а внешние — клиенты. Задача редакции — свести интересы пользователей с интересами бизнеса. Мы ищем в команду опытного UX-редактора, который уже все умеет, но при этом хочет развиваться дальше, готов слушать обратную связь и спокойно работать с правками. Что нужно делать:    много общаться и договариваться с бизнесом, дизайнерами, разработчиками и аналитиками   уверенно работать с макетами в Figma — редактировать целые флоу или отдельные экраны, изредка лендинги   писать новости, инструкции и шаблоны для поддержки, сервисные пуши, иногда помогать с чат-ботом   улучшать процесс работы с заказчиками   стандартизировать: писать чек-листы и гайды, обновлять редполитику, следить за её соблюдением   разбираться в банковских продуктах и сервисах   иногда верстать контент во внутреннюю базу знаний   Вы подходите, если:   работаете в Figma на экспертном уровне   у вас сильные софт-скиллы: критическое мышление, эмоциональный интеллект, адаптивность, способность к рефлексии (будем проверять)   умеете находить общий язык с разными людьми, выстраивать долгосрочные отношения, управлять конфликтами   самостоятельны, и умеете организовать свою работу и дома, и в офисе   глубоко разбираетесь в нестандартных задачах. Можете «долго, дорого, офигенно», можете итеративно-продуктово   управляете ожиданиями заказчиков, фиксируете договоренности, методично синхронизируете понимание результата и реалистичность сроков   приоритизируете, умеете делать нужные и отменять ненужные задачи   умеете объяснять решения, работаете с метриками, но знаете, что всё измерить нельзя   преимущество: вы работали продуктовой команде, в финтехе или другой крупной корпорации   Условия:   оклад в рынке, возможны премии   оформление по ТК   ДМС после испытательного срока   бесплатная столовая, спорт, йога в офисе   формат работы: гибрид или офис (метро Динамо)   ",Figma;HTML/CSS;Взаимодействие с клиентами и заказчиками;Исследование клиентского опыта;Коммуникативная грамотность;Критическое мышление;Обучаемость и адаптивность;Организаторские навыки;Работа с конфликтами;Разработка чат-ботов;Самоорганизованность;Самостоятельность;Эмоциональный интеллект,UX-редактор,0,1-3
108320023,UX-Copywriter,"Хочешь всё и сразу: хорошую зарплату уже на старте, стабильную работу в надежном банке, успешную карьеру и яркую корпоративную жизнь? С Совкомбанком все реально! Мы ищем в дизайн-команду райтера, который будем помогать нам с текстами для разных проектов. Большинство наших задач связаны с разработкой интерфейсов, но также есть, графические материалы, маркетинговые презентации, полиграфия. И везде есть текст который можно и нужно придумать, проверить, поправить, улучшить. Что мы ждем от тебя:  Опыт в копирайтинге от года желательно в сфере банкинга и финансов; Опыт написания UX-текстов для веб-интерфейсов и приложений; Понимание, чем интерфейсные тексты отличаются от маркетинговых; Готовность работать не только с входящими задачами, но и самостоятельно их инициировать и обосновывать для продуктовых команд; Понимание важности корпоративных стандартов, готовность к долгому процессу согласования материалов; Умение формулировать задачу дизайнеру; Грамотность и дотошность; Коммуникативные навыки, умение работать в команде; Позитивный настрой и стрессоустойчивость.  Чем ты будешь заниматься:  Писать тексты в разных уголках интерфейсов: онбординги, заголовки, кнопки и многое другое; Переделывать длинные сложные справочные финтех-тексты в короткие понятные для пользователей; Готовить тексты для сторис, промостраниц, презентаций; Раз в месяц делать тексты небольших статей с успешными кейсами команды для внутреннего информационного дайджеста; Следить, чтобы все макеты выходили без опечаток; Работать в команде с дизайнерами и менеджерами: вместе думать над полноценными сценариями и отдельными экранами множества проектов как B2C так и B2B; Помочь разным проектам выработать свой tone of voice и следить за консистентностью.  Мы гарантируем:  Официальное оформление с первого рабочего дня; Обучение в нашем Учебном центре и прокачку своих навыков; График работы 5/2; Бесплатный полис ДМС; Отдых летом на море и зимой на горнолыжных курортах при финансовой поддержке от Банка; Компенсацию расходов на абонемент в спортзал, детский отдых и изучение английского языка; Соц.программы по самым выгодным условиям от Банка: кредит, автокредит, страхование и другие банковские продукты; Финансовую поддержку от Банка в различных жизненных ситуациях; Участие в корпоративных забегах, турнирах по шахматам, футбольных и волейбольных матчах; Свободное общение с Руководством Банка: предлагай любые идеи и реализовывай интересные проекты; Путешествия по России, знакомства с новыми людьми, конкурсы и корпоративы – живи яркой корпоративной жизнью!  Откликайся на вакансию – присоединяйся к нашей команде!   Отклик на данную вакансию соискателем посредством сайта http://hh.ru является действием самого соискателя по предоставлению своего согласия в соответствии с Федеральным законом от 27.07.2006 г. № 152-ФЗ «О персональных данных» на осуществление со всеми указанными в том резюме соискателя на сайте http://hh.ru персональными данными (а также с самим резюме), которое включается в содержание отклика на данную вакансию, следующих действий: систематизацию, хранение, уточнение (обновление или изменение), использование, обезличивание, блокирование и уничтожение, для целей возможного трудоустройства соискателя у оператора персональных данных: ПАО «СОВКОМБАНК», ИНН 4401116480, 156000, г. Кострома, Текстильщиков пр-кт, дом 46, которому настоящее согласие предоставляется без ограничения срока обработки этих персональных данных, но до момента отзыва соискателем согласия на обработку этих персональных данных. Настоящее согласие на обработку персональных данных может быть отозвано соискателем путем направления соответствующего заявления по адресу оператора: 156000, г. Кострома, Текстильщиков пр-кт, дом 46.  ",UI/UX Дизайн;Грамотная речь;Коммуникативная грамотность;Написание и редактирование текстов;Позитивное мышление;Продажи;Работа в команде;Работоспособность;Разработка банковских бизнес решений;Стрессоустойчивость;Умение мотивировать и адаптировать персонал;Формирование технических заданий;Целеустремленность,UX-редактор,0,1-3
106989501,UX-редактор,"Мы Спринтхост - хостинг-провайдер и аккредитованный регистратор, который делает современный рунет. Нашими продуктами ежедневно пользуются миллионы людей, а на сайты наших проектов заходят сотни тысяч. Группа дизайна остро нуждается в опытном редакторе текстов, мастерски владеющим русским (и не только языком). Например, такого, который перепишет эту вакансию, сделав её лучше =) Ключевые требования  Грамотное владение русским языком, корректура Опыт работы с редакционной политикой Фигма на уровне работы с макетами  Основые задачи  Тексты для сайтов, лендингов и пользовательских сценариев Тексты для рассылок, промо и рекламных материалов Гайдлайны, правила сокращений, редакционная политика Придумывать названия для новых продуктов  Компенсация/мотивационный пакет     Вау-эффект, когда вы видите свое влияние на продукт   Мощная современная техника для работы   Завтраки и обеды, свежие фрукты и овощи   Фитнес и участие в профильных конференциях  ",Figma;Грамотная речь;Знание русского языка,UX-редактор,0,1-3
106868732,UX-копирайтер,"  В TravelLine мы разрабатываем единую функциональную Платформу для автоматизации процессов гостиничного бизнеса. Всё, что связано с онлайн-бронированием и управлением номерным фондом в отелях — это к нам.Мы ищем UX-копирайтера в нашу команду. Идеальный кандидат — любит много писать, узнавать много нового, умеет объяснять сложные вещи простым языком и структурировать информацию.Что предстоит делать:     Писать тексты интерфейсов с нуля: просто и понятно.   Отвечать за продуктовые коммуникации: интерфейсы, релизы, продуктовые письма.   Генерировать варианты для юзабилити-тестирования и A/B-тестов, проверять их вместе с командой и внедрять удачные эксперименты.   Улучшать метрики продукта и поддерживать релизы новых фичей и проектов.   Собирать и поддерживать гайдлайны: редакторскую политику, глоссарий, блоки про текст в дизайн-системе и другие.   Проводить ревью имеющихся текстов интерфейсов.   Работать в связке с продактами и дизайнерами и много с ними общаться.   Для нас важно:   Опыт написания интерфейсных текстов — от 2 лет.   Безупречная грамотность и внимание к деталям.   Способность улучшать не только тексты, но и логику, структуру флоу.   Умение объяснять сложные вещи простым языком.   Умение обосновывать свои решения и искать компромиссы.   Умение задавать вопросы. Продукты разные и сложные — в них важно погружаться.   Самостоятельность, проактивность и желание постоянно совершенствовать продукты.   Будет плюсом:   Опыт работы в продуктовой IT-компании;   Навыки работы с Confluence, Jira, Figma, Miro;   Знание английского языка на уровне В1.   Мы предлагаем: Оформление по ТК   Платим белую зарплату и все отчисления, оформляем больничные, не беспокоим во время оплачиваемого отпуска. Все легально, по закону и трудовому кодексу. У нас есть IT-аккредитация.   Забота о команде   Удалёнка или офис в городе присутствия. Ты можешь самостоятельно выбрать, где работать.   Ежедневные обеды за счет компании, а для удаленных сотрудников — денежная компенсация.   Рабочий инструмент — мощный ноут.   ДМС, психологическая поддержка на онлайн-платформе Ясно, компенсация спорта после прохождения испытательного срока.   Курсы, конференции, мастер-классы за счет компании.   Подарки на праздники и важные даты.   График — Remote-friendly   Верим, что более эффективно работать в офисе в связке с командой. Но наши процессы адаптированы и для работы из дома.   Стабильность   Мы на рынке с 2008 года. Всегда прибыльные.   Прозрачность   Мы всегда отмечаем победы, а один на один откровенно обсуждаем точки роста. Регулярный performance review гарантирует своевременный пересмотр зарплаты и задач по итогам твоих достижений и реалий рынка.   Команда   Всего в TravelLine уже больше 600 специалистов: разработчики, дизайнеры, маркетологи, sales-менеджеры, копирайтеры и еще кого только нет. Если просит душа — выезды на природу, сплавы по рекам, спорт и фитнес, бары и кафе, настолки с коллегами. Этого сколько угодно. :)  ",Atlassian Confluence;Atlassian Jira;Figma;UI/UX Дизайн;UI/UX Исследования;Внимательность;Грамотная речь;Знание английского языка;Информационная грамотность;Коммуникативная грамотность;Критическое мышление;Написание и редактирование текстов;Проактивность;Самостоятельность;Умение выражать и формулировать мысли;Умение принимать решения;Управление проектами,UX-редактор,0,3-6
106868825,UX-копирайтер,"  В TravelLine мы разрабатываем единую функциональную Платформу для автоматизации процессов гостиничного бизнеса. Всё, что связано с онлайн-бронированием и управлением номерным фондом в отелях — это к нам.Мы ищем UX-копирайтера в нашу команду. Идеальный кандидат — любит много писать, узнавать много нового, умеет объяснять сложные вещи простым языком и структурировать информацию.Что предстоит делать:     Писать тексты интерфейсов с нуля: просто и понятно.   Отвечать за продуктовые коммуникации: интерфейсы, релизы, продуктовые письма.   Генерировать варианты для юзабилити-тестирования и A/B-тестов, проверять их вместе с командой и внедрять удачные эксперименты.   Улучшать метрики продукта и поддерживать релизы новых фичей и проектов.   Собирать и поддерживать гайдлайны: редакторскую политику, глоссарий, блоки про текст в дизайн-системе и другие.   Проводить ревью имеющихся текстов интерфейсов.   Работать в связке с продактами и дизайнерами и много с ними общаться.   Для нас важно:   Опыт написания интерфейсных текстов — от 2 лет.   Безупречная грамотность и внимание к деталям.   Способность улучшать не только тексты, но и логику, структуру флоу.   Умение объяснять сложные вещи простым языком.   Умение обосновывать свои решения и искать компромиссы.   Умение задавать вопросы. Продукты разные и сложные — в них важно погружаться.   Самостоятельность, проактивность и желание постоянно совершенствовать продукты.   Будет плюсом:   Опыт работы в продуктовой IT-компании;   Навыки работы с Confluence, Jira, Figma, Miro;   Знание английского языка на уровне В1.   Мы предлагаем: Оформление по ТК   Платим белую зарплату и все отчисления, оформляем больничные, не беспокоим во время оплачиваемого отпуска. Все легально, по закону и трудовому кодексу. У нас есть IT-аккредитация.   Забота о команде   Удалёнка или офис в городе присутствия. Ты можешь самостоятельно выбрать, где работать.   Ежедневные обеды за счет компании, а для удаленных сотрудников — денежная компенсация.   Рабочий инструмент — мощный ноут.   ДМС, психологическая поддержка на онлайн-платформе Ясно, компенсация спорта после прохождения испытательного срока.   Курсы, конференции, мастер-классы за счет компании.   Подарки на праздники и важные даты.   График — Remote-friendly   Верим, что более эффективно работать в офисе в связке с командой. Но наши процессы адаптированы и для работы из дома.   Стабильность   Мы на рынке с 2008 года. Всегда прибыльные.   Прозрачность   Мы всегда отмечаем победы, а один на один откровенно обсуждаем точки роста. Регулярный performance review гарантирует своевременный пересмотр зарплаты и задач по итогам твоих достижений и реалий рынка.   Команда   Всего в TravelLine уже больше 600 специалистов: разработчики, дизайнеры, маркетологи, sales-менеджеры, копирайтеры и еще кого только нет. Если просит душа — выезды на природу, сплавы по рекам, спорт и фитнес, бары и кафе, настолки с коллегами. Этого сколько угодно. :)  ",Atlassian Confluence;Atlassian Jira;Figma;UI/UX Дизайн;UI/UX Исследования;Внимательность;Грамотная речь;Знание английского языка;Информационная грамотность;Коммуникативная грамотность;Критическое мышление;Написание и редактирование текстов;Проактивность;Самостоятельность;Умение выражать и формулировать мысли;Умение принимать решения;Управление проектами,UX-редактор,0,3-6
106868824,UX-копирайтер,"  В TravelLine мы разрабатываем единую функциональную Платформу для автоматизации процессов гостиничного бизнеса. Всё, что связано с онлайн-бронированием и управлением номерным фондом в отелях — это к нам.Мы ищем UX-копирайтера в нашу команду. Идеальный кандидат — любит много писать, узнавать много нового, умеет объяснять сложные вещи простым языком и структурировать информацию.Что предстоит делать:     Писать тексты интерфейсов с нуля: просто и понятно.   Отвечать за продуктовые коммуникации: интерфейсы, релизы, продуктовые письма.   Генерировать варианты для юзабилити-тестирования и A/B-тестов, проверять их вместе с командой и внедрять удачные эксперименты.   Улучшать метрики продукта и поддерживать релизы новых фичей и проектов.   Собирать и поддерживать гайдлайны: редакторскую политику, глоссарий, блоки про текст в дизайн-системе и другие.   Проводить ревью имеющихся текстов интерфейсов.   Работать в связке с продактами и дизайнерами и много с ними общаться.   Для нас важно:   Опыт написания интерфейсных текстов — от 2 лет.   Безупречная грамотность и внимание к деталям.   Способность улучшать не только тексты, но и логику, структуру флоу.   Умение объяснять сложные вещи простым языком.   Умение обосновывать свои решения и искать компромиссы.   Умение задавать вопросы. Продукты разные и сложные — в них важно погружаться.   Самостоятельность, проактивность и желание постоянно совершенствовать продукты.   Будет плюсом:   Опыт работы в продуктовой IT-компании;   Навыки работы с Confluence, Jira, Figma, Miro;   Знание английского языка на уровне В1.   Мы предлагаем: Оформление по ТК   Платим белую зарплату и все отчисления, оформляем больничные, не беспокоим во время оплачиваемого отпуска. Все легально, по закону и трудовому кодексу. У нас есть IT-аккредитация.   Забота о команде   Удалёнка или офис в городе присутствия. Ты можешь самостоятельно выбрать, где работать.   Ежедневные обеды за счет компании, а для удаленных сотрудников — денежная компенсация.   Рабочий инструмент — мощный ноут.   ДМС, психологическая поддержка на онлайн-платформе Ясно, компенсация спорта после прохождения испытательного срока.   Курсы, конференции, мастер-классы за счет компании.   Подарки на праздники и важные даты.   График — Remote-friendly   Верим, что более эффективно работать в офисе в связке с командой. Но наши процессы адаптированы и для работы из дома.   Стабильность   Мы на рынке с 2008 года. Всегда прибыльные.   Прозрачность   Мы всегда отмечаем победы, а один на один откровенно обсуждаем точки роста. Регулярный performance review гарантирует своевременный пересмотр зарплаты и задач по итогам твоих достижений и реалий рынка.   Команда   Всего в TravelLine уже больше 600 специалистов: разработчики, дизайнеры, маркетологи, sales-менеджеры, копирайтеры и еще кого только нет. Если просит душа — выезды на природу, сплавы по рекам, спорт и фитнес, бары и кафе, настолки с коллегами. Этого сколько угодно. :)  ",Atlassian Confluence;Atlassian Jira;Figma;UI/UX Дизайн;UI/UX Исследования;Внимательность;Грамотная речь;Знание английского языка;Информационная грамотность;Коммуникативная грамотность;Критическое мышление;Написание и редактирование текстов;Проактивность;Самостоятельность;Умение выражать и формулировать мысли;Умение принимать решения;Управление проектами,UX-редактор,0,3-6
115382063,Руководитель направления дизайн-системы,"RUTUBE – национальный видеохостинг, где собраны различные категории видео: премьерные выпуски шоу и сериалов, прямые эфиры телеканалов, фильмы и мультфильмы, контент видеоблогеров. Мы стремимся сделать лучший видеосервис на базе высокотехнологичных решений, исследований и аналитики, который позволит смотреть качественный лицензионный контент, адаптированный под каждого пользователя. Сейчас мы ищем руководителя группы дизайн-системы, способного быстро погрузиться в новые задачи и усилить нашу команду. Нам нужен специалист ранее не только работающий с дизайн-системами как дизайнер, но и участвующий в разработке дизайн-системы самостоятельно или с командой, а также имеющий опыт лидирования команд дизайнеров (от 2 и более человек).Работать предстоит в тесной связке с командами продуктового дизайна и разработки, помимо самой команды дизайн-системы. Чем предстоит заниматься:  Создание дизайн-системы для всех продуктов компании; Развитие дизайн-системы, выстраивание и развитие библиотеки компонентов; Разработка стратегии внедрения и развития дизайн-системы; Формирование процесса работы внутри всех подразделений; Сбор требований по компонентам и частям дизайн-системы (гайды, токены, переменные) от конечных пользователей; Формирование и приоритизация бэклога; Управление командой дизайн-системы и контроль качества их работы  Создание компонентов, шаблонов, интерактивных прототипов и микро-анимации; Обеспечивание согласованность дизайна во всех продуктах; Контроль качества реализации компонентов; Проведение презентации и ревью для команд, использующих дизайн-систему; Работа над документацией; Автоматизация процессов дизайн-системы; Анализ существующих UX/UI подходов на рынке для повышения качества системы.  Мы ожидаем, что руководитель направления:  Понимает принципы и особенности разработки UI-китов и дизайн-систем для веба и мобилок; Имеет опыт работы в продуктовом дизайне и создания дизайн-систем, которые реализованы в коде; Умеет выносить новые компоненты, внедрять фичи в компоненты, следить за их архитектурой; Умеет работать с токенами и variables figma; Понимает методологию атомарного дизайна; Имеет опыт передачи компонентов дизайн-системы в разработку; Умеет аргументированно защищать свои решения перед разными командами: разработчики, бизнес, продукт и др.; Имеет опыт работы и развития команд дизайнеров; Имеет опыт внедрения стандартов Accessability в дизайн-систему это дополнительный плюс.  Условия:   Гибкое начало рабочего дня и гибридный график работы;   Работа в аккредитованной ИТ компании;   ДМС с первого месяца работы;   Оплачиваемое обучение, скидки и льготы от Газпромбанка и партнеров;   Печенья, фрукты, кофе и чай каждый день;   Уютный офис в 5 минутах от станции метро Сокол.   Уважаемые соискатели, укажите, пожалуйста, ссылку на портфолио в сопроводительном письме.</p>",UI/UX Дизайн;Ведение документооборота;Контроль качества;Моушн-дизайн;Работа в команде;Разработка деталей и узлов;Разработка стратегии;Сбор и анализ требований;Управление персоналом;Управление персоналом,UX-редактор,0,3-6
117293558,UX-редактор B2B,"Чтобы продавать товары на Wildberries, партнёры маркетплейса используют сайт WB Партнёры и мобильное приложение. Мы ищем опытного UX-редактора, который будет создавать для них понятные тексты, а также помогать дизайнерам и продакт-менеджерам проектировать путь пользователя.   Мы ждём, что вы:   не просто интересуетесь UX, а уже работали в роли продуктового UX-редактора более 2 лет;   умеете внимательно и бережно улучшать тексты интерфейсов, работая в тесной связке с UX-дизайнерами;   можете аргументировать каждое решение, которое предлагаете;   хорошо знаете Figma;   понимаете и учитываете специфику разработки информационных продуктов;   способны быстро разобраться в логике работы практически любого интерфейса и не стесняетесь задавать вопросы до начала работы над текстом;   умеете и готовы проактивно собирать необходимую для подготовки текстов информацию у представителей продуктовых команд;   умеете просто, понятно и лаконично писать о сложных вещах;   пишете настолько грамотно, что вашим текстам не требуется проверка корректора;   готовы глубоко погрузиться в специфическую B2B-терминологию огромного маркетплейса;   умеете расставлять приоритеты и в точности соблюдаете сроки выполнения задач;   всегда документируете свою работу в таск-трекере;   хотите участвовать в создании редакционной политики и готовы отстаивать её в процессе работы с заказчиками;   мыслите гибко и умеете договариваться.     Будет особенно здорово, если вы:   уже работали над текстами интерфейсов B2B-продуктов;   уже создавали контент для продавцов маркетплейсов;   можете писать на английском.     Мы предлагаем:   работу в современном и комфортном офисе в 5 минутах от метро Динамо;   возможность гибридной или удалённой работы по согласованию с руководителем;   бесплатное питание в офисе.   Формат работы: гибрид в Москве (метро Динамо) 4 дня в офисе, 1 день из дома;",Figma;UI/UX Дизайн;Взаимодействие с клиентами и заказчиками;Внимательность;Грамотная речь;Коммуникативная грамотность;Проактивность;Умение принимать решения;Управление продуктом,UX-редактор,0,1-3
110962594,Редактор / UX писатель,"Мы предлагаем:  Оформление по ТК РФ  График работы 5/2, с 10:00 до 19:00 или 11:00 до 20:00  Комфортабельный офис в центре Москвы Корпоративные скидки и партнерские программы, ДМС после прохождения испытательного срока  Задачи:  Создание UX-текстов:Разработка и написание текстов для скриптов операторов, FAQ, интерактивных голосовых ответов (IVR) и других пользовательских интерфейсов Редактирование и корректура:Редактирование существующих текстов с учетом отзывов пользователей и операторов, улучшение их структуры и формулировок Проведение качественной корректуры текстов для устранения грамматических и стилистических ошибок Исследование пользователей:Участие в опросах и интервью с клиентами и операторами для понимания их потребностей и ожиданий Анализ пользовательского опыта и предложений по улучшению текстов.Кросс-функциональное взаимодействие: Сотрудничество с дизайнерами, разработчиками и менеджерами по продукту для создания целостного и эффективного пользовательского опыта  Пожелания к кандидатам:  Высшее образование в области лингвистики, журналистики, рекламы или сопутствующих дисциплин Опыт работы в качестве UX писателя или редактора, желательно в колл-центре или сфере обслуживания клиентов Знание основ пользовательского опыта (UX) и принципов когнитивной психологии ",UI/UX Дизайн;Автоматизация бизнес-процессов;Анализ потребителей;Грамотная речь;Знания в области общей психологии;Информационная грамотность;Исследование клиентского опыта;Написание и редактирование текстов;Написание статей;Проведение интервью;Продажи,UX-редактор,0,3-6
117401823,Автор/редактор продуктовых текстов (UX/UI) в финтех,"- гибрид, Москва -- от 180 000₽ -Привет. Мы создаем новый финтех-сервис, который скоро выходит на рынок. Цель сервиса — помочь клиентам получать реальное удовольствие от взаимодействия с деньгами: без скрытых условий, битвы процентов и «колес кэшбека». Сейчас команда разрабатывает продукт, которым хотели бы пользоваться сами. Мы горим им и верим в него. И ищем в команду Редактора, который горел бы вместе с нами в хорошем смысле этого слова. Что важно: • Опыт работы редактором/автором от 3 лет в агентстве или inhouse;• Опыт с приложениями и продуктами для fintech, e-commerce или telecom будет большим плюсом;• Навык писать для разных форматов: интерфейсы, лендинги, соцсети, оффлайн-носители;• Готовность показать портфолио по разным форматам и сделать тестовое задание. Задачи: • Писать тексты для разных форматов и каналов: интерфейсов приложения, лендингов, баннеров, СМС, пушей, наружной рекламы, спецпроектов.• Работать с маркетингом, продуктом и дизайнерами, чтобы создавать целостный контент.• Участвовать в разработке креативных механик и улучшении коммуникаций. Работать c креаторами, продюсерами и другими стейкхолдерами.• Тестировать гипотезы, анализировать результаты и предлагать улучшения. Условия: • Удаленный или гибридный формат работы (офис напротив ГУМа).• Гибкое начало дня, коммуникация в чатах только в рабочие часы и отсутствие переработок. У нас можно путешествовать по всему миру, но работаем по Москве.• Зарплата в рынке, обсуждается индивидуально.• Оформление в аккредитованную IT-компанию по ТК РФ.   ",Знание основ в области маркетинга;Написание и редактирование текстов;Разработка банковских бизнес решений,UX-редактор,220000,3-6
114992796,UX-writer/CRM-writer,"Привет. Давай знакомиться!:) Мы делаем новый банк для людей. Все банки стали похожи. Люди и технологии шли вперед, а финтех стоял на месте. Время сделать прыжок! Мы объединяем технологии, исследования и креативность, чтобы изменить привычную сферу раз и навсегда. Мы не делаем успех первичным, а хотим создать ценность для людей. Хотим гордиться тем что делаем. Мы даём свободу создавать и ищем тех кто это ценит. Сейчас мы ищем коллегу, который поможет нам с написанием креативных текстов. Обязанности:   Писать простые и понятные тексты, включая креативные — там, где это может быть уместно, для триггерных сценариев, массовых и ситуативных рассылок: пуши; СМС; сообщения от AI-помощника; имейлы  Писать тексты для интерфейса в мобильном приложении Проверять, насколько удобно и логично выстроены экраны, пользовательский флоу Проводить экспертное ревью текстов в продуктовых командах, предлагать улучшения Дополнять редполитику и гайды: фиксировать новые правила, наполнять примерами и антипримерами Защищать свои решения, предлагать альтернативные варианты Участвовать брейнштормах и воркшопах  Требования:  Опыт от 2 лет Опыт написания интерфейсных текстов Опыт работы в Figma, Confluence, Jira Умение договариваться, проактивность, общительность, активная социальная жизнь, интерес к лайфстайлу, моде  А что мы предлагаем для тебя?  Работу в сильной драйвовой команде Сложные и амбициозные проекты для сервисов с сотнями тысяч пользователей. Возможность влиять на процессы и результаты в бизнесе Здоровое взаимодействие с руководителем. Ставим на доверие и свободу, вместо микроменеджмента Комфортную среду и дружескую коммуникацию. Мы любим и умеем классно проводить время. Бар-хоппинг, выходные в горах и круиз от Kuznya — три последних чек-ина команды Оформление в аккредитованную IT-компанию. ТК РФ: больничный, отпуск — всё как положено Зарплату в рынке, размер зависит от твоего уровня — готовы обсуждать Формат работы на выбор: удаленно, гибрид, офис Красивый и комфортный офис в центре Москвы. Коворкинг в Уфе и Новосибирске Гибкое начало дня, коммуникация в чатах только в рабочие часы и отсутствие переработок Технику и любые нужные для работы устройства  Ждем тебя в нашей команде!  ",Atlassian Confluence;Atlassian Jira;Figma;Активность;Коммуникативная грамотность;Написание и редактирование текстов;Проактивность;Умение принимать решения,UX-редактор,0,3-6
107595987,UX редактор,"Чем предстоит заниматься:   Разработка четкого, лаконичного и понятного контента для интерфейсов всех сайтов Островка (тексты для кнопок, подсказок, сообщений об ошибках и пр.);   Ревью и редактирование текстов, макетов лендингов, продуктовых страниц, рассылок в соответствии с редполитикой, тональностью и стилем бренда;   Работа в тесном взаимодействии с UX/UI-дизайнерами, исследователями, переводчиками и разработчиками для интеграции текста в дизайн интерфейсов;   Тестирование, оптимизация и анализ результатов исследований и внесение изменений в контент на основе обратной связи;   Поддержка и обновление гайдлайнов;   Подготовка с нуля и редактура имеющихся инструкций по продукту для пользователей.   Мы ожидаем:   Опыт более двух лет на позициях UX- или продуктового редактора в IT-сфере;   Грамотность: мы понимаем, что абсолютной грамотности не существует, но ждём, что вы умеете определять спорные моменты и самостоятельно находить решение;   Умение писать просто о сложном: находить ключевое в большом объёме информации и упаковывать в короткое логичное сообщение;   Гибкость: готовность как принимать во внимание все доводы и правки от коллег, так и аргументировано отстоять свою точку зрения;   Опыт работы с Figma на базовом уровне;   Понимание того, как работает синтаксис элементов интерфейса: почему на кнопке должен быть глагол и когда это необязательно;   Самостоятельность и проактивность: хочется, чтобы наш новый коллега испытывал эмпатию к пользователям и стремился улучшить наш продукт для них;   Знание английского языка на уровне B2 (ты будешь писать тексты на русском языке, но нужно уметь оценить переведенный на английский текст, насколько он ляжет в интерфейс);   Опыт с travel как плюс.  ",,UX-редактор,0,1-3
08469291-8469-11ef-8511-25abf1fceba2,Системный администратор (PostgreSQL/Linux/Docker/k&s),"В Центр эксплуатации платёжной системы Департамента информационных технологий ищем коллегу! Специалисты Центра сопровождают важнейшие платёжные сервисы нашей страны: Систему быстрых платежей, Платформу Цифрового рубля, Системы передачи финансовых сообщений. Вакансия открыта в Управлении системотехнического обеспечения. Работая инженером в команде профессионалов и единомышленников, Вы будете обеспечивать работу мощных кластеров высоконагруженных сервисов и систем, познакомитесь с Enterprise-решениями и интересным стеком продуктов, в первую очередь операционными системами и базами данных. Также, Вы будете работать с контейнерами и их оркестраторами, помогать нам обеспечивать непрерывную работу наших pipeline-ов. Богатые внутренние компетенции наших специалистов позволят Вам в максимально сжатые сроки освоиться в нашем дружном коллективе и начать самостоятельно решать важные стратегические задачи подразделения. Задачи:  установка операционных систем, обновлений, анализ производительности работы ОС; установка обновлений, новых версий программного обеспечения СУБД PostreSQL (СУБД Oracle), а также инструментальных средств и приложений, резервное копирование и восстановление; работа с контейнерами и оркестраторами контейнеров; участие в проведении нагрузочных испытаний автоматизированных систем, выполнение работ по повышению производительности СУБД и приложений; установка, сопровождение и развитие средств мониторинга и управления операционными системами и базами данных, мониторинг работы баз данных.  Наши ожидания от кандидатов:  опыт администрирование ОС семейства Linux (установка операционной системы, обновлений, вопросы производительности); опыт работы с СУБД PostreSQL (СУБД Oracle); знание основ построения сетей передачи и хранения данных; приветствуется знание docker, kubernetes (k8s), ansible, salt - если нет, научим!  Будет плюсом:  администрирование сред виртуализации VMware; сопровождение IBM WebSphere Application Server; организация конфигураций высокой доступности и катастрофоустойчивости СУБД Oracle - Oracle Real ApplicationClusters, Oracle Data Guard; оптимизация SQL запросов и экземпляра СУБД Oracle, сопровождение СУБД других вендоров: PostgreSQL,MS SQL Server; использование семейства программных продуктов IBM Tivoli Spectrum Protect, HP Data Protector для резервного копирования и восстановления.  Мы предлагаем:   получение действительно уникального опыта в мегарегуляторе;   возможности для профессионального развития и развитую ИТ культуру: наставничество, обучение в Университете Банка России, профессиональные клубы, конференции, сильная команда руководителей и коллег;   работу с современным стеком технологий;   стабильность при постоянном развитии;   широкий социальный пакет (дополнительные дни к отпуску, возможности для отдыха по льготным ценам, свой многопрофильный медицинский центр, корпоративные скидки на спорт и активная спортивная жизнь внутри Банка России, пенсионная программа и многое другое);  сменный или скользящий график работы в офисе, м.Сходненская (шаговая доступность). 
","DevOps;Docker;Java/Kotlin/Scala;Kubernetes;Microsoft SQL Server;Oracle Database;PostgreSQL;Администрирование серверов и рабочих станций;Базовая работа с Linux;Виртуализация, облачная инфраструктура;Проведение испытаний образцов;Работа с автоматизированными системами управления;Работа с базами данных;Резервное копирование;Системы управления конфигурацией;Хранение и обработка данных",Администратор баз данных,0,0
117491503,Системный Администратор Oracle E-Business Suite (Oracle Applications),"Билайн - это стабильная компания в сфере информации и связи, один из крупнейших телеком-операторов России, обеспечивающий надежную работу инфраструктуры.Если ты готов решать сложные и масштабные задачи в команде экспертов – мы ждем твое резюме! Мы в поиске Системного Администратора Oracle E-Business Suite . В вашу сферу обязанностей войдут:  Администрирование системы Oracle E-Business Suite и базы данных Oracle. Обслуживание технологического стека: Weblogic, SSO (OAM/OID), ASM. Установка патчей Oracle и кастомизованных патчей. Оптимизация производительности, планирование ресурсов, мониторинг. Клонирование экземпляров, резервное копирование. Решение инцидентов, устранение аварий, аудит системы.  Мы рассчитываем, что ты владеешь этим опытом и навыками:  Участие во внедрении и сопровождении Oracle E-Business Suite. Опыт системного администрирования OEBS (R12). Опыт администрирования инфраструктуры Oracle. Опыт администрирования DB Oracle (19c). Знание Oracle Linux (Solaris), PL/SQL, ASM. Технический английский язык. ",Oracle Cloud Infrastructure;Oracle Database;Oracle E-Business Suite;Аудит;Базовая работа с Linux;Знание английского языка;Организаторские навыки;Построение компьютерных систем;Проведение аварийно-восстановительных работ;Резервное копирование;Управление продуктом,Администратор баз данных,0,3-6
112322830,Администратор WEB-серверов,"IQ GROUP - это группа компаний федерального уровня, осуществляющая свою деятельность с 2008 года и объединяющая в себе два направления бизнеса в области банкротства и IT решений.IT-направление предлагает решения для удобного и эффективного управления бизнесом, что позволяет нашим клиентам быстро адаптироваться к меняющимся условиям с помощью современных инструментов по оптимизации продаж, подбора кадром и системы отчетности.В связи с расширением и активным развитием компании мы предлагаем присоединиться к нашей команде в должности - Администратор WEB-серверов. Обязанности: Управление веб-серверами:  Установка, настройка и поддержка веб-серверов (Nginx, Apache или других); Обеспечение высокой доступности и производительности серверов; Мониторинг нагрузки и своевременное реагирование на инциденты.  Администрирование ОС:  Установка и настройка операционных систем (Linux/Unix, Windows Server); Управление обновлениями и патчами; Настройка прав доступа и управление пользователями.  Работа с контейнеризацией и оркестрацией:  Создание и управление контейнерами с использованием Docker; Опыт работы с оркестраторами (Kubernetes, Docker Swarm, или аналогами); Настройка CI/CD процессов для автоматизации развертывания.  Работа с базами данных:  Администрирование реляционных (MySQL, PostgreSQL) и нереляционных баз данных; Настройка репликации и резервного копирования данных; Оптимизация производительности баз данных.  Резервное копирование и восстановление данных:  Настройка системы бэкапов для серверов и баз данных; Регулярное тестирование восстановления данных из резервных копий.  Обеспечение безопасности:  Настройка межсетевых экранов и систем мониторинга; Обновление SSL-сертификатов, защита серверов от атак (например, DDoS); Аудит систем на наличие уязвимостей и их устранение.  Требования:  Опыт работы с веб-серверами (Nginx, Apache); Знание Linux/Unix на уровне системного администратора; Навыки работы с Docker и оркестраторами (Kubernetes, Docker Swarm); Опыт работы с базами данных: настройка, оптимизация и резервное копирование; Знание инструментов мониторинга (Prometheus, Grafana, Zabbix или аналогов); Опыт работы с системами контроля версий (Git); Понимание принципов DevOps будет преимуществом.  Условия:  Стабильный доход от 70 000 на руки; Работа в новом, комфортном, современном офисе в центре Автозаводского района (своя парковка, транспортная доступность); Молодой, дружный и продвинутый коллектив; Активная корпоративная жизнь, отсутствие дресс-кода, тимбилдинг; Огромный профессиональный опыт; Карьерный рост; Официальное трудоустройство по ТК; Удобный график – 5/2 с 08:30 до 16:30 (сб и вс выходной).  Если ты чувствуешь, что это твоя вакансия, смело откликайся и мы свяжемся с тобой в ближайшее время.Ждем тебя в нашей команде!</p>","Apache;Docker;Kubernetes;MySQL;Nginx;PostgreSQL;Администрирование серверов и рабочих станций;Базовая работа с Linux;Компьютерные сети, маршрутизация, протоколы;Работа с базами данных;Резервное копирование;Управление базами данных;Хранение и обработка данных",Администратор баз данных,70000,1-3
6ced43e1-6e81-11ef-8511-25abf1fceba2,Системный администратор (PostgreSQL/Linux/Docker/k&s),"В Центр эксплуатации платёжной системы Департамента информационных технологий ищем коллегу! Специалисты Центра сопровождают важнейшие платёжные сервисы нашей страны: Систему быстрых платежей, Платформу Цифрового рубля, Системы передачи финансовых сообщений. Вакансия открыта в Управлении системотехнического обеспечения. Работая инженером в команде профессионалов и единомышленников, Вы будете обеспечивать работу мощных кластеров высоконагруженных сервисов и систем, познакомитесь с Enterprise-решениями и интересным стеком продуктов, в первую очередь операционными системами и базами данных. Также, Вы будете работать с контейнерами и их оркестраторами, помогать нам обеспечивать непрерывную работу наших pipeline-ов. Богатые внутренние компетенции наших специалистов позволят Вам в максимально сжатые сроки освоиться в нашем дружном коллективе и начать самостоятельно решать важные стратегические задачи подразделения. Задачи:  установка операционных систем, обновлений, анализ производительности работы ОС; установка обновлений, новых версий программного обеспечения СУБД PostreSQL (СУБД Oracle), а также инструментальных средств и приложений, резервное копирование и восстановление; работа с контейнерами и оркестраторами контейнеров; участие в проведении нагрузочных испытаний автоматизированных систем, выполнение работ по повышению производительности СУБД и приложений; установка, сопровождение и развитие средств мониторинга и управления операционными системами и базами данных, мониторинг работы баз данных.  Наши ожидания от кандидатов:  опыт администрирование ОС семейства Linux (установка операционной системы, обновлений, вопросы производительности); опыт работы с СУБД PostreSQL (СУБД Oracle); знание основ построения сетей передачи и хранения данных; приветствуется знание docker, kubernetes (k8s), ansible, salt - если нет, научим!  Будет плюсом:  администрирование сред виртуализации VMware; сопровождение IBM WebSphere Application Server; организация конфигураций высокой доступности и катастрофоустойчивости СУБД Oracle - Oracle Real ApplicationClusters, Oracle Data Guard; оптимизация SQL запросов и экземпляра СУБД Oracle, сопровождение СУБД других вендоров: PostgreSQL,MS SQL Server; использование семейства программных продуктов IBM Tivoli Spectrum Protect, HP Data Protector для резервного копирования и восстановления.  Мы предлагаем:   получение действительно уникального опыта в мегарегуляторе;   возможности для профессионального развития и развитую ИТ культуру: наставничество, обучение в Университете Банка России, профессиональные клубы, конференции, сильная команда руководителей и коллег;   работу с современным стеком технологий;   стабильность при постоянном развитии;   широкий социальный пакет (дополнительные дни к отпуску, возможности для отдыха по льготным ценам, свой многопрофильный медицинский центр, корпоративные скидки на спорт и активная спортивная жизнь внутри Банка России, пенсионная программа и многое другое);  сменный или скользящий график работы в офисе, м.Сходненская (шаговая доступность). 
","DevOps;Docker;Java/Kotlin/Scala;Kubernetes;Microsoft SQL Server;Oracle Database;PostgreSQL;Администрирование серверов и рабочих станций;Базовая работа с Linux;Виртуализация, облачная инфраструктура;Проведение испытаний образцов;Работа с автоматизированными системами управления;Работа с базами данных;Резервное копирование;Системы управления конфигурацией;Хранение и обработка данных",Администратор баз данных,0,0
115712072,Администратор Linux/DBA,"Обязанности: - установка, настройка, сопровождение серверов на основе ОС семейства Linux;- установка, настройка, сопровождение баз данных на основе PostgreSQL;- установка, настройка, сопровождение баз данных на основе MSSQL;- настройка, сопровождение кластеров 1С;- публикация баз данных 1С. Требования: - опыт работы с ОС семейства Linux от 2 лет;- опыт работы с базами данных MSSQL, PostgreSQL от 2 лет;- понимание групп операторов DDL, DML, DCL и TCL в языке SQL;- опыт установки и настройки кластеров 1С. Публикации, обслуживания баз 1С;- умение писать SQL запросы, в том числе для анализа работы 1С;- высшее образование. Условия: - официальное оформление и заработная плата;- прозрачная система мотивации;- добровольное медицинское страхование;- гибридный формат работы;- график работы: 5\2 с 09:00 до 18:00;- офис в 5 минутах от м. Бауманская;- оплачиваемый больничный: в соответствии с ТК РФ + 100% компенсация от компании до 10 дней больничного;- оплачиваемый отпуск: 28 календарных дней.    ","Microsoft SQL Server;PostgreSQL;Администрирование 1С;Базовая работа с Linux;Компьютерные сети, маршрутизация, протоколы;Консультирование по 1С;Работа с базами данных",Администратор баз данных,0,1-3
117438315,Администратор Linux/DBA,"Обязанности: - установка, настройка, сопровождение серверов на основе ОС семейства Linux;- установка, настройка, сопровождение баз данных на основе PostgreSQL;- установка, настройка, сопровождение баз данных на основе MSSQL;- настройка, сопровождение кластеров 1С;- публикация баз данных 1С. Требования: - опыт работы с ОС семейства Linux от 2 лет;- опыт работы с базами данных MSSQL, PostgreSQL от 2 лет;- понимание групп операторов DDL, DML, DCL и TCL в языке SQL;- опыт установки и настройки кластеров 1С. Публикации, обслуживания баз 1С;- умение писать SQL запросы, в том числе для анализа работы 1С;- высшее образование. Условия: - официальное оформление и заработная плата;- прозрачная система мотивации;- добровольное медицинское страхование;- гибридный формат работы;- график работы: 5\2 с 09:00 до 18:00;- офис в 5 минутах от м. Бауманская;- оплачиваемый больничный: в соответствии с ТК РФ + 100% компенсация от компании до 10 дней больничного;- оплачиваемый отпуск: 28 календарных дней.    ","Microsoft SQL Server;PostgreSQL;Администрирование 1С;Базовая работа с Linux;Компьютерные сети, маршрутизация, протоколы;Консультирование по 1С;Работа с базами данных",Администратор баз данных,0,1-3
116854464,IT-разработчик баз данных / Web-разработчик,"Наша Группа компаний – это крупный производственный холдинг, в состав которого входят заводы по производству самоклеящейся этикетки и БОПП пленки. Компания стабильно развивается уже более 30-ти лет. Головной офис с производством находятся в Москве, производственные площадки также находятся в Тверской области (Тверь и Кувшиново). Обязанности:    Доработать и улучшить Систему управления производством (MESS): Проектировать и разрабатывать базу данных на основе одной из реляционных СУБД (MS SQL Server, PostgreSQL, MySQL и т. д.). Разрабатывать web-интерфейс для сотрудников, обеспечивающий:  Просмотр отчетов Ввод и редактирование данных Авторизацию пользователей и разграничение прав доступа   Оптимизировать обработку и хранение данных. Переносить, обрабатывать и трансформировать данные при необходимости. Работать с backend-разработкой на одном из языков программирования (Python, C#, PHP – обсуждается). Автоматизировать обмен данных несколько раз в день между MESS и 1С УПП/ЕРП.  Требования:  Опыт работы с базами данных и их администрированием (реляционные СУБД). Умение разрабатывать интеграционные решения и автоматизировать выгрузку данных. Опыт в разработке web-интерфейсов (авторизация, работа с отчетами и данными). Владение одним из языков программирования (Python, C#, PHP или аналогичные). Понимание принципов работы с 1С и Access (опыт интеграции – будет плюсом). Навыки оптимизации работы с большими объемами данных.  Условия:  Работа в стабильной производственной компании. Возможность самостоятельно спроектировать систему и реализовать её с нуля. Оформление по ТК РФ, заработная плата обсуждается. Работа в офисе (удаленный формат – обсуждается). ",,Администратор баз данных,0,1-3
0ec579b1-8469-11ef-8511-25abf1fceba2,Системный администратор (PostgreSQL/Linux/Docker/k&s),"В Центр эксплуатации платёжной системы Департамента информационных технологий ищем коллегу! Специалисты Центра сопровождают важнейшие платёжные сервисы нашей страны: Систему быстрых платежей, Платформу Цифрового рубля, Системы передачи финансовых сообщений. Вакансия открыта в Управлении системотехнического обеспечения. Работая инженером в команде профессионалов и единомышленников, Вы будете обеспечивать работу мощных кластеров высоконагруженных сервисов и систем, познакомитесь с Enterprise-решениями и интересным стеком продуктов, в первую очередь операционными системами и базами данных. Также, Вы будете работать с контейнерами и их оркестраторами, помогать нам обеспечивать непрерывную работу наших pipeline-ов. Богатые внутренние компетенции наших специалистов позволят Вам в максимально сжатые сроки освоиться в нашем дружном коллективе и начать самостоятельно решать важные стратегические задачи подразделения. Задачи:  установка операционных систем, обновлений, анализ производительности работы ОС; установка обновлений, новых версий программного обеспечения СУБД PostreSQL (СУБД Oracle), а также инструментальных средств и приложений, резервное копирование и восстановление; работа с контейнерами и оркестраторами контейнеров; участие в проведении нагрузочных испытаний автоматизированных систем, выполнение работ по повышению производительности СУБД и приложений; установка, сопровождение и развитие средств мониторинга и управления операционными системами и базами данных, мониторинг работы баз данных.  Наши ожидания от кандидатов:  опыт администрирование ОС семейства Linux (установка операционной системы, обновлений, вопросы производительности); опыт работы с СУБД PostreSQL (СУБД Oracle); знание основ построения сетей передачи и хранения данных; приветствуется знание docker, kubernetes (k8s), ansible, salt - если нет, научим!  Будет плюсом:  администрирование сред виртуализации VMware; сопровождение IBM WebSphere Application Server; организация конфигураций высокой доступности и катастрофоустойчивости СУБД Oracle - Oracle Real ApplicationClusters, Oracle Data Guard; оптимизация SQL запросов и экземпляра СУБД Oracle, сопровождение СУБД других вендоров: PostgreSQL,MS SQL Server; использование семейства программных продуктов IBM Tivoli Spectrum Protect, HP Data Protector для резервного копирования и восстановления.  Мы предлагаем:   получение действительно уникального опыта в мегарегуляторе;   возможности для профессионального развития и развитую ИТ культуру: наставничество, обучение в Университете Банка России, профессиональные клубы, конференции, сильная команда руководителей и коллег;   работу с современным стеком технологий;   стабильность при постоянном развитии;   широкий социальный пакет (дополнительные дни к отпуску, возможности для отдыха по льготным ценам, свой многопрофильный медицинский центр, корпоративные скидки на спорт и активная спортивная жизнь внутри Банка России, пенсионная программа и многое другое);  сменный или скользящий график работы в офисе, м.Сходненская (шаговая доступность). 
","DevOps;Docker;Java/Kotlin/Scala;Kubernetes;Microsoft SQL Server;Oracle Database;PostgreSQL;Администрирование серверов и рабочих станций;Базовая работа с Linux;Виртуализация, облачная инфраструктура;Проведение испытаний образцов;Работа с автоматизированными системами управления;Работа с базами данных;Резервное копирование;Системы управления конфигурацией;Хранение и обработка данных",Администратор баз данных,0,0
108130226,Системный администратор (PostgreSQL/Linux/Docker/k&s),"В Центр эксплуатации платёжной системы Департамента информационных технологий ищем коллегу! Специалисты Центра сопровождают важнейшие платёжные сервисы нашей страны: Систему быстрых платежей, Платформу Цифрового рубля, Системы передачи финансовых сообщений. Вакансия открыта в Управлении системотехнического обеспечения. Работая инженером в команде профессионалов и единомышленников, Вы будете обеспечивать работу мощных кластеров высоконагруженных сервисов и систем, познакомитесь с Enterprise-решениями и интересным стеком продуктов, в первую очередь операционными системами и базами данных. Также, Вы будете работать с контейнерами и их оркестраторами, помогать нам обеспечивать непрерывную работу наших pipeline-ов. Богатые внутренние компетенции наших специалистов позволят Вам в максимально сжатые сроки освоиться в нашем дружном коллективе и начать самостоятельно решать важные стратегические задачи подразделения. Задачи:  установка операционных систем, обновлений, анализ производительности работы ОС; установка обновлений, новых версий программного обеспечения СУБД PostreSQL (СУБД Oracle), а также инструментальных средств и приложений, резервное копирование и восстановление; работа с контейнерами и оркестраторами контейнеров; участие в проведении нагрузочных испытаний автоматизированных систем, выполнение работ по повышению производительности СУБД и приложений; установка, сопровождение и развитие средств мониторинга и управления операционными системами и базами данных, мониторинг работы баз данных.  Наши ожидания от кандидатов:  опыт администрирование ОС семейства Linux (установка операционной системы, обновлений, вопросы производительности); опыт работы с СУБД PostreSQL (СУБД Oracle); знание основ построения сетей передачи и хранения данных; приветствуется знание docker, kubernetes (k8s), ansible, salt - если нет, научим!  Будет плюсом:  администрирование сред виртуализации VMware; сопровождение IBM WebSphere Application Server; организация конфигураций высокой доступности и катастрофоустойчивости СУБД Oracle - Oracle Real ApplicationClusters, Oracle Data Guard; оптимизация SQL запросов и экземпляра СУБД Oracle, сопровождение СУБД других вендоров: PostgreSQL,MS SQL Server; использование семейства программных продуктов IBM Tivoli Spectrum Protect, HP Data Protector для резервного копирования и восстановления.  Мы предлагаем:   получение действительно уникального опыта в мегарегуляторе;   возможности для профессионального развития и развитую ИТ культуру: наставничество, обучение в Университете Банка России, профессиональные клубы, конференции, сильная команда руководителей и коллег;   работу с современным стеком технологий;   стабильность при постоянном развитии;   широкий социальный пакет (дополнительные дни к отпуску, возможности для отдыха по льготным ценам, свой многопрофильный медицинский центр, корпоративные скидки на спорт и активная спортивная жизнь внутри Банка России, пенсионная программа и многое другое);  сменный или скользящий график работы в офисе, м.Сходненская (шаговая доступность). ",,Администратор баз данных,0,1-3
fee98b21-6542-11ef-8511-25abf1fceba2,Разработчик 1С (EDT; Git; Linux),"В связи с ростом бизнеса мы расширяем свою команду 1С и открываем вакансию Разработчика 1С в группу разработки и внедрения ИТ решений в области перехода с ERP-систем SAP на 1С ЮЛ ООО ""Цифровая Формула Доверия"", являющаяся аккредитованной ИТ компанией в минцифры.О команде:Команда занимается проектированием и внедрением ERP решений на платформе 1С И нас уже 300+ экспертов своего дела. Вместе помогаем нашим клиентам решать нерешаемые задачи. Чем предстоит заниматься:  Участвовать в проектах по внедрению: 1C:ERP, 1C:ERP УХ  Наши внедряемые решения: 1С:MDM, 1С:ERP, 1С:TOIR, 1С:DO, Axelot WMS(1C);  Использовать новейшие технологии и внедряемые решения, такие как:  В качестве разработки среды мы используем EDT, для версионирования GitLab, в качестве ci-контура для автоматизированной сборки и тестирования решений - Jenkins, для тестирования и проверки качества кода – SonarQube, и для юнит тестов и дымовых тестов - VanessaFramework.  Работать с СППР, скрамбаном, с СУБД – Postgres SQL, эксплуатацией систем на Astra Linux, с интеграциями решений, где мы используем Datareon Platform Участвовать в проектировании функциональности внедряемых систем Проектировать и разрабатывать интеграционные механизмы, обменом данных Ведением разработкой по ТЗ Оптимизацией высоконагруженных систем, рефакторингом кода  Ждем от вас:  Опыт работы в качестве разработчика 1С не менее 3 лет Желательно знание одной из типовых конфигураций: 1C:ERP, 1С:Управление холдингом Знание 1С:БСП Знание платформы 1С 8 Опыт работы с EDT; Git; Linux Понимание взаимодействия платформы 1С и СУБД с точки зрения оптимизации производительности (обязательно) Знание стандартов и методик разработки компании 1С Знание основных причин не оптимальной работы запросов и методов их оптимизации Умение реализовывать обмены данными, используя типовые механизмы обмена данными (веб сервисы, REST API, Native и пр.), КД2/3  Будет большим плюсом:  наличие сертификатов 1С:Специалист по платформе и продуктам 1С навыки работы с инструментами CI/CD  Наши отличительные особенности:  Проекты внедрения/специализация сотрудников (аналитики, разработчики, архитекторы, методологи, эксперты в своих областях); Масштабные и длительные проекты, и один из них прямо сейчас уже идет. Это новый проект с нуля, в котором вы будете видеть свой вклад. Это масштабный, международный, высоконагруженный проект, которых почти не осталось на рынке РФ. Немного цифр: продлится не менее 2-хлет, количество пользователей около 3000, 30 интегрированных систем. В рамках этого проекта закладываем методики, технологии, прорабатываем гипотезы, чтобы сделать стандарты, которые будем рекомендовать на дальнейших крупных проектах. Мы используем современные технологии (такие как EDT, GitLab). И за ними – будущее! Зарождается новая методология внедрения! У нас нет начальников: матричная организационная структура предполагает, что рядом всегда будут сильные лидеры и опытные наставники, заинтересованные в вашем развитии: менеджер на проекте, тимлидер в подразделении, технический ментор в профессиональном сообществе. У нас развита культура предпринимательства: всегда поддерживаем инновационные идеи (знаешь как создать новые решения для клиентов? Как совершенствовать бизнес процесс или внедрить прорывную технологию?) твои идеи точно не останутся в стороне! Вы будете развиваться как эксперт, оттачивать свои технические навыки и повышать уровень профессиональной экспертизы. Решая сложные задачи для наших клиентов, вы будете формировать портфолио проектного опыта на уникальных и масштабных задачах. Внутри фирмы вы сможете развиваться как технический ментор и наставник для коллег, выступать в качестве спикера и автора в крупнейших профессиональных сообществах. В ТеДо вознаграждение и уровень должности сотрудников определяется развитием их профессионализма и уровня ответственности. Мы продвигаем на следующий карьерный уровень и пересматриваем вознаграждение по мере развития компетенций: скорость вашего карьерного роста зависит только от вас!  Что еще?  у нас есть стандарты разработки, выстроенные процессы разработки, которые регламентируются, четко поставленные задачи команда больше 260 человек возможность роста до ведущего разработчика, архитектора  Любим стратегию win-win, поэтому предлагаем:  Оформление в штат в аккредитованную IT компанию, по ТК РФ, ГПХ, индивидуально можем рассмотреть ип и самозанятость Удаленная работа на территории РФ, но если хочешь в офис, у нас их множество в разных крупных городах РФ Неформальная обстановка внутри команды, которая ориентирована на общий результат, коллеги все позитивные и приятные люди, без токсиков ДМС со стоматологией с 1 дня работы Оборудование (ноут, монитор), оплата моб. связи 28 календарных оплачиваемых дней отпуска, плюс дополнительные 3 дня. А также 3 оплачиваемых отгула без больничного, если вы заболели 2 недели в году, оплачивается обучение, и засчитывается за рабочие дни Скидки на английский и фитнес Самые трендовые и интересные проекты в области 1С Бесплатный внутренний широкий спектр программ обучения, подкасты, материалы  Приходи к нам, и ты станешь частью крутой команды!
",API;CI/CD;Git;Gitlab;PostgreSQL;Базовая работа с Linux;Разработка 1С;Разработка программного обеспечения;Рефакторинг;Формирование технических заданий,Дата-инженер,0,0
107637738,Арт-директор графического дизайна,"СберЗдоровье - крупнейшая в России Digital Health платформа, объединяющая различные сервисы цифровой медицины. Сервис начал свою работу в 2012 году под брендом DocDoc. Мы помогли миллионам людей получить помощь и продолжаем повышать качество медицинских услуг. Об IT в цифрах:  3 бизнес-направления; 21+ команд; 317 IT специалистов (devops, manual/auto QA, web/mobile devs, backend devs, аналитики, архитекторы и др.) из 40+ городов.  Чем предстоит заниматься:     Ребрендингом СберЗдоровья совместо с командой инхаус и агенства;   Прокачать навыки текущей команды;   Настроить работу между отделом дизайна и внутренними заказчиками;   Контролировать операционные метрики отдела: Попадание в первоначальную оценку, в дедлайн, загрузка и недозагрузка бренд-дизайнеров. С этим будет помогать дизайн-директор;   Решать вопросы с заказчиками, отстаивать решения бизнесу не только визуальные, но и процессные.   Мы ждём, что вы:   Работали в крупных компаниях, агентствах или студиях на релевантных должностях.   Понимаете психологию восприятия визуальных образов и семантику.   Умеете визуализировать идеи на бумаге и скетчировать от руки.   Владеете Adobe Photoshop, Illustrator, InDesign, AfterEffects, Figma.   Понимаете 3D или владеете C4D, Blender на простом уровне — это большой плюс.   Креативны, погружены в контекст современного дизайна, уделяете внимание семантике и систематичности.   Внимательны к деталям в композиции и типографике.   Способны вести задачи самостоятельно, руководить командой и коммуницировать с заказчиком.   Будет плюсом, если интересуетесь работой с нейросетями Midjourney, Stable Diffusion.   Что тебе может дать СберЗдоровье:  Сильную команду профессионалов, увлеченных своим делом;  Полный рабочий день, гибридный график;   Уютный офис в БЦ Technopark Plaza с панорамным видом на город;  ДМС после прохождения испытательного срока; Оплачиваемые курсы английского языка в нашем офисе; Бесплатные занятия спортом: сквош, футбол, беговой клуб; Компенсация спортивного абонемента; СберУниверситет и оплата профильного обучения и курсов.  А еще:   Мы общаемся на “ты”, не любим бюрократию и всегда помогаем друг другу;   Всегда поддержим, если ты захочешь посетить профильные конференции, и, тем более, выступить на них :)  ",,Дата-инженер,0,3-6
106863325,QA Engineer Web (Middle) / Специалист по тестированию (Digital Health),"ONDOC — PRM-сервис (Patient Relationship Management Software) Мы создали платформу, которая объединяет клиники, врачей, пациентов в цифровом пространстве и помогает им более эффективно решать задачи заботы о здоровье. Например, с помощью нашего сервиса пациенты могут получать результаты в электронную медкарту, записываться на прием к врачу в клинику или получить онлайн-консультацию, контролировать курс приема лекарств или изменение показателей здоровья. Сейчас к сервису подключено более 250 клиник в 40 городах и более 1 500 000 пользователей, которые следят за своим здоровьем.   Усиливаем команду QA, чтобы предоставить клиникам, врачам и пациентам лучший продукт для заботы о здоровье и упросить коммуникацию в медицине.   Какие задачи надо будет решать?  Проверять требования к продукту; Готовить сценарии тестирования на основе требований; Составлять тест-планы; Проводить ручное тестирование Web приложений; Вносить данные об ошибках и проверять исправление дефектов; Внедрять современные инструменты организации процесса тестирования  В зависимости от ваших знаний и опыта работы с разными платформами, основные задачи тестирования в первые месяцы могут быть связаны либо только с web-платформой, либо с web &amp; mobile.    Необходимые навыки  Опыт тестирования клиент-серверных приложений (не менее 2-х лет); Понимание принципов и методологий тестирования; Хорошее знание циклов и принципов разработки ПО; Опыт тестирования без функциональной спецификации; Опыт работы с тестовой документацией, баг-трекинговыми и кейс-трекинговыми системами (Confluence, Jira, TestRail, TestIT); Хорошее визуальное восприятие, понимание основ юзабилити;    Будет плюсом  Опыт работы по методологиям Scrum или Kanban; Знание языков программирования и SQL-баз данных;    Особенности  У нас дружный коллектив, открытая коммуникация и теплая атмосфера; Мы активные - очень увлечены продуктом, любим скорость при сохранении качества; Если вы фанат своего дела - вам будет с нами интересно; Мы ориентированы на результат. Иногда это создает более высокую нагрузку, но так как мы любим то, что делаем - мы с этим отлично справляемся.Для вас это означает, что если что-то пошло не так (например: команда передает задачу в проверку позже, чем нужно) может быть потребность вашего включения в работу за пределами стандартного рабочего графика. Но, мы стремимся минимизировать такие ситуации, поэтому мы постепенно расширяем команду и улучшаем подходы к планированию и разработке. Вы сможете принять активное участие в развитии продукта не только на уровне тестирования, но и непосредственно предлагая изменения в UI/UX и функциональных возможностях; Мы любим создавать сервисы, которые помогают людям сохранять здоровье; Вместо бюрократии выбираем ответственность;    Компенсации  Официальное оформление (доступны разные форматы) Полностью белая заработная плата; Индексация заработной платы по результатам работы;    Формат  У нас плавающее начало рабочего дня (9-12 утра); Гибридный формат работы: офис и/или удаленно; Если вы планируете переехать в другую страну (или уже переехали), мы сможем построить с вами полностью удаленную работу.  Штаб-квартира расположена на улице Рубинштейна, в шаговой доступности от м. Владимирская, Маяковская и Гостиный двор. Вокруг много отличных мест для обеда и вечерних прогулок с друзьями.  ",Atlassian Confluence;Atlassian Jira;SQL;Test IT;TestRail;Базовая работа с Linux;Ведение документооборота;Организаторские навыки;Разработка программного обеспечения;Регрессионное тестирование;Управление проектами;Функциональное тестирование,Дата-инженер,135000,3-6
115799350,QA Engineer Web (Middle) / Специалист по тестированию (Digital Health),"ONDOC — PRM-сервис (Patient Relationship Management Software) Мы создали платформу, которая объединяет клиники, врачей, пациентов в цифровом пространстве и помогает им более эффективно решать задачи заботы о здоровье. Например, с помощью нашего сервиса пациенты могут получать результаты в электронную медкарту, записываться на прием к врачу в клинику или получить онлайн-консультацию, контролировать курс приема лекарств или изменение показателей здоровья. Сейчас к сервису подключено более 250 клиник в 40 городах и более 1 500 000 пользователей, которые следят за своим здоровьем.   Усиливаем команду QA, чтобы предоставить клиникам, врачам и пациентам лучший продукт для заботы о здоровье и упросить коммуникацию в медицине.   Какие задачи надо будет решать?  Проверять требования к продукту; Готовить сценарии тестирования на основе требований; Составлять тест-планы; Проводить ручное тестирование Web приложений; Вносить данные об ошибках и проверять исправление дефектов; Внедрять современные инструменты организации процесса тестирования  В зависимости от ваших знаний и опыта работы с разными платформами, основные задачи тестирования в первые месяцы могут быть связаны либо только с web-платформой, либо с web &amp; mobile.    Необходимые навыки  Опыт тестирования клиент-серверных приложений (не менее 2-х лет); Понимание принципов и методологий тестирования; Хорошее знание циклов и принципов разработки ПО; Опыт тестирования без функциональной спецификации; Опыт работы с тестовой документацией, баг-трекинговыми и кейс-трекинговыми системами (Confluence, Jira, TestRail, TestIT); Хорошее визуальное восприятие, понимание основ юзабилити;    Будет плюсом  Опыт работы по методологиям Scrum или Kanban; Знание языков программирования и SQL-баз данных;    Особенности  У нас дружный коллектив, открытая коммуникация и теплая атмосфера; Мы активные - очень увлечены продуктом, любим скорость при сохранении качества; Если вы фанат своего дела - вам будет с нами интересно; Мы ориентированы на результат. Иногда это создает более высокую нагрузку, но так как мы любим то, что делаем - мы с этим отлично справляемся.Для вас это означает, что если что-то пошло не так (например: команда передает задачу в проверку позже, чем нужно) может быть потребность вашего включения в работу за пределами стандартного рабочего графика. Но, мы стремимся минимизировать такие ситуации, поэтому мы постепенно расширяем команду и улучшаем подходы к планированию и разработке. Вы сможете принять активное участие в развитии продукта не только на уровне тестирования, но и непосредственно предлагая изменения в UI/UX и функциональных возможностях; Мы любим создавать сервисы, которые помогают людям сохранять здоровье; Вместо бюрократии выбираем ответственность;    Компенсации  Официальное оформление (доступны разные форматы) Полностью белая заработная плата; Индексация заработной платы по результатам работы;    Формат  У нас плавающее начало рабочего дня (9-12 утра); Гибридный формат работы: офис и/или удаленно; Если вы планируете переехать в другую страну (или уже переехали), мы сможем построить с вами полностью удаленную работу.  Штаб-квартира расположена на улице Рубинштейна, в шаговой доступности от м. Владимирская, Маяковская и Гостиный двор. Вокруг много отличных мест для обеда и вечерних прогулок с друзьями.  ",Atlassian Confluence;Atlassian Jira;Test IT;TestRail;UI/UX Исследования;Базовая работа с Linux;Ведение документооборота;Организаторские навыки;Разработка программного обеспечения;Регрессионное тестирование;Управление проектами;Функциональное тестирование,Дата-инженер,145000,3-6
106922609,Инженер данных в отдел веб аналитики,"Наша компания — это data-driven компания с передовыми ИТ технологиями, в том числе с внутренней разработкой. Мы переосмысливаем DIY ритейл в России. Продукты, над которыми мы работаем: сайт, мобильные приложения для клиентов и сотрудников, ПО для магазинов, DATA продукты, платформенные решения для работы с товарным предложением, логистикой, создания и управления микросервисами, коммуникаций с клиентами и многие другие. Задачи позиции:  Поддержка настроенной интеграции данных Google Analytics и FireBase в DataLake (Greenplum) Разрабатывать схемы подключения новых источников в DataLake Принимать участие в архитектурных решениях Разрабатывать процедуры формирования детального слоя данных и слоя витрин DataLake Создавать и улучшать процессы обработки данных Реализовывать процессы CI/CD и мониторинга разработанных процессов обработки данных (Grafana, Prometheus) Создание manual и automated DQ тестов Документирование работы в Confluence  ОБЯЗАННОСТИ:  Поддержка настроенной интеграции данных Google Analytics и FireBase в DataLake (Greenplum) Разрабатывать схемы подключения новых источников в DataLake Принимать участие в архитектурных решениях Разрабатывать процедуры формирования детального слоя данных и слоя витрин DataLake Создавать и улучшать процессы обработки данных Реализовывать процессы CI/CD и мониторинга разработанных процессов обработки данных (Grafana, Prometheus) Создание manual и automated DQ тестов Документирование работы в Confluence  ТРЕБОВАНИЯ:  Понимание принципа работы MPP баз данных (в частности Greenplum) SQL с навыком оптимизации запросов (чтение плана, оценка, оптимизация) Apache Spark - хотя бы понимание что это и для чего используется. В нашем случае актуален pyspark, но если был опыт со scala + spark, то это ок. S3, хотя бы понимание что это и для чего Airflow, понимание на хорошем уровне (как писать даги, архитектура, best practice). Понимание CI/CD, большой плюс, если есть опыт настройки процессов Опыт работы с системами контроля версий (Git) Data Quality, хотя бы понимание зачем это надо  Что мы готовы предложить:  работу в компании с развитой инженерной культурой; гибкую систему премирования; расширенный социальный пакет: ДМС со стоматологией с первого месяца работы, психолог и страхование жизни, компенсация питания и оплата мобильной связи; возможности профессионального роста, программы развития для сотрудников; корпоративное обучение и доступ к базе знаний; внутренние профессиональные сообщества и мероприятия; автономность работы, возможность менять правила, ошибаться и создавать новое; гибридный формат работы; современный офис в 2 минутах ходьбы от МЦК ЗИЛ. ",Apache;Apache Airflow;Apache Spark;Atlassian Confluence;CI/CD;DWH;ETL;Firebase;Git;Google Analytics;Grafana;Java/Kotlin/Scala;PostgreSQL;Python;Навыки оценки эффективности рекламных инструментов;Оценка эффективности рекламных инструментов;Работа с базами данных;Работа с тестом;Разработка архитектурных решений;Сетевой мониторинг и логирование;Умение принимать решения;Хранение и обработка данных,Дата-инженер,0,3-6
113143172,Системный администратор Windows/Linux,"  Наш подход в IT   По духу мы стартап, а в деле — энтерпрайз   Работаем в кросс-функциональных продуктовых командах: продакты,   аналитики, разработчики, QA инженеры   Используем гибкие методологии (agile у нас правда работает)   Развиваем процессы DevOps, которые реализованы через Gitlab CI/CD в инфраструктуре Kubernetes   Придерживаемся подходов ООП (объектно-ориентированного программирования)   Стремимся к принципам CI/CD — непрерывной интеграции и поставки кода   Пишем на: Go, NodeJS, Angular, PHP   Используем PostgreSQL, Redis, RabbitMQ для управления и хранения данных   Вопросы администрирования и поддержки лежат на инфраструктуре (сетевые инженеры, DBA, системные администраторы Linux)   Чем предстоит заниматься  Обеспечение непрерывной доступности ИТ систем компании за счёт настройки мониторинга Zabbix/Grafana/Prometheus Автоматизация рутинных задач - Ansible/Terraform/Скрипты Администрирование ОС Linux и Windows Обслуживание и настройка парка серверного и сетевого оборудования Развитие, настройка и администрирование систем системы видеонаблюдения. Администрирование систем СКУД, ЭДО, ЭЦП Взаимодействие с подрядными организациями, контроль выполнения работ Выполнение заявок 2-3 линии поддержки  Что мы хотим видеть в кандидате   Опыт работы от 3-х лет в роли системного инженера/системного администратора   Навыки администрирования Linux, Windows   Опыт работы с системами мониторинга   Опыт работы с серверным оборудованием   Умение работать в команде   Мы предлагаем   Официальное трудоустройство в аккредитованной IT-компании   Открытую культуру и команду, возможность учиться и развиваться внутри компании   График работы 2/2 с 8.00 до 20.00   Обучение в академии 12 STOREEZ, скидки от партнеров Skillbox, Skyeng   Полис ДМС со стоматологией   Скидки на продукцию бренда и сертификат на день рождения   Комфортная среда: мягкие переговорные, фрукты и ароматный кофе на кухне, “пятница — день собак” и другие приятные мелочи   Офис в стиле лофт на Трехгорной Мануфактуре: 10-15 минут пешком от станций метро Улица 1905 года, Выставочная, Краснопресненская   Какие этапы предстоит пройти   Свяжемся, чтобы выбрать удобное время для интервью   На интервью с HR поговорим о ваших целях и опыте   На интервью с будущим руководителем обсудим задачи и приоритеты, расскажем, как устроен рабочий процесс   На интервью с амбассадором найма смотрим, насколько мы сходимся по ценностям   Запросим рекомендации у ваших предыдущих работодателей   Отправим оффер  ","Active Directory/LDAP;Back-end разработка;CI/CD;Front-end разработка;Grafana;PHP;PostgreSQL;RabbitMQ;Redis;Terraform;Администрирование Windows;Базовая работа с Linux;Ведение документооборота;Выполнение производственного технического контроля;Компьютерные сети, маршрутизация, протоколы;Контроль качества;Объектно-ориентированное программирование;Работа с подрядчиками;Работа с системами видеонаблюдения;Сетевой мониторинг и логирование;Системы управления конфигурацией",DevOps-инженер,0,1-3
115496815,Senior Java/Kotlin-разработчик в команду Development Platform [МТС Web Services (MWS)],"MTС Web Services (MWS) — облачные сервисы для решения задач вашего бизнеса. Мы предоставляем сетевые сервисы; продукты для вычисления, хранения и обработки данных; PaaS-решения; инструменты кибербезопасности; профессиональные сервисы и ИИ-решения. Мы также инвестируем в создание публичной облачной платформы собственной разработки, которая станет доступна в 2025 году. MWS — через облако к новым высотам. Команда Development Platform создает базовую инфраструктуру для разработчиков Облака. Это общие библиотеки и фреймворки, практики и подходы разработки, различная автоматизация рутинных задач разработчиков по созданию и запуску сервисов. Наша цель - сделать так, чтобы разработчик в первую очередь решал задачи сервиса, а не отвлекался на рутину. Основные языки поддерживаемые нашей платформой это: C, C++, Golang, Java, Kotlin. Чем предстоит заниматься:  разрабатывать API Gateway сервиса для построения UI и публичного API; создавать общие подходы к построению API Облака, например, локализацию сообщений с учетом цепочки сервисов; работать над сервисом Storage CPL при создании системы управления сетевыми дисками в Облаке; реализовывать универсальные клиентские библиотеки к сервисам облака поверх существующих библиотек для работы c HTTP; исследовать возможности использовать R2DBC и неблокирующего драйвера к базе данных, поддержки корутин в Kotlin и virtual threads; прорабатывать механизмы сборки и разрешения зависимостей между компонентами платформы и кодом других сервисов Облака; решать прочие инфраструктурные задач для разработчиков CloudMTS.  Что мы ждём от кандидатов:  опыт разработки на Java или Kotlin больше трех лет; опыт написания и оптимизации SQL запросов; ответственность, умение работать самостоятельно и в команде; готовность погрузиться в предметную область построения облачной инфраструктуры.  Что мы предлагаем:  гибридный или полностью удалённый формат работы из России, с возможностью гибкого начала и окончания рабочего дня; профессиональные гильдии инженеров по направлениям, чтобы поддерживать друг друга и обмениваться опытом; участие во внешних IT конференциях; полезные курсы и вебинары в корпоративном университете и электронные библиотеки.  А еще:  медицинскую страховку с 1 месяца со 100% покрытием расходов, включая стоматологию, страхование жизни и здоровья в поездках за рубеж. А еще можно застраховать родственников с корпоративной скидкой; доступ к сервису «Понимаю»: онлайн-консультации с психологом, юристом, экспертом по финансам или ЗОЖ; корпоративный и командный психолог в офисе и массажный кабинет; единую подписку МТС Premium — KION light в онлайн-кинотеатре KION, сервис МТС Music, 30 дней бесплатного пользования подпиской OZON Premium; скидки и предложения от партнеров на фитнес, занятия английским и прочее. ","API;Java/Kotlin/Scala;SQL;UI/UX Дизайн;Компьютерные сети, маршрутизация, протоколы;Навыки оценки эффективности рекламных инструментов;Ответственность;Оценка эффективности рекламных инструментов;Работа в команде;Самоорганизованность;Самостоятельность",DevOps-инженер,0,6-
115497099,Senior Java/Kotlin-разработчик в команду Compute [МТС Web Services (MWS)],"MTС Web Services (MWS) — облачные сервисы для решения задач вашего бизнеса. Мы предоставляем сетевые сервисы; продукты для вычисления, хранения и обработки данных; PaaS-решения; инструменты кибербезопасности; профессиональные сервисы и ИИ-решения. Мы также инвестируем в создание публичной облачной платформы собственной разработки, которая станет доступна в 2025 году. MWS — через облако к новым высотам. Команда Compute разрабатывает проект infrastructure-as-a-service (IaaS). Это базовый компонент Облака (MWS), который позволяет пользователю получить виртуальные машины и использовать их. Мы создаем для пользователей базовую ценность по получению вычислительных ресурсов. Чем предстоит заниматься:  работать над слоем управляющих сервисов, написанных на kotlin (и java), использовать spring, популярные open source библиотеки, а в качестве базы данных - PostgreSQL работать с агентом управления - хостом, написанным на go, тесно взаимодействовать с системными компонентами заниматься виртуализацией - мы используем QEMU, Control Groups (cgroups) и другие механизмы ядра linux.  Что мы ждём от кандидатов:  опыт разработки на Java или Kotlin больше трех лет опыт написания и оптимизации SQL запросов знакомство со средствами анализа и хранения больших данных - hadoop, spark, clickhouse и тп будет плюсом опыт работы с k8s и другими инструментами infrastructure as a code, например teraform также будет плюсом ответственность, умение работать самостоятельно и в команде готовность погрузиться в предметную область построения облачной инфраструктуры.  Что мы предлагаем:  гибридный или полностью удалённый формат работы из России, с возможностью гибкого начала и окончания рабочего дня; профессиональные гильдии инженеров по направлениям, чтобы поддерживать друг друга и обмениваться опытом; участие во внешних IT конференциях. Мы выступаем на HighLoad++, DataFest, Mobius, Test Driven Conf, Joker, DevOps и другие; полезные курсы и вебинары в корпоративном университете и электронные библиотеки.  А еще:  медицинскую страховку с 1 месяца со 100% покрытием расходов, включая стоматологию, страхование жизни и здоровья в поездках за рубеж. А еще можно застраховать родственников с корпоративной скидкой; доступ к сервису «Понимаю»: онлайн-консультации с психологом, юристом, экспертом по финансам или ЗОЖ; корпоративный и командный психолог в офисе и массажный кабинет; единую подписку МТС Premium — KION light в онлайн-кинотеатре KION, сервис МТС Music, 30 дней бесплатного пользования подпиской OZON Premium; скидки и предложения от партнеров на фитнес, занятия английским и прочее. ",Apache Spark;ClickHouse;Golang;Hadoop;Java/Kotlin/Scala;Kubernetes;SQL;Анализ данных;Работа в команде;Разработка деталей и узлов;Самостоятельность,DevOps-инженер,0,6-
115502592,Middle/Senior Kotlin/Java-разработчик в команду CNAPP [МТС Web Services (MWS)],"MTС Web Services (MWS) — облачные сервисы для решения задач вашего бизнеса. Мы предоставляем сетевые сервисы; продукты для вычисления, хранения и обработки данных; PaaS-решения; инструменты кибербезопасности; профессиональные сервисы и ИИ-решения. Мы также инвестируем в создание публичной облачной платформы собственной разработки, которая станет доступна в 2025 году. MWS — через облако к новым высотам. Команда Cloud Native Application Protection Platform (CNAPP) реализует функционал централизованного диспетчерского центра для управления безопасностью облачных приложений и инфраструктуры.Этот сервис объединяет инструменты Cloud Security Posture Management (CSPM) и Cloud Workload Protection Platform (CWPP) для полного контроля и защиты облачных сервисов. Основная задача CNAPP — обеспечить комплексный обзор состояния безопасности, управление политиками и автоматизированное реагирование на угрозы. Мы ожидаем инженерную проработку задач и взаимодействие с другими инфраструктурными командами, включая:   команды информационной безопасности,   команду инфраструктуры.   Команда отвечает за полный цикл продукта: от разработки и внедрения инфраструктурных компонентов до публикации этих данных в пользовательском интерфейсе. Мы ищем людей, которые умеют ставить перед собой цели и достигать их, предоставляя взамен возможности для профессионального роста и самореализации. Чем предстоит заниматься:  Разработка сервиса анализа пользовательской конфигурации облачной инфраструктуры для предоставления рекомендаций по безопасности. Разработка сервиса для защищённого подключения к виртуальным машинам в облаке. Разработка собственного агента для мониторинга и обеспечения безопасности операционной системы на клиентской машине.  В команде у вас будет возможность выбрать область ответственности, активно участвовать в системном дизайне решений и проверять качество своей работы на практике в реальных пользовательских продуктах. Что мы ждём от кандидата:  Опыт коммерческой разработки на Kotlin (и Java) от 3-х лет; Умение работать с PostgreSQL; Опыт работы в операционной системе Linux; Навыки работы с Kubernetes (k8s); Будет плюсом: навыки проектирования сложных систем; Готовность погрузиться в предметную область построения облачной инфраструктуры; Готовность работать самостоятельно и в команде.  Что мы предлагаем:  гибридный или полностью удалённый формат работы из России, с возможностью гибкого начала и окончания рабочего дня; профессиональные гильдии инженеров по направлениям, чтобы поддерживать друг друга и обмениваться опытом; участие во внешних IT конференциях; полезные курсы и вебинары в корпоративном университете и электронные библиотеки.  А ещё:  медицинскую страховку с 1 месяца со 100% покрытием расходов, включая стоматологию, страхование жизни и здоровья в поездках за рубеж. А еще можно застраховать родственников с корпоративной скидкой; доступ к сервису «Понимаю»: онлайн-консультации с психологом, юристом, экспертом по финансам или ЗОЖ; корпоративный и командный психолог в офисе и массажный кабинет; единую подписку МТС Premium — KION light в онлайн-кинотеатре KION, сервис МТС Music, 30 дней бесплатного пользования подпиской OZON Premium; скидки и предложения от партнеров на фитнес, занятия английским и прочее. ",,DevOps-инженер,0,3-6
107055221,Системный администратор Linux / DevOps (Middle),"Привет! Мы — ProfitFamily, продуктовая компания, которая более 8 лет развивается в сфере интернет-рекламы. За это время нам удалось реализовать свои успешные сервисы: нативную рекламную сеть, сеть по монетизации push-уведомлений, RTB аукцион, CPA платформу и другие решения. Все эти продукты — highload-системы со средней нагрузкой 3000 rps. Сейчас мы ищем Системного администратора Linux (Middle).Команда IT отдела: CTO, IT Team Lead, 7 системных администраторов и помощник.Что мы с радостью предложим:   Inhouse продукты и полный highload  Работа в быстрорастущей компании (за последние 2 года мы выросли в 3 раза, запустили множество новых отделов и направлений) Гибкий старт (с 7:30 до 10:00 можно начинать каждый день в любое время из этого интервала и регулировать окончание рабочего дня), график 5\2, 8-часовой рабочий день Конкурентная заработная плата Белое оформление с первого дня в аккредитованную IT или другие варианты  Мы заботимся о здоровье своих сотрудников - предлагаем ДМС или оплату спорта (на выбор)  Welcome-набор с мерчом - подарок от компании по окончании испытательно срока Подарки ко Дню Рождения/Годовщине работы/Свадьбе/Рождению ребенка Оплачиваемые обучения/повышения квалификации после прохождения испытательного срока Корпоративные английский/библиотека/митапы/конференции после прохождения испытательного срока Удобное программное обеспечение для работы: корпоративный мессенджер Slack, база знаний и процессов Confluence, менеджер задач Jira. Минимум бюрократии и формализма: у нас нет кучи согласований, правок, мы работаем быстро, ценим удобство и результат  Задачи:   Администрирование Linux-серверов: VM и bare-metal сервера   Поддержка отказоустойчивых систем, работающих непрерывно и бесперебойно   Администрирование и настройка СУБД (MySQL, PostgreSQL, ClickHouse)   Оптимизация и автоматизация IT-процессов компании, внедрение лучших практик   Настройка систем мониторинга и оповещения   Участие в проектных задачах   Участие в дежурствах по графику (оплачиваются отдельно)   Пожелания к опыту:   Опыт системного администрирования ОС на базе Linux/Unix от 3х лет (Ubuntu, CentOS)   Уверенный опыт работы с веб-серверами (Nginx, php-fpm)   Опыт администрирования СУБД (MySQL, PostgreSQL, ClickHouse)   Опыт работы с системами мониторинга (Zabbix, Grafana, Prometheus)   Опыт работы с системами логирования (ELK, Graylog, Kibana)   Работа с контейнеризацией (Docker, Docker Swarm)   Опыт работы с системами виртуализации (KVM, Proxmox, oVirt и т.д.)   Опыт работы с высоконагруженными веб-кластерами   Опыт работы с системой управления конфигурацией (Ansible, Salt и т.д.)   Умение работать в режиме многозадачности   Будет плюсом:   Опыт поддержки highload-систем (от 100000 RPS)   Опыт работы с noSQL БД (Redis, AeroSpike)   Работа с CI/CD в GitLab   написание скриптов автоматизации на Python/Bash   Если вас заинтересовала вакансия, оставляйте отклик! Будем рады знакомству :)  ","Atlassian Jira;CI/CD;ClickHouse;Docker;ElasticSearch;Gitlab;Grafana;MySQL;Nginx;PHP;PostgreSQL;Администрирование серверов и рабочих станций;Базовая работа с Linux;Виртуализация, облачная инфраструктура;Построение компьютерных систем;Сетевой мониторинг и логирование;Управление базами данных",DevOps-инженер,180000,3-6
116060433,Системный инженер Linux,"«Золотое Яблоко» – это прогрессивный и быстро развивающийся омниканальный бизнес в beauty-сегменте федерального масштаба. Нас отличает смелость и желание быть первыми во всём: мы экспериментируем, пробуем и внедряем новое, и в первую очередь - инновационные технологии. Сейчас перспективным направлением внутри бизнеса становится развитие IT-департамента, куда мы активно привлекаем талантливых людей. Компания занимается разработкой как внешних e-commerce продуктов, так и улучшением внутренних систем и процессов. Динамика развития бизнеса даёт возможности каждому из нас работать над интересными проектами, расти внутри компании и просто получать удовольствие от тех задач, которые предстоит решать каждый день. Приглашаем в нашу команду Системного инженера Linux. КЛЮЧЕВЫЕ ЗАДАЧИ:   Диагностировать и оперативно устранять проблемы в функционировании высоконагруженных IT-сервисов на базе Linux-систем Администрировать и развить сервисоы на базе Linux-систем Администрировать и развить сервисы в инфраструктуре Kubernetes   НАВЫКИ И ЗНАНИЯ:   Опыт администрирования серверных ОС Linux/Unix (CentOS, OEL, Ubuntu) Опыт работы с Kubernetes кластерами Опыт работы с Ansible Опыт работы с системами контейнеризации Docker, Podman Знания и опыт построения CI/CD-процессов (на основе GitLab) Знания в области распределения нагрузки и масштабирования систем на основе (Nginx, HAProxy) Опыт автоматизации рутинных процессов на скриптовых языках (Bash) Опыт администрирования систем виртуализации (в том числе с использованием инструментов powercli), а также опыт развертывания, настройки, поиска и устранения неисправностей Базовые знания работы СКС, понимание принципов его работы для поиска и устранения неисправностей Приветствуется опыт работы с Terraform   МЫ ПРЕДЛАГАЕМ:   Официальный статус ИТ-компании Персональное предложение по заработной плате, соответствующее опыту и ожиданиям Пятидневная рабочая неделя ДМС и компенсация питания Штаб-квартира в центре Екатеринбурга - это современное офисное пространство: зоны для отдыха, кухня с барной стойкой и печью для пиццы, переговорки и кофепойнты Никаких ограничений по дресс-коду и внешнему виду. Мы уважаем твою индивидуальность! Обучение за счет компании, корпоративные скидки на продукцию, техника для работы  Мы внимательно знакомимся с каждым поступившим к нам резюме, и если твой опыт покажется нам подходящим, мы обязательно свяжемся с тобой!","CI/CD;Docker;Gitlab;HAProxy;Kubernetes;Nginx;Администрирование серверов и рабочих станций;Базовая работа с Linux;Визуализация данных;Виртуализация, облачная инфраструктура;Выполнение ремонтных работ;Диагностика неисправностей;Контейнеризация;Системы управления конфигурацией;Смелость",DevOps-инженер,0,3-6
107953885,DevOps-инженер (Kafka) в команду Managed DB & MQ [МТС Web Services (MWS)],"МТС — это мультисервисная цифровая экосистема. Мы создаем и развиваем сервисы в сфере мобильной связи, больших данных, искусственного интеллекта, облачного хранения, медиа и финансов – все они делают жизнь людей проще и интереснее. MTС Web Services (MWS) — облачные сервисы для решения задач вашего бизнеса. Мы предоставляем сетевые сервисы; продукты для вычисления, хранения и обработки данных; PaaS-решения; инструменты кибербезопасности; профессиональные сервисы и ИИ-решения. Мы также инвестируем в создание публичной облачной платформы собственной разработки, которая станет доступна в 2025 году. MWS — через облако к новым высотам. Команда Managed DB &amp; MQ создаёт внутренние инструменты для разворачивания и управления очередями сообщений и базами данных. Наша цель - помочь командам разработки облака построить оптимальную инфраструктуру БД и Kafka для их сервисов, обеспечить отказоустойчивость и стабильность инфраструктуры. Чем предстоит заниматься: Помогать командам разработки в:  создании и поддержке инструментов для управления Kafka; настройке оптимальной конфигурации Kafka; настройке и поддержке системы мониторинга Kafka; доработке и поддержке k8s-операторов; настройке деплоймента через инструменты GitOps; подготовке Helm-чартов для разворачивания компонентов сервиса в кластерах k8s; настройке безопасности решений mdb&amp;mq в k8s.  Требования:  опыт работы в роли DevOps/SRE-инженер от 3х лет и более; опыт работы с Kafka (настройки, доработки); хорошее понимание устройства и принципов работы Kubernetes, опыт работы с K8s-операторами; знание основ SQL и NoSQL СУБД знание основ программирования (ЯП: golang, python - будут плюсом); понимание архитектуры облачных сервисов.  Что мы предлагаем:  гибридный или полностью удалённый формат работы из России, с возможностью гибкого начала и окончания рабочего дня; собственную платформу MTS Ocean для получения ИТ-ресурсов, а это значит, что деплой, мониторинг, observability - не будут для вас проблемой, вы сможете сосредоточиться на фичах; профессиональные гильдии инженеров по направлениям, чтобы поддерживать друг друга и обмениваться опытом; участие во внешних IT конференциях. Мы выступаем на HighLoad++, DataFest, Mobius, Test Driven Conf, Joker, DevOps, Матемаркетинг и даже проводим собственную конференцию по архитектуре Hello, conference! полезные курсы и вебинары в корпоративном университете и электронные библиотеки.  А еще:  медицинскую страховку с 1 месяца со 100% покрытием расходов, включая стоматологию, страхование жизни и здоровья в поездках за рубеж. А еще можно застраховать родственников с корпоративной скидкой; доступ к сервису «Понимаю»: онлайн-консультации с психологом, юристом, экспертом по финансам или ЗОЖ; корпоративный и командный психолог в офисе и массажный кабинет; единую подписку МТС Premium — KION light в онлайн-кинотеатре KION, сервис МТС Music; скидки и предложения от партнеров на фитнес, занятия английским и прочее. ",,DevOps-инженер,0,3-6
107958974,"DevOps инженер / Администратор Linux, Middle","Buckle Quick - молодая, динамичная и прогрессивная IT-компания на аутсорсинге. Основное направление нашей деятельности - проектирование, поддержка и сопровождение отказоустойчивой инфраструктуры, готовой к высоким нагрузкам. Если вы готовы к развитию и вас не пугают сложные интересные задачи, присоединяйтесь к нашей команде профессионалов. Мы ищем DevOps инженера уровня Middle на полный 8 часовой рабочий день. Частичной занятости, подработки нет. Если у вас есть текущее место работы и вы не собираетесь его менять, обратите внимание на другие предложения. Не тратьте, пожалуйста, своё и наше время. Вместе с командой DevOps вам предстоит:Участие в текущих проектах по задачам сопровождения, администрирования и мониторинга. Работа с высоконагруженными системами. Изучение и внедрение новых технологий. Взаимодействие с отделом разработки заказчика. Для работы потребуется:Глубокое понимание работы системы Linux (опыт администрирования от 3 лет). Умение писать плейбуки Ansible. Знание Terraform. Знание систем мониторинга Prometheus, Zabbix. Опыт работы с Kubernetes обязателен. С каким стеком мы работаем:— Linux;— Mysql, Patroni cluster, ClickHouse, Redis/keyDB;— Kafka, RabbitMQ;— написание скриптов: Bash, Python;— стек web технологий: Nginx, Envoy, Haproxy.— виртуализация на базе KVM;— мониторинг: Zabbix, VictoriaMetrics;— Infrastructure as Code (Ansible, Terraform);— Gitlab, Github, Bitbucket;— logging и tracing: Vector, EFK, grafana stack, jaeger— k8s, helm, argocd;— платформы: bare metal, GCP, AWS, DO. Наши условия:Только удаленная работа. Полная занятость, 5/2. Уровень з.п. от 200 000 рублей/месяц. Возможность переключения на другие проекты внутри компании. Профессиональный рост. Отсутствие трека часов. Ежегодный пересмотр заработной платы. 28 дней оплачиваемого отпуска и 5 дней отгулов без оплаты. Помощь при оформлении самозанятости. Оплата налога по самозанятости и ИП. Готовы рассмотреть другие формы сотрудничества. У нас есть посменные дежурства. Необходимо реагировать на оповещения системы мониторинга и быть на связи в случае серьезной поломки. Обещаем приятную материальную мотивацию в виде дополнительных бонусов и премий по результату работы. ВАЖНО: На первом этапе интервью вам будет предложено тестовое задание. Задание не связано с текущими задачами по проектам. Это отдельная самостоятельная работа. Практическая часть должна быть оформлена в виде Ansible playbook. Срок выполнения сутки. Время дано с запасом. Если вы справляетесь, беседуем дальше. Друзья, ждем вас! У нас дружный коллектив и много разных интересных задач. Мы готовы платить больше за ваш опыт и вовлеченность в проекты. С каждым кандидатом обсуждаем персонально в ходе интервью. Мы развиваемся, поэтому ищем ещё 1 человека в команду на новые проекты. Если вы уже откликались на нашу вакансию и не справились с тестовым заданием, обратите внимание на другие предложения о работе. Желаем вам успехов!   С уважением, команда Buckle Quick. Пишите в любое время @Marina_Lustova  ",,DevOps-инженер,200000,3-6
108765300,"DevOps инженер / Администратор Linux, Junior","Buckle Quick - молодая, динамичная и прогрессивная IT-компания на аутсорсинге. Основное направление нашей деятельности - проектирование, поддержка и сопровождение отказоустойчивой инфраструктуры, готовой к высоким нагрузкам. Если вы готовы к развитию и вас не пугают сложные интересные задачи, присоединяйтесь к нашей команде профессионалов. Мы ищем DevOps инженера уровня Junior на полный 8 часовой рабочий день. Частичной занятости, подработки нет. Если у вас есть текущее место работы и вы не собираетесь его менять, обратите внимание на другие предложения. Не тратьте, пожалуйста, своё и наше время. Вместе с командой DevOps вам предстоит:Участие в текущих проектах по задачам сопровождения, администрирования и мониторинга. Работа с высоконагруженными системами. Изучение и внедрение новых технологий. Взаимодействие с отделом разработки заказчика. Для работы потребуется:Глубокое понимание работы системы Linux (опыт администрирования от 1 до 3 лет). Умение писать плейбуки Ansible. Знание Terraform. Знание систем мониторинга Prometheus, Zabbix. Опыт работы с Kubernetes будет преимуществом. С каким стеком мы работаем:— Linux;— Mysql, Patroni cluster, ClickHouse, Redis/keyDB;— Kafka, RabbitMQ;— написание скриптов: Bash, Python;— стек web технологий: Nginx, Envoy, Haproxy.— виртуализация на базе KVM;— мониторинг: Zabbix, VictoriaMetrics;— Infrastructure as Code (Ansible, Terraform);— Gitlab, Github, Bitbucket;— logging и tracing: Vector, EFK, grafana stack, jaeger— k8s, helm, argocd;— платформы: bare metal, GCP, AWS, DO. Наши условия:Только удаленная работа. Полная занятость, 5/2. Уровень з.п. от 160 000 рублей/месяц. Возможность переключения на другие проекты внутри компании. Профессиональный рост. Отсутствие трека часов. Ежегодный пересмотр заработной платы. 28 дней оплачиваемого отпуска и 5 дней отгулов без оплаты. Помощь при оформлении самозанятости. Оплата налога по самозанятости и ИП. Готовы рассмотреть другие формы сотрудничества. У нас есть посменные дежурства. Необходимо реагировать на оповещения системы мониторинга и быть на связи в случае серьезной поломки. Обещаем приятную материальную мотивацию в виде дополнительных бонусов и премий по результату работы. ВАЖНО: На первом этапе интервью вам будет предложено тестовое задание. Задание не связано с текущими задачами по проектам. Это отдельная самостоятельная работа. Практическая часть должна быть оформлена в виде Ansible playbook. Срок выполнения сутки. Время дано с запасом. Если вы справляетесь, беседуем дальше. Друзья, ждем вас! У нас дружный коллектив и много разных интересных задач. Мы готовы платить больше за ваш опыт и вовлеченность в проекты. С каждым кандидатом обсуждаем персонально в ходе интервью. Мы развиваемся, поэтому ищем ещё 1 человека в команду на новые проекты. Если вы уже откликались на нашу вакансию и не справились с тестовым заданием, обратите внимание на другие предложения о работе. Желаем вам успехов!   С уважением, команда Buckle Quick. Пишите в любое время  ","Apache Kafka;AWS;C / C++;ClickHouse;Git;Gitlab;Grafana;HAProxy;Kubernetes;MySQL;Nginx;PostgreSQL;Python;RabbitMQ;Redis;Terraform;Администрирование серверов и рабочих станций;Аналитическое мышление;Базовая работа с Linux;Взаимодействие с клиентами и заказчиками;Виртуализация, облачная инфраструктура;Инициативность;Многозадачность;Работа в команде;Работа с платформами для распределенной трассировки;Сетевой мониторинг и логирование;Системы управления конфигурацией",DevOps-инженер,160000,3-6
111491210,Эксперт по Linux,"Чем предстоит заниматься  Работать в команде, отвечающей за развитие, поддержку, мониторинг и траблшутинг геораспределенной платформы для микросервисов с большой нагрузкой Развертывать и поддерживать кластеры k8s Автоматизировать и улучшать существующую инфраструктуру Работать в качестве 3 линии поддержки разработчиков  Что для этого нужно  Знание ОС Linux на уровне администратора системы, тонкая настройка Опыт работы с инструментами управления конфигурацией Terraform, Puppet Навык написания скриптов Shell, Python Опыт работы с Docker и Kubernetes не только локально, но и в системах с высокой нагрузкой Знание сетевого стека ",API;Docker;Kubernetes;Python;Shell;Terraform;Базовая работа с Linux;Системы управления конфигурацией,DevOps-инженер,0,1-3
110980007,Junior cистемный администратор Linux/DevOps-инженер,"Экспобанк открывает конкурс на вакансию Junior DevOps-инженер. Наш стек: Linux(Ubuntu/CentOS); Gitlab, Nexus, HELM; Git; Docker, K8s; Unix Shell, Python, Ansible; Apache, Tomcat, Nginx, HAProxy; MySQL, PostgreSQL; EFK, Zabbix, Prometheus, Grafana; Jira, Confluence. Pacemaker\Corosync Чем предстоит заниматься:  Настройка и поддержка инфраструктуры на уровне операционной системы(Linux VM). Разработка, настройка, поддержка и улучшение CI/CD-пайплайнов для сборки ПО, используем Gitlab-ci. Обеспечение работоспособности и высокой доступности проектов. Работа с системами мониторинга и логирования: Prometheus, Grafana, Zabbix, ELK stack. Участие во внедрении и развитии других DevOps-инструментов.  Условия:  Официальное оформление в полном соответствии с Трудовым Кодексом, белая заработная плата. Постоянный профессиональный рост, интересные задачи. Корпоративное обучение. Интересные корпоративные мероприятия. Компенсация занятий спортом/ медицинское страхование после испытательного срока. Современный офис рядом с м. Павелецкая. График работы: 5/2, 9:00-18:00, пятница сокращенный день, гибкое начало дня. ","Atlassian Jira;CI/CD;DevOps;Docker;ElasticSearch;Gitlab;Grafana;HAProxy;MySQL;Pacemaker;PostgreSQL;Python;Базовая работа с Linux;Виртуализация, облачная инфраструктура;Работоспособность;Сетевой мониторинг и логирование;Системы управления конфигурацией",DevOps-инженер,0,1-3
112167021,Системный администратор Linux / DevOps,"Группа компаний ИНФОРСЕР – аккредитованная IT-компания, основанная в 1993 году. Мы специализируемся на IT-консалтинге и разработке программного обеспечения, с дальнейшей сервисной и эксплуатационной поддержкой жизненного цикла ПО. Наша экспертиза заключается в создании и поддержке государственных информационных систем (ГИС), включая разработку специализированных устройств для оказания госуслуг. Мы приглашаем к себе в команду специалиста, который поможет нам настроить и развивать инфраструктуру под наши проекты. 70% задач - удаленная поддержка сервисов заказчика под проектную деятельность, 30% задач как DevOps. Чем предстоит заниматься:  Удаленное администрирование инфраструктуры для проектных задач; Развертывание необходимых общесистемных сервисов на разных платформах; Развертывание программных решений компании; Контроль работоспособности инфраструктуры; Решение вопросов сетевой связности сервисов; Настройка работы СХД.  Мы хотим видеть в команде человека, обладающего следующим опытом:  Администрирование ОС Linux; Работа с Docker контейнерами; Работа с БД (PostgreSQL); Работа с СХД, в том числе производства HP; Понимание работы сетей на разных уровнях модели OSI.  Мы предлагаем:  Стабильную зарплату + премии по итогам года (все полностью белое); График: офис / гибрид; Соцпакет: расширенная ДМС со стоматологией, мобильная связь; Комфортное рабочее место, слаженные проектные команды, значимые и стабильные проекты; Широкий стек технологий и проектов, профессиональный рост.  Плюсы работы у нас:  Мы - аккредитованная IT-компания. Реализуем социально-значимые проекты федерального масштаба, внедряем функционал, которым пользуются крупные ведомства и граждане РФ. Нам важно видеть результаты своих работ. У нас дружественная команда, приветствуется живое общение. Мы готовы делиться опытом и способствовать развитию наших сотрудников. Стабильные и долгосрочные проекты.  Ждем ваше резюме здесь или в tg @Julia_ITHR","Docker;PostgreSQL;Базовая работа с Linux;Компьютерные сети, маршрутизация, протоколы;Работа с базами данных;Работоспособность;Системы хранения данных;Управление проектами",DevOps-инженер,0,3-6
112168759,DevOps инженер (Linux)," Сегодня билайн — компания изменений, чутко реагирующая на потребности рынка и людей. А ещё билайн — это команда, объединённая общими ценностями и общей целью — быть лидером телеком и digital рынков, предоставляя нашим клиентам новейшие продукты и услуги, а также сервис самого высокого уровня. Билайн ищет DevOps инженера в команду автоматизации систем транспортной сети. Итак, тебе предстоит:  Обеспечивать стабильную работу серверов под управлением Linux, включая настройку, обновление и устранение неполадок; Автоматизировать CI/CD процессы, настраивать конфигурации, разворачивать и поддерживать dev/stage/production окружения; Анализировать и планировать использование серверных ресурсов с учетом нагрузки и масштабирования; Администрировать и обеспечивать непрерывную и отказоустойчивую работу сервисов на ElasticSearch;  Для нас важно:  Знания Linux: настройка, оптимизация производительности, диагностика и устранение неисправностей. Опыт работы с Linux на уровне системного администратора от 2х лет; Хорошее понимание принципов работы сетевых протоколов и опыт диагностики сетевых проблем; Опыт настройки и использования Grafana; Опыт работы с системами управления конфигурациями (Ansible и др); Опыт эксплуатации Zabbix или аналогичных систем мониторинга с высокой нагрузкой; Опыт администрирования Elasticsearch; Опыт администрирования БД;  Наши преимущества:  Оформление в аккредитованную IT-компанию; Гибридный формат работы*; Гибкий график работы; Удобные инструменты — необходимое ПО и мощный ноутбук; Налаженные процессы разработки; Сложные и интересные задачи, которые позволят раскрыть потенциал; В команде работают эксперты из топ-компаний РФ; Полис ДМС с хорошими клиниками; Cлужебная сотовая связь.  *Посещение офиса может быть исключено по договоренности с руководителем.   ","CI/CD;ElasticSearch;Grafana;Базовая работа с Linux;Выполнение ремонтных работ;Диагностика неисправностей;Компьютерные сети, маршрутизация, протоколы;Сетевой мониторинг и логирование;Системы управления конфигурацией",DevOps-инженер,0,1-3
115672661,Devops/ведущий инженер отдела инфраструктуры (Linux Debian),"ZT - аккредитованная IT-компания. С 2010 года мы создаем и развиваем собственные продукты, которыми ежедневно пользуются более 1 000 000 человек. Сейчас мы в поисках инженера инфраструктуры/DevOps в команду. Чем предстоит заниматься:  Развивать и сопровождать облачную инфраструктуру:   Серверов Linux Debian/Ubuntu; виртуализации Proxmox PVE, OpenStack; СЗД CEPH;   Участвовать в проектах развития:   Отказоустойчивый ЦОД; OpenStack; Ceph NVMe  Что важно в вас:  Опыт на релевантной должности от 1 года; Практическое понимание Debian/Ubuntu, Ansible; Опыт с виртуализацией; Опыт с OpenStack и CEPH как преимущество; Желание изучать и работать с OpenStack и CEPH обязательно; Аналитическое мышление и ориентация на результат  Что мы предлагаем:  Официальное трудоустройство по ТК РФ в аккредитованную IT-компанию с первого рабочего дня; Удаленная работа с понедельника по пятницу по 8 часов с гибким началом рабочего дня; Фиксированный доход от 220 000 р. (согласуем интересную сумму с понравившимся кандидатом); Компенсация спортзала (футбол, йога, пилатес и др.), настольные игры, интересные совместные мероприятия, спикер клуб, внутренние обучения, корпоративная библиотека и др.  Откликайтесь!Ждем вас в команде!</p>","Proxmox;Автоматизация бизнес-процессов;Аналитическое мышление;Базовая работа с Linux;Виртуализация, облачная инфраструктура;Работоспособность;Системы управления конфигурацией;Целеустремленность",DevOps-инженер,220000,1-3
115177843,Инженер-Технический писатель (Linux),"TVIP labs — это российская аккредитованная IT-компания, создающая программное обеспечение для IPTV/OTT бизнеса. Входит в группу компаний TVIP, работающих над следующими проектами:  IPTV/OTT медиацентры TVIP S-Box. платформа для управления IPTV/OTT сервисами. модульное решение для вещания в сетях IPTV/OTT. интерактивный IPTV сервис для операторов связи. Контроллеры для автоматизации (IoT, Smarthome).  Внимание! Компания не рассматривает удаленный вариант работы. Перед тем, как откликнуться, убедитесь, что вам такой вариант подходит!   Мы ищем инженера с навыками технического писателя. В этой роли вам предстоит:  предоставлять техническую поддержку клиентам на русском и английском языках. Наши продукты разрабатываются на языках Java и C++ для ОС Linux, поэтому вам потребуется опыт работы с Linux, понимание работы компьютерных сетей, а также умение анализировать логи и делать на их основе выводы. Преимуществом будет способность читать программный код оказывать помощь менеджерам проектов в составлении проектной документации и сопровождать процесс публикации нашего ПО в магазинах приложений поддерживать актуальность и дополнять публичную документацию компании (docs.tvip.tv). Для документирования продуктов мы используем Sphinx, поэтому опыт работы с этой системой будет преимуществом.  Условия:  Работа в комфортном офисе в Санкт-Петербурге, (10 минут пешком от ст.м. Пионерская / Комендантский проспект.) Официальное трудоустройство Современное, индивидуальное, оборудованное рабочее место Работа в молодом и дружном коллективе (не удаленно) Социальный пакет, ДМС (после испытательного срока) Возможность профессионального и карьерного развития Достойный уровень дохода, который обсуждается индивидуально с каждым кандидатом Частичная компенсация питания Чай, кофе, снеки и фрукты в неограниченном кол-ве ","Sphinx;Базовая работа с Linux;Знание английского языка;Компьютерные сети, маршрутизация, протоколы;Техническая поддержка пользователей;Чтение проектной документации",DevOps-инженер,0,1-3
115346983,Системный администратор Linux,"Network Technologies — официальный дилер «Элтекс», крупнейшего производителя сетевого и телекоммуникационного оборудования в России. Вся продукция разработана и произведена в России, сертифицирована и включена в реестры Минпромторга. Сейчас мы в поисках Devops-инженера для задач, направленных на поддержание и улучшение ИТ-инфраструктуры в компании. Обязанности:   Подготовка ПО с корректировками заказчика для конечной передачи продукта в работу заказчика; Сопровождение текущих информационных систем; Мониторинг, логирование и обеспечение высокой доступности сервисов; Обеспечение безопасности и соответствия стандартам; Выявление и устранение узких мест в производительности и надежности систем; Внедрение и поддержка процессов автоматизации тестирования и деплоя; Работа с базами данных (MySQL, PostgreSQL и др.)   Стек, с которым нужно уметь работать:  GitLab Nginx PostgeSQL Docker Kubernetes Linux Bash Git Redis  Условия, которые мы предлагаем:   Прозрачное сотрудничество: официальное трудоустройство с первого дня, стабильная белая заработная плата;   Соцпакет: компенсация спортзала, ДМС со стоматологией;   Возможность выбрать удобный адрес для работы: Ядринцевская 23 или Промкирпичная 22;   Возможность гибридного графика - совмещение работы в офисе с работой из дома;   Корпоративное обучение и профессиональный рост внутри компании;   Карьера в активно развивающейся сфере телеком. оборудования;   Работа с узнаваемой торговой маркой российского производства.Заработную плату обсуждаем индивидуально на собеседовании  ",DevOps;Docker;Git;Kubernetes;MySQL;Nginx;PostgreSQL;Redis;Автоматическое тестирование;Администрирование серверов и рабочих станций;Базовая работа с Linux;Взаимодействие с клиентами и заказчиками;Работа с базами данных;Сетевой мониторинг и логирование,DevOps-инженер,180000,1-3
109826095,Middle/Senior DevSecOps в команду Infrastructure Security [МТС Web Services (MWS)],"МТС — это мультисервисная цифровая экосистема. Мы создаем и развиваем сервисы в сфере мобильной связи, больших данных, искусственного интеллекта, облачного хранения, медиа и финансов – все они делают жизнь людей проще и интереснее. MTС Web Services (MWS) — облачные сервисы для решения задач вашего бизнеса. Мы предоставляем сетевые сервисы, продукты для вычисления, хранения и обработки данных, PaaS-решения, инструменты кибербезопасности, профессиональные сервисы и ИИ-решения. Мы также инвестируем в создание публичной облачной платформы собственной разработки, которая станет доступна в 2025 году. MWS — через облако к новым высотам. Команда Infrastructure Security — это команда, нацеленная на создание и поддержание высокого уровня безопасности инфраструктуры облачного провайдера MTS Web Services (MWS). Мы занимаемся полным спектром задач по защите инфраструктуры от киберугроз и внедрением передовых решений в области информационной безопасности. Наша работа направлена на постоянное совершенствование механизмов защиты, взаимодействие с другими подразделениями и внедрение инновационных технологий для предотвращения угроз и реагирования на инциденты. Чем предстоит заниматься:  обеспечивать защиту облачной инфраструктуры; заниматься поддержкой и сопровождением инфраструктуры Web Aplication Firewall в k8s кластере; заниматься автоматизацией конфигурационных процессов; заниматься разработкой и конфигурированием NGINX/Angie, тюнингом производительности; заниматься реализацией, сопровождением и развитием observability обвязки WAF (Prometheus + Grafana); взаимодействовать с SOC, поддерживать и эксплуатировать СЗИ.  Что мы ждём от кандидатов:  опыт работы на позиции DevOps/DevSecOps-инженер от 3х лет; опыт работы с такими инструментами, как: Kubernetes, Docker, Linux, Nginx/Angie, Ansible, Prometheus, сети, HTTP; опыт работы в направлении Информационной безопасности или интерес к этому; умение анализировать проблему и находить оптимальное решение.  Что мы предлагаем:  гибридный или полностью удалённый формат работы из России, с возможностью гибкого начала и окончания рабочего дня; собственную платформу MTS Ocean для получения ИТ-ресурсов, а это значит, что деплой, мониторинг, observability - не будут для вас проблемой, вы сможете сосредоточиться на фичах; профессиональные гильдии инженеров по направлениям, чтобы поддерживать друг друга и обмениваться опытом; участие во внешних IT конференциях. Мы выступаем на HighLoad++, DataFest, Mobius, Test Driven Conf, Joker, DevOps, Матемаркетинг и даже проводим собственную конференцию по архитектуре Hello, conference! полезные курсы и вебинары в корпоративном университете и электронные библиотеки.  А еще:  медицинскую страховку с 1 месяца со 100% покрытием расходов, включая стоматологию, страхование жизни и здоровья в поездках за рубеж. А еще можно застраховать родственников с корпоративной скидкой; доступ к сервису «Понимаю»: онлайн-консультации с психологом, юристом, экспертом по финансам или ЗОЖ; корпоративный и командный психолог в офисе и массажный кабинет; единую подписку МТС Premium — KION light в онлайн-кинотеатре KION, сервис МТС Music; скидки и предложения от партнеров на фитнес, занятия английским и прочее. ","Docker;FIrewall;Grafana;Kubernetes;Nginx;Базовая работа с Linux;Компьютерные сети, маршрутизация, протоколы;Сетевой мониторинг и логирование;Системы управления конфигурацией",DevOps-инженер,0,3-6
109826119,DevOps-инженер (Kafka) в команду Managed DB & MQ [МТС Web Services (MWS)],"МТС — это мультисервисная цифровая экосистема. Мы создаем и развиваем сервисы в сфере мобильной связи, больших данных, искусственного интеллекта, облачного хранения, медиа и финансов – все они делают жизнь людей проще и интереснее. MTС Web Services (MWS) — облачные сервисы для решения задач вашего бизнеса. Мы предоставляем сетевые сервисы; продукты для вычисления, хранения и обработки данных; PaaS-решения; инструменты кибербезопасности; профессиональные сервисы и ИИ-решения. Мы также инвестируем в создание публичной облачной платформы собственной разработки, которая станет доступна в 2025 году. MWS — через облако к новым высотам. Команда Managed DB &amp; MQ создаёт внутренние инструменты для разворачивания и управления очередями сообщений и базами данных. Наша цель - помочь командам разработки облака построить оптимальную инфраструктуру БД и Kafka для их сервисов, обеспечить отказоустойчивость и стабильность инфраструктуры. Чем предстоит заниматься: Помогать командам разработки в:  создании и поддержке инструментов для управления Kafka; настройке оптимальной конфигурации Kafka; настройке и поддержке системы мониторинга Kafka; доработке и поддержке k8s-операторов; настройке деплоймента через инструменты GitOps; подготовке Helm-чартов для разворачивания компонентов сервиса в кластерах k8s; настройке безопасности решений mdb&amp;mq в k8s.  Требования:  опыт работы в роли DevOps/SRE-инженер от 3х лет и более; опыт работы с Kafka (настройки, доработки); хорошее понимание устройства и принципов работы Kubernetes, опыт работы с K8s-операторами; знание основ SQL и NoSQL СУБД знание основ программирования (ЯП: golang, python - будут плюсом); понимание архитектуры облачных сервисов.  Что мы предлагаем:  гибридный или полностью удалённый формат работы из России, с возможностью гибкого начала и окончания рабочего дня; собственную платформу MTS Ocean для получения ИТ-ресурсов, а это значит, что деплой, мониторинг, observability - не будут для вас проблемой, вы сможете сосредоточиться на фичах; профессиональные гильдии инженеров по направлениям, чтобы поддерживать друг друга и обмениваться опытом; участие во внешних IT конференциях. Мы выступаем на HighLoad++, DataFest, Mobius, Test Driven Conf, Joker, DevOps, Матемаркетинг и даже проводим собственную конференцию по архитектуре Hello, conference! полезные курсы и вебинары в корпоративном университете и электронные библиотеки.  А еще:  медицинскую страховку с 1 месяца со 100% покрытием расходов, включая стоматологию, страхование жизни и здоровья в поездках за рубеж. А еще можно застраховать родственников с корпоративной скидкой; доступ к сервису «Понимаю»: онлайн-консультации с психологом, юристом, экспертом по финансам или ЗОЖ; корпоративный и командный психолог в офисе и массажный кабинет; единую подписку МТС Premium — KION light в онлайн-кинотеатре KION, сервис МТС Music; скидки и предложения от партнеров на фитнес, занятия английским и прочее. ",Apache Kafka;DevOps;Digital Security Office;Golang;Kubernetes;NoSQL;Python;SQL;Сетевой мониторинг и логирование,DevOps-инженер,0,3-6
109826138,Senior Java/Kotlin-разработчик в команду Development Platform (МТС Web Services (MWS),"МТС — это мультисервисная цифровая экосистема. Мы создаем и развиваем сервисы в сфере мобильной связи, больших данных, искусственного интеллекта, облачного хранения, медиа и финансов – все они делают жизнь людей проще и интереснее. MTС Web Services (MWS) — облачные сервисы для решения задач вашего бизнеса. Мы предоставляем сетевые сервисы; продукты для вычисления, хранения и обработки данных; PaaS-решения; инструменты кибербезопасности; профессиональные сервисы и ИИ-решения. Мы также инвестируем в создание публичной облачной платформы собственной разработки, которая станет доступна в 2025 году. MWS — через облако к новым высотам. Команда Development Platform создает базовую инфраструктуру для разработчиков Облака. Это общие библиотеки и фреймворки, практики и подходы разработки, различная автоматизация рутинных задач разработчиков по созданию и запуску сервисов. Наша цель - сделать так, чтобы разработчик в первую очередь решал задачи сервиса, а не отвлекался на рутину. Основные языки поддерживаемые нашей платформой это: C, C++, Golang, Java, Kotlin. Чем предстоит заниматься:  разрабатывать API Gateway сервиса для построения UI и публичного API; создавать общие подходы к построению API Облака, например, локализацию сообщений с учетом цепочки сервисов; работать над сервисом Storage CPL при создании системы управления сетевыми дисками в Облаке; реализовывать универсальные клиентские библиотеки к сервисам облака поверх существующих библиотек для работы c HTTP; исследовать возможности использовать R2DBC и неблокирующего драйвера к базе данных, поддержки корутин в Kotlin и virtual threads; прорабатывать механизмы сборки и разрешения зависимостей между компонентами платформы и кодом других сервисов Облака; решать прочие инфраструктурные задач для разработчиков CloudMTS.  Что мы ждём от кандидатов:  опыт разработки на Java или Kotlin больше трех лет; опыт написания и оптимизации SQL запросов; ответственность, умение работать самостоятельно и в команде; готовность погрузиться в предметную область построения облачной инфраструктуры.  Что мы предлагаем:  гибридный или полностью удалённый формат работы из России, с возможностью гибкого начала и окончания рабочего дня; собственную платформу MTS Ocean для получения ИТ-ресурсов, а это значит, что деплой, мониторинг, observability - не будут для вас проблемой, вы сможете сосредоточиться на фичах; профессиональные гильдии инженеров по направлениям, чтобы поддерживать друг друга и обмениваться опытом; участие во внешних IT конференциях. Мы выступаем на HighLoad++, DataFest, Mobius, Test Driven Conf, Joker, DevOps, Матемаркетинг и даже проводим собственную конференцию по архитектуре Hello, conference! полезные курсы и вебинары в корпоративном университете и электронные библиотеки.  А еще:  медицинскую страховку с 1 месяца со 100% покрытием расходов, включая стоматологию, страхование жизни и здоровья в поездках за рубеж. А еще можно застраховать родственников с корпоративной скидкой; доступ к сервису «Понимаю»: онлайн-консультации с психологом, юристом, экспертом по финансам или ЗОЖ; корпоративный и командный психолог в офисе и массажный кабинет; единую подписку МТС Premium — KION light в онлайн-кинотеатре KION, сервис МТС Music, 30 дней бесплатного пользования подпиской OZON Premium; скидки и предложения от партнеров на фитнес, занятия английским и прочее. ","API;Java/Kotlin/Scala;UI/UX Дизайн;Компьютерные сети, маршрутизация, протоколы;Навыки оценки эффективности рекламных инструментов;Оценка эффективности рекламных инструментов",DevOps-инженер,0,6-
109430599,Системный администратор Linux (DevOps),"Компания ООО «МК-Бизнес Онлайн» является разработчиком системы управления данными. Мы нацелены на разработку современного и функционального ERP-продукта и ищем опытного специалиста, готового внести свой вклад в будущее продукта. Присоединяйтесь к нашей команде! Наш стек: Centos / Ubuntu / Debian, LAMP, *sql, GitLab (CI/CD), Zabbix, ELK, Ansible ЧТО ВАМ ПРЕДСТОИТ:   поддержание инфраструктуры веб-приложения взаимодействие с командой разработчиков для оптимизации и улучшения процессов  ЧТО МЫ ЖДЁМ ОТ ВАС:   опыт работы от 5 лет уверенные знания и опыт работы по администрированию Linux серверов/сервисов понимание процесса разработки ПО опыт работы в команде разработчиков  ЧТО МЫ ПРЕДЛАГАЕМ:  льготы и преимущества, предоставляемые работникам аккредитованных ИТ-компаний оформление по ТК РФ с первого дня испытательный срок – 3 месяца гибридный / удаленный формат работы гибкий график работы современное рабочее место (3 монитора, если нужно) возможность обучения за счет компании ДМС со стоматологией и страхование жизни от несчастных случаев после 3 месяцев работы       ",,DevOps-инженер,0,3-6
108781759,Lead build Engineer,"Deckhouse operation system - это ОС на базе linux, которая используется для нужд Deckhouse Kubernetes Platform.Мы находимся в поиске технического руководителя инженерной команды. Вам предстоит спроектировать архитектуру ОС для работы в контейнерной среде и построить цикл ее непрерывной сборки и обновлений.   Основные задачи:   Разработать дизайн операционной системы и план реализации этого дизайна.   Собрать команду инженеров для создания дистрибутива.   Участвовать разработке дистрибутива ОС Linux: разработка/доработка дистрибутива linux, системы сборки, системы поставки.     Требования:  Хорошее знакомство с git.  Понимание устройства современных дистрибутивов.   Быть знакомым с linux-internals: bootstrapping, kernel, systemd, udev, syslog, networking, block/network io, cgroups.   Понимание принципов работы пакетных менеджеров rpm/deb/apk.   Понимание особенностей работы ОС в контейнерных средах.   Способность самостоятельно принимать и отстаивать технические решения.   Способность эффективно коммуницировать с различными заинтересованными сторонами, включая руководство, заказчиков и команду разработки.   Опыт управления небольшой командой разработчиков.   Будет плюсом:   Опыт сборки собственного дистрибутива для решения специализированных задач.   Опыт разработки или вклад в Open Source-проекты.   Умение собирать, анализировать и переводить бизнес-требования в технические спецификации.     Условия:   Работа в ИТ-компании, аккредитованной Минцифры.   Полностью «белая» ЗП и её регулярная индексация по итогам performance review.   ДМС (со стоматологией и телемедициной) в вашем городе.   Скидка 50% на онлайн-сервис психотерапии «Ясно».   Английский с корпоративным преподавателем в рабочее время.   Удалённая работа из любой точки.   Современное «железо» от компании.   Профессиональное обучение, наставничество и внутренние конференции.   Органическое неприятие бюрократии, симуляции полезности работы, поверхностности на уровне культуры компании.   Ждем твой отклик, стань частью команды Флант!</p>","Git;Аналитическое мышление;Базовая работа с Linux;Компьютерные сети, маршрутизация, протоколы;Работа с банковскими продуктами и услугами для физических лиц;Сбор и анализ требований;Умение принимать решения",DevOps-инженер,0,3-6
108111922,Сетевой инженер в команду Network Architecture & Infrastructure (МТС Web Services (MWS)),"МТС — это мультисервисная цифровая экосистема. Мы создаем и развиваем сервисы в сфере мобильной связи, больших данных, искусственного интеллекта, облачного хранения, медиа и финансов – все они делают жизнь людей проще и интереснее. MTС Web Services (MWS) — облачные сервисы для решения задач вашего бизнеса. Мы предоставляем сетевые сервисы; продукты для вычисления, хранения и обработки данных; PaaS-решения; инструменты кибербезопасности; профессиональные сервисы и ИИ-решения. Мы также инвестируем в создание публичной облачной платформы собственной разработки, которая станет доступна в 2025 году. MWS — через облако к новым высотам. Наша команда создает интерфейсы для взаимодействия с облачными сервисами (консоль управления), сайт mws cloud, портал с документацией, а также фронтэнд для внутренних сервисов.. Команда Network Architecture &amp; Infrastructure отвечает за разработку и реализацию решений по организации сетевой инфраструктуры ЦОД. Мы разрабатываем архитектуру и развиваем сетевые сервисы на базе Linux\Kubernetes, а также занимаемся поиском, исследованием и устранением проблемных ситуаций в работе сети. Чем предстоит заниматься:  Развивать и поддерживать сетевую инфраструктуру Облака и ЦОД;  Обеспечивать бесперебойную работу и доступность сетевых сервисов Облака;   Принимать участие в поиске, исследовании и устранении проблемных ситуаций в работе сети;   Анализировать причины возникновения проблем, вырабатывать и реализовывать меры для повышения зрелости инфраструктуры;   Проводить PoC, разрабатывать архитектуру сети и развивать сетевые сервисы.   Что мы ждём от кандидатов:    Экспертные знания сетевых протоколов и технологий, применяемых при построении сетей ЦОДов и операторских сетей; Опыт работы в облачном провайдере, интеграторе, финтехе; Умение использовать средства диагностики для анализа проблем сети; Понимание механизмов балансировки входящего и исходящего трафика; Умение применять Python или Go для автоматизации и прототипирования.  Будет плюсом:  Понимание концепций высокой доступности и отказоустойчивости при проектировании и внедрении инфраструктуры;  Знания и опыт работы с Linux, Netbox, Git, Gitlab, Ansible;     Понимание концепций DevOps и управление инфраструктурой с использованием подхода Infrastructure as Code (IaC);   Понимание принципов функционирования программно-определяемых сетей и CNI Kubernetes;   Опыт разработки технической документации.   Что мы предлагаем:  Гибридный или полностью удалённый формат работы из России, с возможностью гибкого начала и окончания рабочего дня; Собственную платформу MTS Ocean для получения ИТ-ресурсов, а это значит, что деплой, мониторинг, observability - не будут для вас проблемой, вы сможете сосредоточиться на фичах;  А еще:  Медицинскую страховку с 1 месяца со 100% покрытием расходов, включая стоматологию, страхование жизни и здоровья в поездках за рубеж. А еще можно застраховать родственников с корпоративной скидкой; Доступ к сервису «Понимаю»: онлайн-консультации с психологом, юристом, экспертом по финансам или ЗОЖ; Корпоративный и командный психолог в офисе и массажный кабинет; Единую подписку МТС Premium — KION light в онлайн-кинотеатре KION, сервис МТС Music, 30 дней бесплатного пользования подпиской OZON Premium; Скидки и предложения от партнеров на фитнес, занятия английским и прочее. Профессиональные гильдии инженеров по направлениям, чтобы поддерживать друг друга и обмениваться опытом; Участие во внешних IT конференциях. Мы выступаем на HighLoad++, DataFest, Mobius, Test Driven Conf, Joker, DevOps, Матемаркетинг и даже проводим собственную конференцию по архитектуре Hello, conference! Полезные курсы и вебинары в корпоративном университете и электронные библиотеки. ",,DevOps-инженер,0,3-6
108112667,Сетевой архитектор в команду Network Architecture & Infrastructure [МТС Web Services (MWS)],"МТС — это мультисервисная цифровая экосистема. Мы создаем и развиваем сервисы в сфере мобильной связи, больших данных, искусственного интеллекта, облачного хранения, медиа и финансов – все они делают жизнь людей проще и интереснее. MTС Web Services (MWS) — облачные сервисы для решения задач вашего бизнеса. Мы предоставляем сетевые сервисы; продукты для вычисления, хранения и обработки данных; PaaS-решения; инструменты кибербезопасности; профессиональные сервисы и ИИ-решения. Мы также инвестируем в создание публичной облачной платформы собственной разработки, которая станет доступна в 2025 году. MWS — через облако к новым высотам. Наша команда создает интерфейсы для взаимодействия с облачными сервисами (консоль управления), сайт mws cloud, портал с документацией, а также фронтэнд для внутренних сервисов.. Команда Network Architecture &amp; Infrastructure отвечает за разработку и реализацию решений по организации сетевой инфраструктуры ЦОД. Мы разрабатываем архитектуру и развиваем сетевые сервисы на базе Linux\Kubernetes, а также занимаемся поиском, исследованием и устранением проблемных ситуаций в работе сети. Чем предстоит заниматься:   Разрабатывать дизайн сетевой архитектуры, внедрять новые технологии и стандарты, формировать архитектурную документацию;   Разрабатывать и внедрять решения по повышению отказоустойчивости сети;   Разрабатывать архитектуру сетевых сервисов на базе Linux\Kubernetes;   Проводить PoC, разрабатывать архитектуру сети и развивать сетевые сервисы;   Лидировать активности по автоматизации процессов внутри сетевого подразделения и совершенствовать инструменты автоматизации сети.   Что мы ждём от кандидатов:     Знаете принципы построения больших сетей передачи данных, концепции высокой доступности и отказоустойчивости при проектировании инфраструктуры;   Опыт работы с виртуальной/облачной сетевой инфраструктурой и понимание архитектуры облачных сервисов;   Понимание концепций DevOps и управление инфраструктурой с использованием подхода Infrastructure as Code (IaC);   Понимание принципов функционирования программно-определяемых сетей и CNI Kubernetes;     Опыт составления технических заданий, дизайнов (HLD/LLD).   Будет плюсом:   Практический опыт разработки и внедрения сетевых функций NAT, NLB, FW;   Занимались диагностикой сложных сетей передачи данных. разрабатывали планы тестирования сетевой инфраструктуры;   Знаете устройство и внутреннюю архитектуру основных производителей современного сетевого оборудования и чипов;   Уверенные знания сетевого стека Linux;   Качества технического лидера, нацеленность на результат, стремление к совершенству, умение выявлять потребности заинтересованных сторон, фасилитировать поиск решений и достигать консенсуса.   Что мы предлагаем:  Гибридный или полностью удалённый формат работы из России, с возможностью гибкого начала и окончания рабочего дня; Собственную платформу MTS Ocean для получения ИТ-ресурсов, а это значит, что деплой, мониторинг, observability - не будут для вас проблемой, вы сможете сосредоточиться на фичах;  А еще:  Медицинскую страховку с 1 месяца со 100% покрытием расходов, включая стоматологию, страхование жизни и здоровья в поездках за рубеж. А еще можно застраховать родственников с корпоративной скидкой; Доступ к сервису «Понимаю»: онлайн-консультации с психологом, юристом, экспертом по финансам или ЗОЖ; Корпоративный и командный психолог в офисе и массажный кабинет; Единую подписку МТС Premium — KION light в онлайн-кинотеатре KION, сервис МТС Music, 30 дней бесплатного пользования подпиской OZON Premium; Скидки и предложения от партнеров на фитнес, занятия английским и прочее. Профессиональные гильдии инженеров по направлениям, чтобы поддерживать друг друга и обмениваться опытом; Участие во внешних IT конференциях. Мы выступаем на HighLoad++, DataFest, Mobius, Test Driven Conf, Joker, DevOps, Матемаркетинг и даже проводим собственную конференцию по архитектуре Hello, conference! Полезные курсы и вебинары в корпоративном университете и электронные библиотеки   ",,DevOps-инженер,0,6-
117119584,Системный администратор Linux,"SFXDX - одна из первых в России компаний, занимающаяся аутсорсингом разработки финтех решений на основе блокчейн-технологий, в том числе с применением AI-решений.Мы - аутсорсинговая компания, работающая на международном рынке, в основном в регионах MENA и APAC. Мы разрабатываем проекты на современных технологиях, у наших сотрудников всегда есть возможность изучить новый стек и использовать новейшие наработки. Что нам важно в кандидате:   Уверенное владение UNIX / Linux (включая скрипты на bash / python);   Опыт работы с Docker;   Опыт работы с Proxmox.   Будет плюсом, если у Вас есть:   Опыт работы с системами контроля версий (приветствуется gitlab);   Опыт построения процессов CI/CD.   В Ваши задачи будет входить:   Сопровождение проектов по разработке программного обеспечения;   Участие в построении CI/CD pipeline;   Участие в разработке архитектурных решений по проектам;   Поддержка внутренней серверной и сетевой инфраструктуры.   Мы очень рады, когда наша команда прирастает новыми крутыми специалистами и стараемся сделать наше сотрудничество максимально комфортным:   Мы предлагаем Вам работу на современных международных, технологичных проектах;   В нашей команде у каждого есть возможность развивать свои навыки, компетенции и расти вместе с командой;   Мы являемся аккредитованной ИТ-компанией с 2017 года, согласно реестру Минцифры;   Открытость к изменениям и идеям: мы всегда готовы прислушаться к предложениям по улучшению рабочего процесса и внимательно исследуем перспективные идеи вместе;   Офис в центре города с шаговой доступностью от метро Пл. Ленина (БЦ Академия) + предоставляем возможность удаленной работы из любой точки мира.  ","CI/CD;DevOps;Docker;Git;Gitlab;Proxmox;Python;Администрирование серверов и рабочих станций;Базовая работа с Linux;Исследование клиентского опыта;Компьютерные сети, маршрутизация, протоколы;Построение компьютерных систем;Разработка архитектурных решений;Разработка программного обеспечения;Управление проектами",DevOps-инженер,0,1-3
107247159,Team Lead отдела системного администрирования Linux,"StormWall - международная компания, основанная в 2013 году и специализирующаяся на защите от DDoS и хакерских атак для веб-сайтов, серверов, сетей и IT-инфраструктур любого размера и сложности. Мы разрабатываем инновационные решения по защите от DDoS-атак, программные и аппаратные, а также предоставляем круглосуточный сервис реагирования и отражения атак на клиентов компании в режиме реального времени. Задачи, которые предстоит решать:  Организация работы отдела системных администраторов Организация бесперебойной работы серверов и сервисов компании Настройка, ввод в эксплуатацию и обслуживание серверного оборудования и систем хранения данных Планирование модернизации/обслуживания ИТ-инфраструктуры Организация закупок ПО и оборудования, контроль подписок, инвентаризации Организация работы с поставщиками услуг по размещению оборудования в дата центрах по всему миру.  Наш стек:  Виртуализация - VMware ESXi + vCenter ОС - Red Hat-Based Linux, Ubuntu + немного Windows Server IDM - CentOS Identity Management, Windows Active Directory БД - MySQL, PostgreSQL, Clickhouse, MongoDB, Redis Логирование - Graylog + Elasticsearch Веб-сервера - nginx, openresty, apache DNS сервера - PowerDNS / Unbound Мониторинг - Zabbix, Grafana Разработка - GitLab + GitLab CI Оборудованием Mikrotik, с серверами HP/Dell/Supermicro, с СХД IBM/Lenovo/HP/Synology  От кандидата ожидаем:  Опыт работы с похожим стеком - 5 лет и более Уверенное знание Linux Практический опыт работы с VMware: vCenter, vSAN, Distributed Switches, кластеризация + HA/DRS, политики разграничения ресурсов, iSCSI Английский язык: знания, достаточные для переписки по техническим темам Аккуратность и обязательность: мы ждем от Вас порядка как в документации, так и в конфигурациях серверов Умение видеть узкие места и потенциальные проблемы в инфраструктуре и решать их Умение организовать рабочие процессы отдела.  БУДЕТ ПЛЮСОМ:  Опыт работы с DevOps инструментарием (Docker, Docker Swarm, Kubesphere, k8s, Ansible, и т.п.) Опыт работы с Gitlab Понимание работы протоколов динамической маршрутизации (OSPF, BGP) и опыт работы с программными маршрутизаторами quagga/frrouting  Предлагаем:  Полная занятость. Мы не ищем человека по совмещению ни при каких условиях - это принципиальная позиция!  Официальное оформление в аккредитованной ИТ-компании, белая зарплата;   График - 5/2   ДМС со стоматологией и возможностью консультироваться онлайн у профильных специалистов членам семьи;   Масштабный опыт работы с самыми разнообразными современными техническими решения в области системного администрирования (преимущественно Linux), защиты от ДДОС, хостинга, виртуализации (VMware, Hyper-V), сетевого оборудования (Cisco, Juniper) и т.п;   Корпоративную скидку в Skyeng для наших сотрудников и членов их семей;   Возможность профессионального развития и карьерного роста внутри компании;   Заработная плата - по результатам собеседования.  ",,DevOps-инженер,0,3-6
117327065,Инженер Linux Teamlead,"Мы, Southbridge, работаем с 2007 года. Строим и поддерживаем ИТ-инфраструктуру средне и высоконагруженных проектов, более 1000 серверов на поддержке. Инженеры в Southbridge работают в командах по три человека. У нас нет проектных менеджеров, команды общаются с клиентами напрямую и сами организуют свой процесс, договариваясь внутри – для нас как компании в первую очередь важна стабильная работа проектов наших клиентов. Мы в поиске талантливых инженеров, которые хотят расти и развиваться вместе нами. Главное для нас - это строить и поддерживать различные решения для наших клиентов и обеспечивать высокий уровень обслуживания. Мы предоставляем возможность выбрать направление/технический стек или проекты. Мы за то, чтобы заниматься тем, что действительно нравится, и самостоятельно корректировать направление своего развития. Обязанности:   Знание стека на уровне middle+ и выше;   Опыт управления командами 10+ сотрудников;   Контроль ключевых метрик работы команд;   Решение технических вопросов;   Работа с клиентами (обратная связь, коммуникация по решениям и развитию);   Работа с проектами (аудит, оптимизации);   Умение фокусировать команду на результат, хорошие коммуникативные навыки и умение управлять ожиданиями заказчика;   Ведение проектной документации.   Требования:   Linux (Centos, Alma, Rocky);   СУБД (SQL, NoSQL);   Скриптовые языки (Bash, Python);   Стек веб-технологий (Nginx, Apache, php-fpm);   Средства контейнеризации и виртуализации (Systemd-nspawn, KVM, Docker);   Мониторинг, опыт работы с Zabbix, Prometheus и VictoriaMetrics;   Infrastructure as Code (Ansible, Terraform);   Kubernetes, Gitlab CI, Helm, ArgoCD;   Опыт работы с облачными решениями Яндекс, Селектел, AWS.   Работать у нас хорошо, потому что:  Интересно: работаете с разными проектами и прокачиваете хард-скилы; Уровень дохода напрямую зависит от количества клиентов и навыков; У нас минимум бюрократии - мы работаем в первую очередь на результат; Можно проходить любые курсы нашего партнера «Слёрм» бесплатно; Мы работаем полностью удаленно, готовы предложить официальное трудоустройство в штат. ",Apache;NoSQL;PHP;Python;SQL;Администрирование серверов и рабочих станций;Аудит;Базовая работа с Linux;Взаимодействие с клиентами и заказчиками;Коммуникативная грамотность;Консультирование и ведение клиентов;Прием и обслуживание клиентов;Работа в команде;Чтение проектной документации,DevOps-инженер,0,3-6
d84b4d00-71a9-11ef-8511-25abf1fceba2,Системный администратор Linux,"Обязанности:  Настройка и обслуживание Zabbix, Prometheus, Grafana; Реагировать на систему мониторинга и решать инциденты; Решать задачи связанные с Linux, LVM, Docker, Ansible, Gitlab CI/CD, Clickhouse, MSSQL, k8s, HAproxy, nginx, AD и прокачивать свой скилл.  Требования:​​​​​​​  Уверенный пользователь Linux. Опыт работы в командной строке, базовый text processing(grep, head, cut, sed, awk). Умение читать логи. Понимание принципов работы HTTP, SNMP, DNS, FTP, СУБД Опыт работы с системами мониторинга Zabbix, Prometheus, Grafana Желательно понимание работы Docker, умение писать плейбуки ansible, знакомство с k8s Опыт работы с системами CI/CD (у нас Gitlab CI и Jenkins)  Условия:​​​​​​​  Для нас важны результаты, а не просто время, проведенное в офисе. Предлагаем гибкое начало и окончание рабочего дня; Возможна полная удалёнка; Идеальный офис существует: стильное пространство, фотографии которого впечатлят ваших друзей. Просторный и зеленый open space недалеко от ст.м. Балтийская; Поддерживаем тех, кто любит брать новые высоты. У нас вы найдете то, с чем еще не работали, а значит сможете прокачать свои скиллы; Свой тренажерный зал с тренером; Прекрасные возможности для роста и развития. Поощряем желание учиться. Действует несколько образовательных проектов и часто приглашаем интересных спикеров; Заботимся о здоровье: ДМС после 6-ти месяцев, офисный врач, а еще классы по йоге и поддержка спортивных команд; Быть ближе к модной индустрии легко: 50% скидка на коллекции брендов ZARINA, Befree, LOVE REPUBLIC, sela и IDOL; Предоставляем доступ на сервис скидок для сотрудников Best Benefits; Практикуем раздельный сбор мусора, утилизацию батареек и переработку одежды; И, конечно, официальное оформление, «белая» зарплата, отпуск и больничные. 
",,DevOps-инженер,0,0
110433531,DevOps инженер (Linux),"Привет! Меня зовут Кирилл, я занимаюсь ростом Studyworld - EdTech компании, развивающей сервисы на международном рынке. 12 лет мы создаем крутые образовательные продукты, которыми пользуются во всем мире! У нас более 200 сотрудников, 15+ миллионов пользователей и десятки проектов. Сейчас мы в поисках Системного администратора / DevOps! Наши технологии:   ОС: RHEL (CentOS, AlmaLinux, RockyLinux), OpenSuse, Ubuntu.   Виртуализация: Xcp-ng (Citrix Xen).   VoIP: Asterisk, FreePBX.   LDAP: FreeIpa.   MAIL: postfix.   VPN: OpenVPN, SoftEtherVPN, OpenConnect.   Routing: ospfd.   WEB: nginx, php-fpm.   Containerization: Docker.   DB: PostgreSQL, Mysql, Redis.   Storage: glusterfs, minio.   Monitoring: Zabbix, Grafana, Prometheus.   А также: bind, dhcpd, squid, tinyproxy, xinetd, dnsmasq, rabbitmq.   Мы ожидаем от тебя:   Релевантный опыт от трех лет;   Знание консоли Linux;   Продвинутый уровень владения системой Ansible;   Знание Gitlab-ci;   Опыт виртуализации и контейнеризации;   Опыт работы в системах мониторинга;   СУБД: PostgreSQL, Mysql;   Опыт работы в Веб-серверах (Apache, Nginx);   Опыт написания скриптов (bash/python);   Знаниях работы сети (модель OSI, маршрутизация).   Будет плюсом если владеешь: Kubernetes, helm. Мы предлагаем:  Гибкий формат работы: возможность гибридного формата в Санкт-Петербурге (с оплатой парковки у офиса) или удаленно; Официальное трудоустройство и полное соблюдение ТК РФ; ДМС после прохождения испытательного срока; Доплату больничных и отпусков до 100% заработка и 3 sick leave в квартал без справок; Возможности для профессионального развития - поездки на конференции и финансирование курсов, необходимых для работы; Материальную помощь при регистрации брака и рождении детей; Частичную компенсацию стоимости изучения английского языка в SkyEng; Скидку 50% на консультации психолога на платформе Zigmund.online; Корпоративные мероприятия.  P.S. У нас всего два этапа собеседования:  Тестовое задание на Ansible (развернуть один сервис). Техническое собеседование.  Если ты готов(а) присоединиться к нашей команде и внести свой вклад в успех наших клиентов, мы ждем твоего отклика!",DevOps;Kubernetes;MySQL;Nginx;PostgreSQL;Python;Redis;Администрирование серверов и рабочих станций;Базовая работа с Linux;Сетевой мониторинг и логирование,DevOps-инженер,0,3-6
112606871,Системный Администратор Linux,"Привет, давай знакомиться!Мы — Cloud, аккредитованная ИТ-компания, разработавшая высокотехнологичную платежную инфраструктуру для бизнеса. Да, мы общаемся на ты, поэтому привыкай :) Немного о нас: Были основаны в 2014 году, а уже в 2017 году мы стали частью Т-Банка, поэтому поддержка банка и лучшие технологии нам обеспечены. В нашей команде уже более 300 человек. Надеемся, скоро эта цифра увеличится:) В состав Cloud сейчас входят:   CloudPayments — интернет-эквайринг для любых магазинов и сервисов   CloudTips — сервис для приема безналичных чаевых и донатов   CloudKassir — аренда облачных онлайн-касс для фискализации платежей по 54-ФЗ   СloudSoft — программное обеспечение для приема онлайн-платежей по всему миру   С нами работают 15 000 компаний, и останавливаться на достигнутом мы не собираемся. Бесконечность — не предел!Чтобы захватить рынок интернет-эквайринга, нам нужна большая и сильная команда, поэтому мы находимся в поисках единомышленников и активно расширяем нашу команду. Какие задачи предстоит решать:  Развитие и автоматизация существующей инфраструктуры; Настройка сетевого оборудования (мы используем Huawei, Fortinet); Автоматизация рутины; Взаимодействие с командой разработчиков и совместное решение задач; Ведение технической документации; Наши инструменты: Ansible, Prometheus, Nginx, Consul, Gitlab, ELK, Docker (swarm).  Ты точно справишься, если у тебя есть:  Опыт администрирования Linux (мы используем CentOS и Debian); Отличные знания сетей, умение траблшутить сетевые проблемы; Умение писать скрипты (bash или python); Опыт автоматизации (ansible); Опыт администрирования распределенных систем и веб-серверов, серверов приложений, серверов БД.  Что мы предлагаем:  Полностью удаленный формат работы; Гибкое начало рабочего дня; ДМС с чекапом, стоматологией, психологом и массажем; Дополнительные плюшки: корпоративный ноутбук, скидки у партнеров, оплачиваемое обучение; Молодая команда, объединенная общими интересами и стремлением стать экспертами в своей области. ","Администрирование серверов и рабочих станций;Базовая работа с Linux;Компьютерные сети, маршрутизация, протоколы;Работа в команде;Разработка технической документации;Системы управления конфигурацией",DevOps-инженер,0,3-6
115401126,SRE инженер / Администратор Linux,"Привет! Мы – Skillbox. Крупнейшая образовательная онлайн-платформа в России и №1 по качеству обучения (данные независимого рейтинга Smart Ranking). Мы создаем образование будущего и задаем тренды в отрасли EdTech. Благодаря нам сотни тысяч людей уже изменили жизнь к лучшему. Все наши образовательные и бизнес-процессы поддерживаются IT-командой. Мы быстро растем и постоянно решаем сложные и масштабные задачи — часто такие, которые до нас никто и никогда не решал Это работа на переднем крае технологий, с постоянным вызовом к профессионализму и большой социальной миссией. Ведь мы не просто пишем код, мы помогаем людям менять их жизни и становиться счастливее! Прямо сейчас наша команда в поиске SRE инженера / Администратора Linux.  Чем предстоит заниматься:  Участие в оперативном решение инцидентов; Расследование инцидентов, написание post mortem; Обеспечение непрерывной работы сервисов в продуктивной среде; Поддержка и сопровождение dev/stage сред сервисов; Тесное взаимодействие с командами инфраструктуры, разработки и тестирования; Ведение документации.  Мы будем рады видеть тебя в нашей команде, если у тебя есть:  Опыт работы в роли SRE, OPS, DevOps от 3 лет; Уверенные знания Linux и устройства RH-based дистрибутивов; Знания и опыт по оценки производительности систем, тюнинг под высокие нагрузки; Уверенные знания сетевого стека, достаточные для диагностики сетевых проблем; Умение работать с Git (мы все храним в git); Умение работать с Ansible (обязательное требование, т.к. конфигурациями мы управляем через ansible и не правим конфиги на хостах); Знание хотя бы одного из скриптовых языков (Bash, Python); Понимание принципов построения архитектуры высоконагруженных, масштабируемых, отказоустойчивых проектов, а также микросервисной архитектуры; Ответственное отношение к обеспечению работоспособности сервисов в зоне ответственности; Желание и способность работать в команде, в том числе распределенной; Практические навыки работы с:  СУБД (postgres, mysql); No-sql (Redis, mongodb); брокерами сообщений (RabbitMQ, Kafka); веб-серверами, php-fpm, прокси-серверами и балансировщиками нагрузки (nginx, haproxy); системами мониторинга и агрегации логов (Grafana, Prometheus, VictoriaMetrics, Kibana, ES).    Мы предлагаем:  Крутые проекты: работаем над сложными инновационными системами и быстро видим результат; Карьерное развитие: большая команда профессионалов, возможности роста и специализации; Локация по выбору: удобный офис в Москве рядом с Парком Горького или удаленно из любой точки мира; Гибкий график рабочего дня: можно работать тогда, когда это эффективнее всего; Оборудование: предоставляем всё необходимое; Честная зарплата: официально и стабильно, 100% “в белую”; Забота о здоровье: социальный пакет и расширенная программа ДМС после испытательного срока; Обучение: бесплатный доступ ко всем курсам Skillbox; Бонусы от партнёров: корпоративные скидки от партнеров на спорт, путешествия, одежду и изучение английского языка.  Чего у нас нет — дресс-кода и нудных собраний. Мы работаем на результат, а не ради формальных процессов. Нам интересно решать сложные задачи и развиваться. Мы будем рады видеть тебя в нашей команде, если ты инициативен и по-настоящему увлечен своим делом.",Apache Kafka;API;Grafana;HAProxy;Kibana;Nginx;PostgreSQL;Python;RabbitMQ;Redis;Базовая работа с Linux;Ведение документооборота;Работа в команде;Сетевой мониторинг и логирование;Системы управления конфигурацией;Тестирование программного обеспечения;Управление продуктом,DevOps-инженер,0,1-3
114560947,Системный администратор Linux / Kubernetes (Middle DevOps инженер),"В нашу компанию требуется хороший человек - и при этом DevOps инженер:) Наш профиль - это in-house разработка массовых онлайн-сервисов и софтов, а также инструментов для партнёрского маркетинга. Мы занимаем лидирующие позиции на рынке дистрибуции софта в странах СНГ. Эта вакансия для человека с опытом - системного администратора Linux, которому интересно развиваться в сторону DevOps. Или для специалиста, который уже позиционирует себя как DevOps-инженер. Кратко: Linux admin, DevOps, full-time, гибкий график, удалённая работа. Гарантируем крутой рабочий процесс, современный стек технологий, помощь в освоении нового, интересные задачи и, конечно, достойную оплату. Обязанности:   Администрирование и поддержка инфраструктуры компании: Kubernetes-кластер и несколько dedicated-серверов (legacy).   Взаимодействие с разработчиками для решения инцидентов и текущих задач.   Переезд приложений с legacy-инфраструктуры в Kubernetes;   Написание документации:   Локальная разработка и деплой приложений;   Сетап инфраструктуры с нуля;   Разбор инцидентов.     Инициатива в дальнейшем развитии и автоматизации инфраструктуры.   Используемые технологии:   Облачные провайдеры: Kubernetes в Google Cloud, выделенные серверы в OVH (legacy), Droplets и Spaces в DigitalOcean.   Управление конфигурацией: Helm, Ansible (legacy).   Изоляция приложений: Docker-контейнеры, немного LXC (legacy).   Логи и мониторинг: Prometheus, Loki.   Визуализация: Grafana.   CI/CD: Jenkins.   Базы данных: MySQL, MongoDB, Redis.   Разработка веб-приложений: Node.js, Python (Django/Flask), Next.js.   Kubernetes Ingress: Nginx.   Условия:  Оклад 180 000 - 250 000 руб при full-time. Определяется вашими начальными навыками. Премии за успешное выполнение стратегически важных этапов. Удалённая работа. Гибкий график. Вы сможете разбить свой день на удобные интервалы работы и работать в привычной обстановке. Современные процессы разработки (Docker + Kubernetes, CI/CD + GitOps). Востребованные и качественно реализованные проекты, в которых уже есть микросервисная архитектура, либо идёт переезд на неё. Классная команда - мы умеем и любим работать с людьми. Гарантируем “правильный” менеджмент и содействие в прокачке недостающих компетенций. У нас выверенный годами баланс между дисциплиной и свободой.  Дополнительные инструкции: Мы будем признательны, если к отклику вы приложите:  небольшой рассказ о себе в свободной форме: напишите об интересах в DevOps (или работе в целом) и о том, что зацепило в нашей вакансии; примеры своих Helm chart&#39;ов или Docker config&#39;ов: GitHub, Bitbucket, ссылка на облако. ",Docker;Kubernetes;Администрирование серверов и рабочих станций;Базовая работа с Linux;Разработка документации;Системы управления конфигурацией;Управление продуктом,DevOps-инженер,215000,1-3
110038839,System administrator Linux / DevOps engineer,"WinTech успешно развивает бизнес в сфере iGaming уже 13 лет, разрабатывая софт и продукты для международного рынка, постоянно расширяя свое присутствие в Европе и Латинской Америке. Свои продукты мы ведем от создания и разработки стратегии продвижения до технической поддержки существующих пользователей и привлечения новых. Уже несколько iGaming продуктов, построенных на базе нашей платформы, успешно запущены и развиваются на зарубежных рынках. Платформа WinTech B2B - это набор решений, необходимых для успешного функционирования бизнеса онлайн-игр. Нашим приоритетом и главным конкурентным преимуществом является гибкий индивидуальный подход к клиенту, ориентированный на развитие долгосрочных и взаимовыгодных отношений, а также быстрое выполнение SLA и фокус на развитие нашей платформы с учетом динамичных потребностей индустрии. Сейчас мы ищем опытного специалиста, который будет отвечать за администрирование инфраструктуры, обеспечивать надежность и решать сложные кейсы. Нам нужен тот, кто готов к челленджам!  Чем предстоит заниматься:   Администрировать парк серверов компании на Linux (10+ физических и 100+ виртуальных серверов);   Обеспечивать надежность и безопасность работы технической инфраструктуры;   Поддерживать работоспособность инфраструктуры - решать возникающие проблемы и заниматься проектированием и расширением на перспективу   Масштабировать серверные мощности и обеспечивать отказоустойчивость;   Troubleshooting инцидентов с программными продуктами компании;   Заниматься построением системы CI/CD, настройкой workflow согласно требованиям, доработкой существующих pipelines, поиском и исправлением ошибок;   Заниматься построением инфраструктуры на отдельных инстансах новых продуктов компании и для b2b клиентов;   Поддерживать текущий стек Terraform скриптов и разрабатывать новые   Профессиональный опыт и навыки:   Опыт работы в роли Cloud инженер AWS от 2-х лет;   Опыт администрирования Linux от 3-х лет (Debian/Ubuntu);   Опыт работы в высоконагруженных проектах;   Глубокие знания по администрированию СУБД (PostgreSQL 12+ / ClickHouse), включая знания практик по распределению нагрузки и репликации данных (PgBouncer / PgCat), обеспечения системы непрерывного бекапа и валидации бекапов;   Умение настраивать и администрировать сервера с Nginx, HAProxy, php7/8, Java, nodeJS;   Опыт сопровождения продуктов на PHP: конфигурирование php-fpm, Node.js 20, pm2   Умение в Troubleshooting (читать логи, выяснить где проблема, что сломалось и как исправить)   Знание подхода IaC и и опыт управления инфраструктурой на основе Terraform + Ansible;   Способность развернуть инфраструктуру и поддерживать ее актуальность через Terraform + Ansible;   Опыт работы с CI/CD конвейерами: GitLab CI/CD;   Опыт работы с системами контейнеризации Docker, Kubernetes;   Понимание работы почтовых протоколов и серверов Postfix/Dovecot, обеспечение доставляемости больших почтовых рассылок. Знание практик в настройке почтовых доменов (DKIM/SPF/DMARC);   Знание базовых видов атак, и умение от них защищаться на уровнях layer 3 4 7.   Умение настраивать сети: маршрутизация, CDN, network load balancing (vrrp/keepalived), Iptables.   Будет большим плюсом:   Наличие сертификата AWS;   Опыт работы с Openstack;   Знание дополнительных языков - Python, Bash;   Опыт работы с CloudFlare;   Опыт в настройке систем мониторинга: Zabbix / Prometheus / Grafana / Graylog / AWS CloudWatch / Sentry;   Навыки работы с системами виртуализации, построение кластерных систем на основе Proxmox/VMware ESXi;   Умение настраивать сети: VPN (L2TP/IPsec / OpenVPN / Shadowsocks / XRay).   Мы готовы предложить:   Удаленный формат работы в графике 5/2 с гибким началом рабочего дня (с 8-10.00 по Мск.);   Занятия английским языком с корпоративным преподавателем 2 раза в неделю;   Индивидуальный трек развития при поддержке CorpUniversity, бюджеты на внешние обучения/конференции;   Свободу в принятиях решений в рамках своей зоны ответственности, никакого микроменеджмента;   Активную корпоративную жизнь, прозрачный онбординг, поддерживающее комьюнити;   Сильную команду профессионалов, где можно серьезно прокачать свои скиллы и внедрять свои идеи!    ","AWS;CI/CD;Docker;Kubernetes;PostgreSQL;Python;SAP;Terraform;Базовая работа с Linux;Компьютерные сети, маршрутизация, протоколы;Продажи;Работоспособность",DevOps-инженер,0,3-6
116747002,Linux инженер (SysOps),"Мы — команда каршеринга Ситидрайв, работаем в Москве, Санкт-Петербурге, Сочи, Екатеринбурге и Нижнем Новгороде. Занимаем второе место на рынке каршеринга в России*. Кроме краткосрочной онлайн-аренды автомобилей развиваем классический прокат, долгую аренду авто без оклейки, каршеринг для корпоративных клиентов и продажу машин с пробегом из нашего автопарка. Ещё немного о нас: Автопарк 19 000+ машин;3 станции технического обслуживания и шоурум;Собственная топливная инфраструктура;Аккредитованная ИТ-компания;Финалисты рейтинга работодателей РБК. А еще, мы продолжаем развивать наш продукт, и за последний год наши ИТ специалисты: Перевели наш монолит и все сервисы в облачную инфраструктуру на базе Kubernetes – теперь можем масштабировать нагрузку на проект в моменте;  Снизили нагрузку на базы данных, за счет разворачивания нового кластера и большого количества оптимизаций; Сделали свой движок поиска машин на карте; Перешли на канареечные деплои сервисов; Перевели с Node.js на Golang ~40% кодовой базы, и будем продолжать в том же темпе!  Наша команда отвечает за эксплуатацию, поддержку и управление ИТ-инфраструктурой, включая серверы, сети, базы данных и другие системы. Основная задача SysOps — обеспечивать стабильность, безопасность и производительность ИТ-систем. Задачи:  Управление и поддержка высоконагруженных систем на базе Linux (Ubuntu); Сегментация сети: проектирование, настройка и поддержка изолированных сетевых сегментов; Настройка и синхронизация инфраструктуры между несколькими центрами обработки данных, обеспечение отказоустойчивости и гео-распределенности; Настройка и поддержка объектного хранилища Minio; Работа с системами виртуализации (Proxmox, Libvirt); Переезд инфраструктуры команды на выделенные сервера/виртуализацию Proxmox; Автоматизация процессов с использованием Ansible; Настройка и оптимизация балансировщиков нагрузки (Nginx, HAProxy, Keepalived); Развертывание и управление контейнерами (Docker) и оркестрация (Kubernetes); Мониторинг и анализ метрик с использованием Grafana, VictoriaMetrics, Loki; Управление железом (физическими серверами) и оптимизация их работы; Постоянное улучшение инфраструктуры, устранение узких мест и обеспечение отказоустойчивости; Написание и поддержание технической документации в актуальном состоянии.  Необходимые знания и опыт:  Профессиональное знание Linux (Ubuntu); Глубокое понимание сетевых технологий (TCP/IP, DNS, VLAN, VPN, Firewalls) и опыт сегментации сети; Опыт работы с Ansible для автоматизации; Понимание принципов работы Minio и опыт построения кластеров Minio; Знание и опыт работы с системами виртуализации (libvirt, Proxmox); Знание Bash и одного из языков программирования (Python, Go) для автоматизации процессов; Навыки работы с Nginx, HAProxy, Keepalived, Docker; Опыт настройки и использования систем мониторинга (Grafana, VictoriaMetrics, Loki); Умение работать с железом (физические сервера, RAID, диагностика оборудования); Понимание принципов работы высоконагруженных систем и умение их оптимизировать; Опыт работы с системами контроля версий (Git).  Будем плюсом:  Опыт работы с несколькими ЦОД: настройка, синхронизация, обеспечение отказоустойчивости; Опыт работы с кластерами Kubernetes; Опыт работы с Terraform для управления инфраструктурой как код (IaC).  Мы предлагаем:  Полностью удаленная работа и/или работа в современном офисе в центре (около м. Белорусская, Менделеевская и Новослободская) с бесплатной парковкой, террасой и локациями для игр; Официальное оформление в IT-аккредитованную компанию и зарплата на уровне топовых IT-компаний России. Конкретный размер зависит от опыта и крутизны кандидата. Ты всегда можешь сказать желаемую заработную плату, и мы попробуем договориться; Офис, удаленка или гибридный формат работы, гибкое начало рабочего дня + 3 day off в год; Мы предоставляем расширенный ДМС со стоматологией, экстренной и плановой госпитализацией и др.; Мы выдаем всю необходимую технику для твоей комфортной работы (Mac/Windows на выбор); Ты можешь рассчитывать на посещение профессиональных конференций (в том числе и иностранных), а также выступать от имени компании на релевантных отраслевых мероприятиях; Performance Review дважды в год, с возможностью влиять на свое профессиональное развитие и уровень дохода; Мы сотрудничаем с BestBenefits - сервис корпоративных скидок, а в нашем офисе проходят занятия с преподавателем-носителем по английскому языку; И теперь у нас есть возможность получить сниженную процентную ставку на новую и действующую ипотеку; Ну и, разумеется, мы предоставляем корпоративную скидку 50% на наш сервис каршеринга. ",,DevOps-инженер,0,1-3
107072152,Системный администратор Linux,"About the Team We are Quadcode, a fintech company excelling in financial brokerage activities and delivering advanced financial products to our global clientele. Our flagship product, an internal trading platform, is offered as a Software-as-a-Service (SaaS) solution to other brokers. We are a dynamic and innovative team responsible for building and supporting a cutting-edge private cloud infrastructure based on OpenStack and Kubernetes. Our infrastructure supports the stable operation of our trading platform, utilizing various Linux systems and services such as DNS, Gitlab, Artifactory, and Vault. Tasks:  Oversee various services and associated infrastructure components, including DNS, Gitlab, Artifactory, Vault, etc; Perform day-to-day operational tasks such as upgrades, CVE patching, backup and restore, security scans, and monitoring; Manage and support private clouds (Openstack and Kubernetes); Resolve incidents, provide support coverage, categorize issues, conduct post-mortems, and perform root cause analysis; Ensure environments are stable and adhere to availability SLAs; Work towards reducing operational effort; Engage in constant upskilling to stay updated with industry best practices.  Requirements:  Minimum of 5 years of experience as a Linux system administrator, DevOps Engineer, or Site Reliability Engineer; Extensive experience in designing, building, configuring, and troubleshooting Linux servers across various environments (bare metal, container, cloud); Familiarity with process control and logging; Proficiency with automation tools such as Ansible, Salt, or Chef; Good understanding of Docker and ideally Kubernetes; Experience with monitoring and log aggregation tools like Grafana, ELK, or Graylog; Hands-on experience in deploying and maintaining systems on cloud solutions such as AWS, GCP, Azure, or OpenStack; Skilled in scripting languages such as Bash and Python; Familiarity with configuring various servers and databases, including Apache Tomcat, Nginx, MySQL DB, PostgreSQL, Kafka, RabbitMQ, etc; Ideally, some exposure to DevOps tools like Gitlab CI/CD, Jenkins, or GitHub Actions; At least B2 in Russian and B1 in English.  What we offer:  Remote work model; Competitive remuneration; Training and development; Corporate life: master classes, lectures and incredible parties (now online); Friendly, enjoyable and positive environment.  Currently, over 700 employees and service providers are stationed across its seven global offices located in the UK, Gibraltar, the UAE, the Bahamas, Australia, and the headquarters in Cyprus. By broadening its international presence, Quadcode presents a myriad of intriguing tasks and challenges for professionals like developers, market research analysts, and PR marketing specialists, among others.   Join us today, and let&#39;s shape the future of fintech together!   Note: All applications will be treated with strict confidence. We thank all applicants for their interest, however, only those candidates selected for interviews will be contacted.","API;Artifactory;DevOps;DNS;Docker;Gitlab;Kubernetes;Базовая работа с Linux;Виртуализация, облачная инфраструктура;Компьютерные сети, маршрутизация, протоколы;Обеспечение информационной безопасности;Сетевой мониторинг и логирование;Системы управления конфигурацией;Хранение и обработка данных",DevOps-инженер,0,3-6
107072151,Системный администратор Linux,"About the Team We are Quadcode, a fintech company excelling in financial brokerage activities and delivering advanced financial products to our global clientele. Our flagship product, an internal trading platform, is offered as a Software-as-a-Service (SaaS) solution to other brokers. We are a dynamic and innovative team responsible for building and supporting a cutting-edge private cloud infrastructure based on OpenStack and Kubernetes. Our infrastructure supports the stable operation of our trading platform, utilizing various Linux systems and services such as DNS, Gitlab, Artifactory, and Vault. Tasks:  Oversee various services and associated infrastructure components, including DNS, Gitlab, Artifactory, Vault, etc; Perform day-to-day operational tasks such as upgrades, CVE patching, backup and restore, security scans, and monitoring; Manage and support private clouds (Openstack and Kubernetes); Resolve incidents, provide support coverage, categorize issues, conduct post-mortems, and perform root cause analysis; Ensure environments are stable and adhere to availability SLAs; Work towards reducing operational effort; Engage in constant upskilling to stay updated with industry best practices.  Requirements:  Minimum of 5 years of experience as a Linux system administrator, DevOps Engineer, or Site Reliability Engineer; Extensive experience in designing, building, configuring, and troubleshooting Linux servers across various environments (bare metal, container, cloud); Familiarity with process control and logging; Proficiency with automation tools such as Ansible, Salt, or Chef; Good understanding of Docker and ideally Kubernetes; Experience with monitoring and log aggregation tools like Grafana, ELK, or Graylog; Hands-on experience in deploying and maintaining systems on cloud solutions such as AWS, GCP, Azure, or OpenStack; Skilled in scripting languages such as Bash and Python; Familiarity with configuring various servers and databases, including Apache Tomcat, Nginx, MySQL DB, PostgreSQL, Kafka, RabbitMQ, etc; Ideally, some exposure to DevOps tools like Gitlab CI/CD, Jenkins, or GitHub Actions; At least B2 in Russian and B1 in English.  What we offer:  Remote work model; Competitive remuneration; Training and development; Corporate life: master classes, lectures and incredible parties (now online); Friendly, enjoyable and positive environment.  Currently, over 700 employees and service providers are stationed across its seven global offices located in the UK, Gibraltar, the UAE, the Bahamas, Australia, and the headquarters in Cyprus. By broadening its international presence, Quadcode presents a myriad of intriguing tasks and challenges for professionals like developers, market research analysts, and PR marketing specialists, among others.   Join us today, and let&#39;s shape the future of fintech together!   Note: All applications will be treated with strict confidence. We thank all applicants for their interest, however, only those candidates selected for interviews will be contacted.","API;Artifactory;DevOps;DNS;Docker;Gitlab;Kubernetes;Базовая работа с Linux;Виртуализация, облачная инфраструктура;Компьютерные сети, маршрутизация, протоколы;Обеспечение информационной безопасности;Сетевой мониторинг и логирование;Системы управления конфигурацией;Хранение и обработка данных",DevOps-инженер,0,3-6
107251473,Build-инженер/программист,"Тензор – крупная российская аккредитованная IT-компания. Наш основной продукт – СБИС – сеть деловых коммуникаций. Систему СБИС придумали, создали и постоянно совершенствуют более 1500 разработчиков в 11 филиалах по стране. У нас есть фанаты дата-майнинга, эксперты в разработке кроссплатформенных приложений и высоконагруженных систем, разработчики мобильных, настольных и веб-приложений, специалисты по обработке, анализу и хранению больших массивов данных. Мы ищем Build-инженера/программиста в проект в отдел сервисный фреймворк платформы СБИС для развития и поддержки сборочной инфраструктуры собственной платформы компании для разработки серверных, десктопных и мобильных приложений. Ждем от вас:  глубокое понимание принципов работы систем сборки и пакетных менеджеров; опыт процесса сборки и пакетирования приложений на ЯП C++ под различные платформы (Windows, Linux, Mac); опыт работы с CMake, autotools и другими системами сборки; знание python и bash на уровне написания скриптов.  Желательно Опыт работы с пакетным менеджером Conan, базовое знание С++.   Мы предлагаем:  интересную работу в крупной и стабильной IT-компании; заработную плату в зависимости от квалификации и уровня ответственности; оформление по ТК РФ; премии от 5 до 20% по итогам работы за месяц; социальные гарантии, ДМС; возможности профессионального и карьерного роста, курсы иностранных языков; корпоративные праздники и различные совместные мероприятия.   ",,DevOps-инженер,167500,1-3
106693537,Инженер Linux / Junior Devops,"Мы, Southbridge, работаем с 2007 года. Строим и поддерживаем ИТ-инфраструктуру средне и высоконагруженных проектов, более 1000 серверов на поддержке. Инженеры в Southbridge работают в командах по три человека. У нас нет проектных менеджеров, команды общаются с клиентами напрямую и сами организуют свой процесс, договариваясь внутри – для нас как компании в первую очередь важна стабильная работа проектов наших клиентов. Мы в поиске талантливых инженеров, которые хотят расти и развиваться вместе нами. Главное для нас - это строить и поддерживать различные решения для наших клиентов и обеспечивать высокий уровень обслуживания. Мы предоставляем возможность выбрать направление/технический стек или проекты. Мы за то, чтобы заниматься тем, что действительно нравится, и самостоятельно корректировать направление своего развития. Мы обычно работаем со следующим стеком:— Linux;— СУБД (SQL, NoSQL);— Cкриптовые языки (Bash, Python);— Cтек веб-технологий (Nginx, Apache, php-fpm);— Cредства виртуализации (Systemd-nspawn, OpenVZ, KVM);— Мониторинг, опыт работы с Zabbix или Prometheus;— Infrastructure as Code (Ansible, Terraform);— Gitlab.Вместе с командой вам предстоит:— Поддерживать и мониторить клиентские сервера;— Устранять узкие места в архитектуре проектов, участвовать в выработке решений;— Общаться и взаимодействовать с клиентами;— Строить и автоматизировать процессы, взаимодействовать с разработчиками;— Повышать отказоустойчивость систем и масштабировать проекты;— Изучать и внедрять новые технологии, сервисы и инструменты. Требования:  Опыт работы в технической поддержке (будет плюсом); Опыт работы с несколькими проектами; Опыт работы с аппаратным и софтовым RAID; Опыт траблшутинга Linux серверов; Опыт работы с веб-стеком LAMP/LEMP; Опыт работы с Nginx; Опыт работы с Ansible (будет плюсом); Грамотная письменная и устная речь; Желание расти и развиваться с командой.  Работать у нас хорошо, потому что:  Интересно: работаете с разными проектами и прокачиваете хард-скилы; Уровень дохода напрямую зависит от количества клиентов и навыков; Мы являемся аккредитованной IT компанией, есть возможность получения льготной ипотеки; У нас минимум бюрократии - мы работаем в первую очередь на результат; Можно проходить любые обучающие курсы нашего партнера «Слёрм» бесплатно; Мы работаем полностью удаленно, готовы предложить официальное трудоустройство в штат с первого дня.  При отборе кандидатов у нас предусмотрено тестовое задание, оно даст возможность оценить, насколько рабочие задачи вам будут интересны. Также выполненное задание позволит наглядно продемонстрировать ваши навыки и умения в работе. Это поможет сэкономить ваше и наше время и понять, подходим ли мы друг другу.  ","Apache;DevOps;Gitlab;Nginx;NoSQL;PHP;Python;SQL;Terraform;Администрирование серверов и рабочих станций;Базовая работа с Linux;Взаимодействие с клиентами и заказчиками;Виртуализация, облачная инфраструктура;Желание развиваться;Коммуникативная грамотность;Обучаемость и адаптивность;Сетевой мониторинг и логирование;Системы управления конфигурацией;Техническая поддержка пользователей",DevOps-инженер,100000,1-3
112612504,Product designer/Продуктовый дизайнер в команду Личного кабинета партнера,"НЕМНОГО О КОМАНДЕ: У нас есть профессионалы разных профилей, с которыми всегда можно обменяться опытом и обсудить самые последние новости индустрии. Как одни из лидеров рынка финансирования жилищного строительства, мы уделяем пристальное внимание развитию удобных цифровых продуктов для людей. Мы активно растем и расширяем свою команду. У вас есть возможность стать участником команды профессионалов, объединенных амбициозными целями, принести свой опыт, влиять на результат и делать уникальный продукт. Позиция открыта в подразделении дизайна и клиентского опыта в Банке ДОМ.РФ. Направление работает над продуктами всей группы компаний ДОМ.РФ. Вакансия - в команде Личного кабинета партнера, направления Ипотека. О ПРОЕКТЕ: Личный кабинет Партнера - это сервис, который позволяет партнеру Банка подать заявку клиента на ипотеку, отслеживать статус, готовить клиента на сделку. Наш клиент в этом случае - это партнер Банка. Наша цель - сделать работу Партнера максимально удобной, понятной и логичной. Личный кабинет неразрывно связан с кредитным конвейером, в котором работают сотрудники Банка, с которым тебе также придется соприкоснуться. ЧЕМ ПРЕДСТОИТ ЗАНИМАТЬСЯ: Разрабатывать digital-продукт личного кабинета партнера, направления ипотека. Стать активным членом команды, создавать продукт и его ценность для клиентов и банка  Проектировать новые и развивать имеющиеся сервисы банка, основываясь на статистике и метриках в тесном взаимодействии с командой Понимать весь клиентский путь, уметь отрисовывать его в СJM и User Flow, выявлять точки роста и внедрять улучшения по нему Анализировать текущие решения, инициировать исследования, строить гипотезы и проверять их Презентовывать разработанные макеты, аргументируя свои решения Готовить макеты для передачи в разработку и контролировать качество реализации интерфейсов Поддерживать и улучшать дизайн систему в плотной связке с командой  НАШИ ПОЖЕЛАНИЯ К СОИСКАТЕЛЮ:  Коммерческий опыт работы в сложных продуктах от 3 лет (не фриланс) Опыт работы с высоконагруженными системами, CRM, табличными представлениями Наличие качественного, актуального и структурированного портфолио (высоконагруженные интерфейсы и мобильные приложения) Готовность быстро погрузиться в специфику и цели продукта Продвинутый опыт работы в Figma: работа с UI-библиотеками (компоненты, варианты, стили и пр), чтение документации, следование гайдам Умение самостоятельно внедрять новые компоненты в уже существующую дизайн систему при необходимости Забота о разработчиках и коллегах других направлений - соблюдение порядка в своих макетах Умение презентовать свою работу и обосновывать эффективность выбранных решений Инициативность и умение брать на себя ответственность за выполнение поставленных задач. Самостоятельность, проактивность и умением перфомить Умение слушать и договариваться с заказчиками, коллегами и экспертами  БУДЕТ ПЛЮСОМ:  Знание BPMN/UML нотаций Разработка CJM для продукта Опыт в исследованиях по продукту  ВАЖНАЯ ИНФОРМАЦИЯ:  Для нас важно увидеть не концептуальные и учебные работы, а реальный опыт, который можно показать без нарушения NDA. Нам интересно узнать какие задачи проекта стояли перед вами, как вы справить с этим и почему выбрали именно эти решения ",UI/UX Дизайн;Знание особенностей страхования имущества;Ипотечное кредитование;Исследование клиентского опыта;Контроль качества;Работа в команде;Составление карты пути клиента (CJM);Статистическая обработка данных,DevOps-инженер,0,3-6
107754090,Инженер Linux (SberOS),"Наша команда создает и развивает продукт «Рабочее место на Linux». Мы создаем собственные сборки дистрибутивов Linux для использования в Банке, а также разрабатываем систему удаленного управления для Linux. Если вы хотите реализовывать проекты мирового уровня, наша команда ждет вас!Обязанности:  написание bash скриптов сборка deb пакетов работа с пакетным менеджером apt/dpkg работа Jira/Confluence понимание работы в git, командная разработка подготовка livecd troubleshooting системных компонентов ОС Linux cборка образов ОС в контейнерах dедение документации. Мы ждем вас, если вы:  владеете командной строкой (Bash) знакомы с основными компонентами системы инициализации Systemd знаете, как использовать DEB и APT (Debian Package Manager) имеете опыт создания собственных DEB-пакетов (Git, Make) понимаете этапы загрузки ОС и принципы разбивки дисков можете написать собственные сервисы Systemd и понимает, как они работают (модульность, управление зависимостями). Мы предлагаем:  возможен гибридный формат работы; гибкий график начала рабочего дня; уровень заработной платы определяем по итогам собеседования, отталкиваемся от твоих ожиданий; команда профессионалов своего дела; бесплатный спортзал; ДМС с 1го дня работы работы; обучение и сертификацию за счет компании (в том числе обучение английскому языку компенсируется); выстроенные процессы по адаптации, оценке и понятную систему роста в компании; наставника на период адаптации и богатую корпоративную жизнь, в которой можно участвовать по желанию. ",,DevOps-инженер,0,3-6
107754850,Linux Support Engineer,"Ready to make a real impact and work with a respected leader in the field since 2008? Join RapidSeedbox as a Linux Support Engineer and transform user experiences while shaping the future of digital freedom. About us: Watch the introductory video of our CEO and Founder: We are a remote SaaS company with a mission to provide online anonymity to people worldwide. With a rich history in the Hosting and Networking domain, we&#39;ve been operating in the anonymity space since 2008, serving thousands of active clients. With a clear vision for the future, our remote, passionate, and diverse team is continuously expanding, and we are on the lookout for talented individuals to join us on our exciting journey. Our core values are: ✔️Excellence in everything we do (“I go above and beyond”) ✔️Ownership and responsibility (“I own it”) ✔️Continuously push the limits (“I don’t accept no as an answer. No is just an option”) ✔️Openness &amp; cooperation (“Everyone matters”) Performance Objectives  Provide Exceptional Customer Support  Deliver world-class support to customers by resolving technical and non-technical issues, ensuring at least 95% of rated conversations are positive. Maintain a 99.5% resolution rate for customer inquiries, tickets, and system-generated warnings without escalating to L2 or L3 support.   Enhance the Support System with Quality Content  Create and maintain high-quality support articles to boost the efficiency of the support system and add value for customers. Regularly update and expand the knowledge base with new insights and best practices to reduce the volume of support tickets.   Quality Assurance (QA) Contribution  Perform Quality Assurance tasks across the organization by testing deliverables and ensuring they meet required standards before release.   Ownership of Key Metrics  Submit required reports on time and take full ownership of key performance indicators that drive success in the role.   Proactive Learning and Improvement  Demonstrate a commitment to ongoing professional development by asking questions, seeking feedback, and suggesting process improvements.    Key Competencies for your success:  Proficiency in System Administration and Customer Support. Expertise in Linux environments (Ubuntu, RedHat, CentOS) with at least 2 years of experience. Solid understanding of networking and troubleshooting skills. Ability to manage virtualization technologies (OpenVZ, KVM, SolusVM) effectively. Experience using monitoring tools (Zabbix, Nagios, Grafana, Prometheus) to maintain infrastructure performance. Bash scripting skills for automating tasks and processes. This is a remote job role with working hours from 16:00-23:00 CET, 6 days a week.  Additional Competencies:  Experience in WHMCS and Intercom is a big plus.  You will be a great fit if you are:  Proactive — You take action without being instructed to. You provide fresh perspectives to the organization. Lead small projects that improve our service Customer Centric — You value your customers. You prioritize the customer’s satisfaction and recognize that we are here to serve the customer. Persistent — Demonstrate tenacity and willingness to go the distance to complete the task. Determined — Has a track record of pushing the limits until the job is done. Team player — Reach out to peers and collaborate with supervisors to develop a collaborative working relationship, which includes assisting one another in any work circumstance, enabling seamless ticket transfer between shifts, and structuring your time shifts to cover most time zones.  What’s in it for you:  Remote Work: Enjoy the flexibility of working 100% remotely from the comfort of your home or any location worldwide. Unlimited Vacation: Take as many vacation days as you need to ensure you are well-rested and ready to tackle new challenges. Professional Growth: As we are a small company, you&#39;ll have the chance to engage with various aspects of the business, fostering your professional development. Emergency Fund: We offer an interest-free emergency fund with comfortable payouts to help you in times of need. Company Retreats: While we are a fully remote company, we believe in teamwork and we want you to feel you belong here. We strive to organize yearly company retreats where everyone is invited. We believe in hard work, but also in having a good time!  Interview flow:  Application: Everything starts with getting in touch. The best way to express your interest is by applying online. HR Interview: If your profile aligns with our requirements, we&#39;ll invite you for an HR interview. Technical Interview/Test: You may undergo a technical interview or complete a relevant test. Online Interviews: You may have up to three online interviews with various team members. Reference Check: We will kindly request you to arrange a reference check before we extend a job offer.  If this opportunity resonates with you, we are excited to meet you and welcome you to the RapidSeedbox team!  ",,DevOps-инженер,93929,1-3
108112552,DevOps/ инженер Linux,"Текущий технологический стек:  CentOS, Docker, k8s Ansible, Terraform GitLab CI, Jenkins Nginx, Apache PostgreSQL, MySQL Confluent (Kafka), RabbitMQ, Redis, Memcached ELK, Prometheus, Grafana, Zabbix  Хочется:  Унифицированные dev-стенды Единый подход к dev/test/preprod/prod-окружениям Автоматизация поднятия стендов Автоматизация сборок и тестирования, в т.ч. нагрузочного (совместно с разработчиками и тестировщиками) То, что ещё вы сможете предложить :)  Требования: - Отличное знание Linux-систем - Отличное знание сетевых протоколов - Желателен опыт с ELK, Prometheus+Grafana - Желателен опыт работы с контейнерными системами Docker и оркестрация - Опыт работы с CI/CD (GitLab CI/Jenkins) - Опыт обслуживания Redis кластера - Опыт обслуживания ElasticSearch кластера - Опыт работы с master-slave организацией БД (MySQL|Postgres) - Желателен опыт работы с очередями (RabbitMQ/Kaffka/…) - Умение тесно контактировать с разработчиками и тестировщиками - Знание принципов построения высоконагруженных систем - Понимание современных методологий (Scrum) Что мы предлагаем:  Конкурентоспособную заработную плату. Возможность работать в офисе или удаленно. Корпоративный ДМС после испытательного срока. Возможность оплаты обучающих мероприятий. ","CI/CD;Docker;ElasticSearch;Gitlab;Grafana;MySQL;PostgreSQL;RabbitMQ;Redis;Базовая работа с Linux;Компьютерные сети, маршрутизация, протоколы;Сетевой мониторинг и логирование;Управление проектами",DevOps-инженер,0,1-3
110445758,Системный администратор Linux,"Unisender — продуктовая компания, которая помогает бизнесу просто и без заморочек вести коммуникацию со своими клиентами и увеличивать продажи. Наш основной продукт - платформа для создания красивых и эффективных email-рассылок. Помимо этого мы развиваем чат-ботов, автоматические цепочки рассылок и другие каналы коммуникаций с клиентами, например, sms рассылки. Мы работаем в автономных межфункциональных командах и позволяем каждому брать ответственность на себя и реализовывать самые смелые идеи. Сейчас мы в поиске Системного администратора, который готов обучаться и в будущем стать DevOps инженером! Чем предстоит заниматься:   Управление офисными серверами. Управление облачными ресурсами и пользователями для них. Настройка систем безопасности и предотвращения вторжения. Настройка корпоративной сети и VPN. Управление веб-серверами в корпоративной сети (BitrixVM). В перспективе взаимодействие с командой разработки микросервисов.  От кандидата мы ожидаем:   Linux - понимание принципов работы ОС, опыт сборки модулей для ядра и отладки ОС. Веб стек (Haproxy/ Nginx) – опыт управления веб-серверами, настройки балансировки и кеширования, оптимизации правил, защиты от ddos. Базы данных (MySQL/ PSQL/ Redis, опционально Mongo/ Clickhouse) - базовые операции, опционально кластеризация/ шардинг. Почтовый стек - понимание работы SMTP на уровне команд (могу отправить письмо из telnet). Сетевой стек - понимание основных сетевых протоков, управление динамической маршрутизацией, работа с VPN корпоративного класса. Опыт управления логами - Rsyslog, опционально ELK/ Graylog. Автоматизация - обязателен опыт работы со shell-скриптами, преимуществом будет знакомство с PHP, Go, Ruby.  Будем обучать:   Управлению микросервисами в Kubernetes: Gitlab / Jenkins / Chef / Prometheus / RabbitMQ / S3 и др.  Мы предлагаем:   Работу в аккредитованной IT-компании.   Трудоустройство по ТК РФ.   Удаленная работа из любой точки мира, но есть и офисы в Москве и Минске.   Оплачиваемые выходные на значимые события в жизни сотрудника.   Материальная помощь в сложных жизненных ситуациях.   Наличие ресурсов для реализации идей и широкую зону ответственности.   Команду единомышленников, культуру взаимоуважения и сотрудничества.   Активную корпоративную жизнь: неформальные встречи, участие в тематических конференциях и форумах.   Ценим work-life balance, не приветствуем овертаймы, нет задач “на вчера”.   Мы открыто делимся конструктивной обратной связью, с уважением к другим.   Поддерживаем развитие каждого. Оплачиваем все профильные ивенты, книги и курсы.  ","API;ElasticSearch;Golang;HAProxy;MongoDB;MySQL;Nginx;PHP;PostgreSQL;Redis;Shell;VPN;Базовая работа с Linux;Выполнение шиномонтажных работ;Компьютерные сети, маршрутизация, протоколы;Маршрутизация;Обеспечение информационной безопасности;Работа в команде;Работа с почтовыми протоколами;Сетевой мониторинг и логирование",DevOps-инженер,0,3-6
116795650,Системный администратор Linux,"Network Technologies — официальный дилер «Элтекс», крупнейшего производителя сетевого и телекоммуникационного оборудования в России. Вся продукция разработана и произведена в России, сертифицирована и включена в реестры Минпромторга. Сейчас мы в поисках Devops-инженера для задач, направленных на поддержание и улучшение ИТ-инфраструктуры в компании. Обязанности:   Подготовка ПО с корректировками заказчика для конечной передачи продукта в работу заказчика; Сопровождение текущих информационных систем; Мониторинг, логирование и обеспечение высокой доступности сервисов; Обеспечение безопасности и соответствия стандартам; Выявление и устранение узких мест в производительности и надежности систем; Внедрение и поддержка процессов автоматизации тестирования и деплоя; Работа с базами данных (MySQL, PostgreSQL и др.)   Стек, с которым нужно уметь работать:  GitLab Nginx PostgeSQL Docker Kubernetes Linux Bash Git Redis  Условия, которые мы предлагаем:   Прозрачное сотрудничество: официальное трудоустройство с первого дня, стабильная белая заработная плата;   Соцпакет: компенсация спортзала, ДМС со стоматологией;   Возможность выбрать удобный адрес для работы: Ядринцевская 23 или Промкирпичная 22;   Возможность гибридного графика - совмещение работы в офисе с работой из дома;   Корпоративное обучение и профессиональный рост внутри компании;   Карьера в активно развивающейся сфере телеком. оборудования;   Работа с узнаваемой торговой маркой российского производства.Заработную плату обсуждаем индивидуально на собеседовании  ",,DevOps-инженер,180000,1-3
112419413,Систменый администратор Linux / DevOps-инженер (Junior),"Эта вакансия - отличная возможность для системного администратора Linux c опытом написания скриптов (Bash или Python) и работы с docker-контейнерами, который хочет глубже погрузиться в сферу devops и стать частью команды, создающей сложный продукт. О продукте Printum – лучшая российская система мониторинга и управления печатью. Представляет из себя линейку из нескольких продуктов для управления парком техники и заданиями печати, разработанных в партнерстве с ведущими производителями принтеров и МФУ, сервисом Яндекс Облако и Фондом содействия инновациям. Наш продукт используется в крупнейших компаниях страны с высокими требованиями к надежности и безопасности, разворачивается на инфраструктуре заказчиков без выхода в интернет, поэтому поэтому DevOps играет важную роль. О компании На сегодняшний день Принтум - аккредитованная ИТ-компания, резидент Сколково и единственная компания в России, которая имеет доступ к закрытым платформам всех производителей принтеров и МФУ (HP, Xerox, Konica Minolta и т.д.), что позволяет полноценно интегрироваться с любым оборудованием и разворачивать систему в любой инфраструктуре. Что нужно делать Ключевая задача – автоматизация и поддержка процессов развертывания, мониторинга и управления инфраструктурой Printum для обеспечения надежности и безопасности продукта в корпоративной среде. Обязательные требования:  Опыт администрирования Linux (Ubuntu или российские ОС). Опыт написания скриптов (Bash или Python). Опыт работы с docker-контейнерами.  В кандидате также важны:  Самостоятельность и проактивность: умение брать ответственность за задачи и находить решения без постоянного контроля. Критическое мышление: способность понимать, зачем выполняется та или иная задача, оценивать её влияние на продукт и предлагать улучшения. Навыки планирования и приоритизации: умение эффективно управлять своим временем и ресурсами для достижения максимального результата. Коммуникабельность: готовность к открытому обсуждению идей и проблем для достижения общих целей команды. Гибкость и обучаемость: способность быстро адаптироваться к новым условиям и осваивать новые технологии для решения сложных задач.  Условия работы:  Работа с современными технологиями (Docker, Kubernetes, CI/CD и т.д.). Интересные задачи и влияние на продукт (возможность участвовать в проектировании инфраструктуры и архитектуры продукта, работа с крупными корпоративными клиентами с высокими требованиями к безопасности и производительности, вклад в развитие и оптимизацию ключевого продукта компании).  Удаленная работа или гибридный формат.   Расширенный соцпакет (ДМС со второго года, корпоративная скидка в World Class и пр.).   Уровень оплаты согласовывается индивидуально.   Важно: в сопроводительном письме укажите ожидаемый уровень заработной платы.</p>",Docker;Python;Администрирование серверов и рабочих станций;Базовая работа с Linux;Критическое мышление;Проактивность;Самоорганизованность;Самостоятельность;Умение принимать решения,DevOps-инженер,0,1-3
115686508,SysOps-инженер/Системный инженер Linux,"Холдинг «Газпром-медиа» формирует индустрию медиа в России более 25 лет. На сегодня бизнес компании охватывает все сегменты: телевидение, кино, производство и дистрибуция контента, цифровая среда, радио, пресса и продажи рекламы.Компания МТ-Технологии является ведущим игроком рекламного рынка и в едином окне реализует рекламный инвентарь активов Холдинга и его партнеров в ключевых медиа-сегментах: ТВ (спонсорство), радио, цифровая и наружная реклама.  В продуктовой команде Квант открыта новая позиция SysOps инженер в активно растущее направления Adtech-продукта DSP Getintent. DSP Getintent - платформа для проведения аукциона интернет рекламы. Продукт существует на рынке более 10 лет и тесно интегрирован с множеством рекламных платформ на российском рынке. С технической стороны:  Высоконагруженный продукт (более миллиона запросов в секунду); Разнообразный стек технологий: Java 11, Spring, Mysql, Postgresql, Memcached, Aerospike, Cassandra, Mongodb, Clickhouse, Elasticsearch, Rabbitmq, Kafka; Активное применение технологии Machine learning.   Вам предстоит:  Развитие системы аудита и логирования; Развитие IaC; Развитие CI/CD блока в целом; Проактивная работа по предотвращению аварийных остановок серверов, обеспечение оперативной реакции на аварии и сбои.  Вы нам подходите, если есть:  Опыт в администрировании Linux от 3-х лет; Опыт проектирования внедрения и работы с системами централизованного управления конфигурациями (Puppet, Ansible, SaltStack и пр.); Опыт внедрения или знание технологий работы с OpenSource ПО; Опыт создания и/или администрирования отказоустойчивых, распределенных серверных архитектур (keepalived, haproxy, pacemaker/corosync); Опыт по выявлению и решению пограничных проблем, связанных со снижением производительности ОС, СХД, СУБД; Опыт работы с Kafka, Docker, Kubernetes, системами мониторинга (zabbix, Grafana, Prometheus), системами виртуализации (Proxmox, KVM, oVirt); Опыт по внедрению и администрированию систем логирования и аудита: Audit.d, ELK.  Будет плюсом:  Опыт работы с базами данных (Clickhouse, MongoDB, PostgreSQL, MySQL); Опыт в блоке CI/CD: Jenkins, Gitlab; Опыт работы с распределенными хранилищами: Hadoop.  Мы предлагаем:  Официальное трудоустройство, полностью белая заработная плата без задержек; Трудоустройство в аккредитованную ИТ-компанию; Удаленный формат работы; ДМС (включая стоматологию и госпитализацию) сразу после испытательного срока; Корпоративные программы кредитования и страхования; Скидки на спорт, кино, языковые курсы.   ",CI/CD;DevOps;IaC-обработка;Аудит;Базовая работа с Linux;Проактивность;Сетевой мониторинг и логирование;Системы управления конфигурацией,DevOps-инженер,0,3-6
108003178,"Разработчик платформ контейнеризации (Python, Linux)","Чем предстоит заниматьсяРаботать в команде, отвечающей за развитие, поддержку, мониторинг и траблшутинг геораспределенной платформы для микросервисов с большой нагрузкойРазвертывать и поддерживать кластеры k8sАвтоматизировать и улучшать существующую инфраструктуруРаботать в качестве 3 линии поддержки разработчиковЧто для этого нужноЗнание ОС Linux на уровне администратора системы, тонкая настройкаОпыт работы с инструментами управления конфигурацией Terraform, PuppetНавык написания скриптов Shell, PythonОпыт работы с Docker и Kubernetes не только локально, но и в системах с высокой нагрузкойЗнание сетевого стека</ul>",,DevOps-инженер,0,1-3
108003262,"Разработчик платформ контейнеризации (Python, Linux)","Чем предстоит заниматьсяРаботать в команде, отвечающей за развитие, поддержку, мониторинг и траблшутинг геораспределенной платформы для микросервисов с большой нагрузкойРазвертывать и поддерживать кластеры k8sАвтоматизировать и улучшать существующую инфраструктуруРаботать в качестве 3 линии поддержки разработчиковЧто для этого нужноЗнание ОС Linux на уровне администратора системы, тонкая настройкаОпыт работы с инструментами управления конфигурацией Terraform, PuppetНавык написания скриптов Shell, PythonОпыт работы с Docker и Kubernetes не только локально, но и в системах с высокой нагрузкойЗнание сетевого стека</ul>",,DevOps-инженер,0,1-3
108001474,Middle/Senior DevSecOps в команду Infrastructure Security [МТС Web Services (MWS)],"МТС — это мультисервисная цифровая экосистема. Мы создаем и развиваем сервисы в сфере мобильной связи, больших данных, искусственного интеллекта, облачного хранения, медиа и финансов – все они делают жизнь людей проще и интереснее. MTС Web Services (MWS) — облачные сервисы для решения задач вашего бизнеса. Мы предоставляем сетевые сервисы, продукты для вычисления, хранения и обработки данных, PaaS-решения, инструменты кибербезопасности, профессиональные сервисы и ИИ-решения. Мы также инвестируем в создание публичной облачной платформы собственной разработки, которая станет доступна в 2025 году. MWS — через облако к новым высотам. Команда Infrastructure Security — это команда, нацеленная на создание и поддержание высокого уровня безопасности инфраструктуры облачного провайдера MTS Web Services (MWS). Мы занимаемся полным спектром задач по защите инфраструктуры от киберугроз и внедрением передовых решений в области информационной безопасности. Наша работа направлена на постоянное совершенствование механизмов защиты, взаимодействие с другими подразделениями и внедрение инновационных технологий для предотвращения угроз и реагирования на инциденты. Чем предстоит заниматься:  обеспечивать защиту облачной инфраструктуры; заниматься поддержкой и сопровождением инфраструктуры Web Aplication Firewall в k8s кластере; заниматься автоматизацией конфигурационных процессов; заниматься разработкой и конфигурированием NGINX/Angie, тюнингом производительности; заниматься реализацией, сопровождением и развитием observability обвязки WAF (Prometheus + Grafana); взаимодействовать с SOC, поддерживать и эксплуатировать СЗИ.  Что мы ждём от кандидатов:  опыт работы на позиции DevOps/DevSecOps-инженер от 3х лет; опыт работы с такими инструментами, как: Kubernetes, Docker, Linux, Nginx/Angie, Ansible, Prometheus, сети, HTTP; опыт работы в направлении Информационной безопасности или интерес к этому; умение анализировать проблему и находить оптимальное решение.  Что мы предлагаем:  гибридный или полностью удалённый формат работы из России, с возможностью гибкого начала и окончания рабочего дня; собственную платформу MTS Ocean для получения ИТ-ресурсов, а это значит, что деплой, мониторинг, observability - не будут для вас проблемой, вы сможете сосредоточиться на фичах; профессиональные гильдии инженеров по направлениям, чтобы поддерживать друг друга и обмениваться опытом; участие во внешних IT конференциях. Мы выступаем на HighLoad++, DataFest, Mobius, Test Driven Conf, Joker, DevOps, Матемаркетинг и даже проводим собственную конференцию по архитектуре Hello, conference! полезные курсы и вебинары в корпоративном университете и электронные библиотеки.  А еще:  медицинскую страховку с 1 месяца со 100% покрытием расходов, включая стоматологию, страхование жизни и здоровья в поездках за рубеж. А еще можно застраховать родственников с корпоративной скидкой; доступ к сервису «Понимаю»: онлайн-консультации с психологом, юристом, экспертом по финансам или ЗОЖ; корпоративный и командный психолог в офисе и массажный кабинет; единую подписку МТС Premium — KION light в онлайн-кинотеатре KION, сервис МТС Music; скидки и предложения от партнеров на фитнес, занятия английским и прочее. ",,DevOps-инженер,0,3-6
108129595,Linux engineer,"У меня есть вакансия Hadoop администратор/DevOps в одной из российских компаний. Проект Амбициозный проект по построению собственного хранилища данных на базе Hadoop и GreenPlum. Команда‍  DevOps - 12 человек Hadoop администратор - 2 человека + 1 открытая позиция (на расширение отдела) Руководитель отдела  Чем предстоит заниматься  Администрирование серверов на ОС семейства Linux; Установка, настройка и администрирование кластера Hadoop (apache bigtop) Установка, настройка и администрирование кластера Greenplum (open source); RnD работоспособности собственной сборки Hadoop (big top), Greenplum; Установка, настройка и администрирование инструментов по работе с данными – Apache Spark.   Что ожидаем от тебя  Профильное образование: техническое (информатика, математика) Опыт администрирование серверов на ОС семейства Linux от 5 лет. Опыт автоматизации Ansible\Terraform. Опыт написания скриптов на Python. Опыт администрирования приложений на Java. Понимание SQL. Желание и мотивация включиться в задачи по администрированию промышленных кластеров Hadoop и Greenplum.   Что готовы предложить  Оклад + годовой бонус; Компания входит в реестр ИТ компаний Удаленный формат работы (в пределах РФ). При желании можно работать в офисе класса А (г. Москва, ст. м. Павелецкая, Шлюзовая набережная); ДМС со стоматологией (с 1 рабочего дня, РЕСО, +полис путешественника); Частичная компенсация фитнеса / обучения / доп. мед. услуг (лимит-25 тыс. рублей в год); Льготная ипотека (от Сбербанк), в том числе рефинансирование (ставка по ипотеке на 2 пункта ниже); Дополнительные дни к ежегодному отпуску (всего 31 день в году); Современное оборудование (техника Windows)  Как мы проводим собеседования   15-20 минут - общение с рекрутером (tg аудио);   60 минут - техническое интервью (гугл мит, видео встреча)   Проверка документов-1-2 дня (анкета в электронном виде);   Оффер, обсуждение даты выхода на работу;  ",,DevOps-инженер,0,3-6
66baaca1-66ad-11ef-8511-25abf1fceba2,SRE / Системный администратор Linux,"Отдел эксплуатации VK — техническое сердце компании. Мы собрали одну из лучших команд в рунете, обладающую уникальной экспертизой в области сетевых технологий и системного администрирования. Мы используем всё самое выдающееся, что есть на рынке, а зачастую и создаём передовые технологии. SRE занимаются эксплуатацией всех продуктов компании и обеспечивают 24х7 доступность сервисов для наших пользователей. Сейчас мы ищем сильных инженеров в разные проекты VK.  Задачи:  обеспечение непрерывного доступа к ресурсам для внешних и внутренних пользователей; развитие и масштабирование продуктов — наша инфраструктура состоит из множества сервисов в геораспределённых дата-центрах, мы также планируем наши вычислительные ресурсы и прогнозируем их утилизацию; оперативная работа с мониторингом и стратегическая с инцидентами — мы не только разрешаем текущие инциденты, но и постоянно работаем над предотвращением их появления в будущем; автоматизация работы с инфраструктурой — наши команды SRE занимаются полным циклом сопровождения продуктовой среды от удалённой установки ОС до описания деплойментов (Helm-чартов, Kubernetes-операторов, манифестов Puppet, Playbook Ansible); участие в жизненном цикле продуктов — мы тесно связаны с нашими командами разработки, двусторонняя обратная связь между нашими командами позволяет добиться лучших результатов в продукте и совместно влиять на наиболее критичные, узкие места в наших сервисах и инфраструктуре.  Требования:  опыт работы с ОС Linux от трёх лет и более — на интервью мы поговорим обо всём, от syscall до cgroups и namespaces; понимание принципов работы с Сетью — мы уверены, что вы точно знаете, чем отличаются L3, L4 и L7, а также назовёте практическую разницу между DROP и REJECT; опыт работы с СУБД (основные для нас MySQL и PostgreSQL) — высокая доступность, планы запросов, оптимизация работы сервера, метрики и мониторинг; системы управления конфигурациями, деплоймент и шаблонизация, ожидаем, что вы знакомы с Ansible/Puppet или Salt, а также использовали Helm; мониторинг — мы ожидаем, что вы знакомы с Graphite, Prometheus или Grafana; CI/CD — считаем, что вы знакомы с непрерывной поставкой кода и практиковали это ранее.  Будет плюсом:  RHEL/CentOS/Almalinux — мы используем именно это семейство ОС; возможность решать поставленные задачи на Python или Go; продуктовый опыт работы с ClickHouse, MongoDB или Redis. 
",CI/CD;ClickHouse;Golang;Grafana;Kubernetes;MongoDB;MySQL;PostgreSQL;Python;Redis;Базовая работа с Linux;Графический дизайн;Обслуживание ПК;Сетевой мониторинг и логирование;Системы управления конфигурацией;Управление базами данных,DevOps-инженер,0,0
112422880,"Site Reliability Engineer, Linux (SRE)","Digex Co - занимаемся разработкой собственных продуктов и ПО на заказ, объединяем консалтинг и разработку IT-решений в своих проектах. Специализируемся на решениях для B2B, участвуем в проектах с открытым исходным кодом и осуществляем стаффинг-сервис, предоставляя по запросу ресурсы высокоуровневых IT-специалистов под конкретные проекты. Проект: блокчейн-платформа, РФ. Задачи:  администрировать и отвечать за развитие систем мониторинга; взаимодействовать с группами разработки и эксплуатации ПО для постановки на мониторинг новых объектов; реализовывать удобные, читаемые пользовательские дашборды для визуализации как технических так и бизнес-метрик; участвовать в проектировании и реализации интеграций поддерживаемых систем мониторинга со смежными системами; реализовывать новые метрики мониторинга, подготавливать скрипты для сбора данных; мониторинг состояния информационных систем, каналов связи, сетевого и серверного оборудования; мониторинг доступности и производительности информационных ресурсов.  Мы ожидаем от кандидата:  Уверенные знания: Linux, Prometheus, Grafana, Alertmanager, PromQL \ SQL-запросы. Опыт работы в данном направлении от 3 лет.  Будут плюсом:  опыт администрирования: InfluxDB+Telergaf, ClickHouse+Fluent-bit; опыт администрирования и мониторинга контейнеров и микросервисов Kubernetes, LXD (Incus); базовое владение SQL и Python; умение работать с API различных систем для создания интеграций или сбора данных.  Что ожидать от работы с нами:   удаленную работу с гибким началом и окончанием рабочего дня;   оформление по ТК, ИП или самозанятости;  прозрачность и справедливость принимаемых решений; работу в аккредитованной IT-компании. ",AlertManager;Ansys CFX;API;ClickHouse;Grafana;InfluxDB;Kubernetes;Python;SQL;Базовая работа с Linux;Визуализация данных;Сетевой мониторинг и логирование,DevOps-инженер,0,3-6
114578213,SRE/Linux администратор,"Компания Servicepipe — разработчик решений для анализа и фильтрации нежелательного трафика. С 2015 года мы создаём продукты высокоточной защиты от DDoS-атак и фуллстек-ботов, помогая компаниям предотвращать автоматизированные кибератаки как на сетевом уровне, так и на уровне веб-приложений. Сегодня нам доверяют более 500 клиентов из различных отраслей и в связи с активным ростом мы ищем Системного администратора Linux/SRE в нашу команду эксплуатации продукта. Про проект: мы разрабатываем свой сервис предотвращения DDoS-атак, защиты от ботов и интернет мошенничества. Процессинг трафика происходит в реальном времени, поэтому мы стараемся создать не только эффективное с точки зрения защиты, но и быстрое с точки зрения производительности решение. Обязанности:  Эксплуатация инфраструктуры проекта; Совершенствование систем мониторинга и логирования; Обеспечение безопасности инфраструктуры; Участие в жизни проекта на многих этапах — разработка, внедрение, обновление, улучшение, поддержка; Поддержка и развитие системы CI/CD, взаимодействие с разработчиками; Вторая линия технической поддержки; Активно взаимодействовать со смежными отделами; Участие в устранении и расследовании причин инцидентов.  Требования:  Имеете опыт администрирования Unix/Linux — более 3 лет (CentOS, Ubuntu); Администрировали open source приложения (веб-серверы, базы данных т.д.); Знаете сетевые технологии TCP/IP; Имеете опыт программирования на скриптовых языках (shell, python, php, perl); Работали с системами мониторинга (zabbix, etc); Умеете перенимать опыт коллег и делиться с ними собственным; Последний год вы работали в аналогичной должности; Опыт с nginx/haproxy, знание различных версий HTTP/HTTPS, принципов работы прокси-серверов, веб-сервисов, основных протоколов прикладного уровня.  Будет плюсом, если вы:  Знаете английский язык; Имеете опыт проектирования систем, работающих непрерывно и бесперебойно (24х7х365); У Вас есть аналитические навыки предотвращения и быстрого устранения неисправностей.  Условия:  Работа в аккредитованной IT-компании; Современный офис в центре Москвы с фруктами, кофе и печеньками; Свобода в выборе формата работы: удаленный ,гибридный ,из офиса; ДМС со стоматологией по итогу прохождения испытательного срока; Частичная компенсация расходов на фитнес и сервис психологических консультаций Alter; Оплата профессиональных курсов и конференций, а также доступ к корпоративной библиотеке МИФ; Насыщенная корпоративная жизнь: корпоративы, митапы и клубы по интересам. ","Apache;CI/CD;Nginx;Perl;PHP;Python;Администрирование серверов и рабочих станций;Базовая работа с Linux;Компьютерные сети, маршрутизация, протоколы;Обеспечение информационной безопасности;Сетевой мониторинг и логирование",DevOps-инженер,0,3-6
108112685,DevOps/ инженер Linux,"Текущий технологический стек:  CentOS, Docker, k8s Ansible, Terraform GitLab CI, Jenkins Nginx, Apache PostgreSQL, MySQL Confluent (Kafka), RabbitMQ, Redis, Memcached ELK, Prometheus, Grafana, Zabbix  Хочется:  Унифицированные dev-стенды Единый подход к dev/test/preprod/prod-окружениям Автоматизация поднятия стендов Автоматизация сборок и тестирования, в т.ч. нагрузочного (совместно с разработчиками и тестировщиками) То, что ещё вы сможете предложить :)  Требования: - Отличное знание Linux-систем - Отличное знание сетевых протоколов - Желателен опыт с ELK, Prometheus+Grafana - Желателен опыт работы с контейнерными системами Docker и оркестрация - Опыт работы с CI/CD (GitLab CI/Jenkins) - Опыт обслуживания Redis кластера - Опыт обслуживания ElasticSearch кластера - Опыт работы с master-slave организацией БД (MySQL|Postgres) - Желателен опыт работы с очередями (RabbitMQ/Kaffka/…) - Умение тесно контактировать с разработчиками и тестировщиками - Знание принципов построения высоконагруженных систем - Понимание современных методологий (Scrum) Что мы предлагаем:  Конкурентоспособную заработную плату. Возможность работать в офисе или удаленно. Корпоративный ДМС после испытательного срока. Возможность оплаты обучающих мероприятий. ","CI/CD;Docker;ElasticSearch;Gitlab;Grafana;MySQL;PostgreSQL;RabbitMQ;Redis;Базовая работа с Linux;Компьютерные сети, маршрутизация, протоколы;Сетевой мониторинг и логирование;Управление проектами",DevOps-инженер,0,1-3
111743376,Младший администратор Linux,"Postgres Professional — разработчик самой популярной российской СУБД Postgres Pro на базе свободно распространяемой PostgreSQL. А еще мы — один из крупнейших в мире контрибьюторов открытой СУБД: каждый год отправляем в сообщество PostgreSQL более 100 патчей. В Postgres Professional работают опытные эксперты в PostgreSQL — в нашей команде больше половины российских постгресистов, включая Major Contributors системы. Вместе мы решаем сложные задачи заказчиков, в том числе доработки в ядро PostgreSQL.Наша компания активно растет и сейчас мы ищем Младшего системного администратора Linux, который будет заниматься технической поддержкой ЦОДов и обслуживанием сетевой инфраструктуры.Чем предстоит заниматься:  выезжать в ЦОДЫ для монтажа/обслуживания сетевого и серверного оборудования; взаимодействовать с тех поддержкой ЦОДов и операторов; вести документацию; заниматься обслуживанием текущей сетевой инфраструктуры; настраивать и внедрять новое оборудование.  Мы ожидаем:  базовые навыки администрирования ОС Linux; базовые навыки работы с документацией/инвентаризацией в системе Netbox; опыт работы с системами мониторинга Zabbix и Nagios; умение настраивать mikrotik; понимание базовых принципов построения и работы ЛВС, сетевых сервисов и протоколов; понимание устройства сетевой модели OSI.  Будет плюсом:  навыки работы с Atlassian (Jira/Confluence); наличие профильных сертификатов (CCNA, MTCNA).  Условия:   работа в комфортном офисе в шаговой доступности от м. Академическая (Москва);   гибкое начало рабочего дня;   возможности для профессионального развития;   участие в профессиональных конференциях, продвижение в сообществе PostgreSQL;   медицинское страхование сотрудника (+1), компенсацию спортивных активностей и затрат на оборудование удаленного рабочего места, занятия английским языком, технику для работы, обеды в офисе и др.   ​​​​​​","Atlassian Confluence;Atlassian Jira;Анализ данных;Базовая работа с Linux;Ведение документооборота;Компьютерные сети, маршрутизация, протоколы;Проведение инвентаризаций;Сертификация в области информационных технологий;Сетевой мониторинг и логирование",DevOps-инженер,0,1-3
111745324,Инженер DevOps (веб-сервисы) / DevOps Engineer (web services),"Мы ищем инженера DevOps для развития и поддержки веб-сервисов компании.Обязанности:  Развитие и поддержка систем развертывания веб-сервисов компании; Выстраивание процесса CI/CD.  Требования:  Понимание цикла разработки ПО; Уверенные знания Linux; Знание Docker и GitLab CI; Базовые знания Python и Bash; Опыт работы с Kubernetes или знание систем оркестрации Ansible.  Желательно:  Опыт работы с микросервисной архитектурой.  Мы предлагаем:  Официальное трудоустройство; Работу в офисе, гибкое начало рабочего дня; Современный офис на Петроградской стороне; Конкурентоспособную заработную плату (обсуждается индивидуально, зависит от вашего опыта и квалификации); ДМС, включая стоматологию; Горячие обеды, фрукты, напитки; Зону отдыха, тренажеры, полезные для работы книги.  Кандидатам предстоит выполнить тестовое задание.</p>",CI/CD;DevOps;Docker;Gitlab;Kubernetes;Python;Базовая работа с Linux;Разработка архитектурных решений;Разработка программного обеспечения;Системы управления конфигурацией,DevOps-инженер,0,1-3
117129546,DevOps-инженер (Linux)/ DevOps Engineer,"Наш центр является одним из ведущих провайдеров аэронавигационной информации и сопутствующих сервисов в России. Наши клиенты, это крупнейшие пассажирские и грузовые авиакомпании! Наши сотрудники, это сильнейшие специалисты в сфере авиации и IT! Программное обеспечение, разработанное нашими специалистами, стало первым отечественным продуктом, который используется при осуществлении воздушных перевозок. Сотрудничаем с ключевыми авиаперевозчиками на Российском рынке, и всегда работаем над уровнем качества услуг и удовлетворенности клиентов. Не останавливаемся на достигнутом, ставим все новые амбициозные задачи и добиваемся реальных успехов. Коллегам из отдела разработки требуется для усиления команды DevOps-инженер c коммерческим опытом не менее 2-ух лет. Для нас важно быть проактивным и много общаться с командой. Если ты командный игрок и обладаешь такими навыками, как стрессоустойчивость и режим многозадачности, то откликайся на вакансию, будем вместе строить цифровое небо! Чем предстоит заниматься: - Поддержка инфраструктуры. Администрирование серверов и рабочих станций под управлением ОС Linux;- Работа со стеком: Kubernetes, Docker, Docker Compose, PostgreSql, MS SQL, Github, Ruby on rails;- Конфигурирование и сопровождение dev, stage и prod окружений. Организация и поддержка IaC;- Выстраивание процессов CI на Gitlab-CI;- Настройка мониторинга и логирования (Prometheus, Grafana);- Обеспечение безопасности и резервного копирования;- Участие в построении масштабируемости и безопасности инфраструктуры. Требования: • Отличные знания Linux, особенно Debian/Ubuntu. • Навыки написания скриптов на Bash, Python. • Умение настраивать и поддерживать CI/CD процессы (GitLab CI). • Опыт работы с системами контейнеризации и виртуализации. • Опыт работы с инструментами автоматизации инфраструктуры (Ansible и др.). • Понимание сетевого стека и протоколов. • Навыки конфигурирования nginx. • Грамотный технический язык. Будет преимуществом опыт работы с перечисленными технологиями: grafana, prometheus, wireguard, vnc, gitlab, Kubernetes. Что мы предлагаем:  Официальное оформление в аккредитованной IT-компании: льготы, отпуск, больничный и пр. согласно ТК РФ.  На выбор: работа в комфортном офисе компании/на удаленном доступе/гибрид.   График: ПН-ПТ, 8-часовой рабочий день, начало рабочего дня с 09.00.   Ежегодная компенсация расходов, связанных со здоровьем и спортом.   Корпоративный английский язык.   Посещение конференций и прочих профильных мероприятий.  Корпоративные мероприятия и индивидуальное внимание. ","CI/CD;DevOps;Docker;Git;Gitlab;Grafana;Kubernetes;Microsoft SQL Server;Nginx;PostgreSQL;Python;Ruby;Администрирование серверов и рабочих станций;Базовая работа с Linux;Виртуализация, облачная инфраструктура;Коммуникативная грамотность;Многозадачность;Проактивность;Работа в команде;Резервное копирование;Сетевой мониторинг и логирование;Системы управления конфигурацией;Стрессоустойчивость",DevOps-инженер,175000,1-3
110093030,DevOps/ инженер Linux,"Текущий технологический стек:  CentOS, Docker, k8s Ansible, Terraform GitLab CI, Jenkins Nginx, Apache PostgreSQL, MySQL Confluent (Kafka), RabbitMQ, Redis, Memcached ELK, Prometheus, Grafana, Zabbix  Хочется:  Унифицированные dev-стенды Единый подход к dev/test/preprod/prod-окружениям Автоматизация поднятия стендов Автоматизация сборок и тестирования, в т.ч. нагрузочного (совместно с разработчиками и тестировщиками) То, что ещё вы сможете предложить :)  Требования: - Отличное знание Linux-систем - Отличное знание сетевых протоколов - Желателен опыт с ELK, Prometheus+Grafana - Желателен опыт работы с контейнерными системами Docker и оркестрация - Опыт работы с CI/CD (GitLab CI/Jenkins) - Опыт обслуживания Redis кластера - Опыт обслуживания ElasticSearch кластера - Опыт работы с master-slave организацией БД (MySQL|Postgres) - Желателен опыт работы с очередями (RabbitMQ/Kaffka/…) - Умение тесно контактировать с разработчиками и тестировщиками - Знание принципов построения высоконагруженных систем - Понимание современных методологий (Scrum) Что мы предлагаем:  Конкурентоспособную заработную плату. Возможность работать в офисе или удаленно. Корпоративный ДМС после испытательного срока. Возможность оплаты обучающих мероприятий. ","CI/CD;Docker;ElasticSearch;Gitlab;Grafana;MySQL;PostgreSQL;RabbitMQ;Redis;Базовая работа с Linux;Компьютерные сети, маршрутизация, протоколы;Сетевой мониторинг и логирование",DevOps-инженер,0,1-3
110093029,DevOps/ инженер Linux,"Текущий технологический стек:  CentOS, Docker, k8s Ansible, Terraform GitLab CI, Jenkins Nginx, Apache PostgreSQL, MySQL Confluent (Kafka), RabbitMQ, Redis, Memcached ELK, Prometheus, Grafana, Zabbix  Хочется:  Унифицированные dev-стенды Единый подход к dev/test/preprod/prod-окружениям Автоматизация поднятия стендов Автоматизация сборок и тестирования, в т.ч. нагрузочного (совместно с разработчиками и тестировщиками) То, что ещё вы сможете предложить :)  Требования: - Отличное знание Linux-систем - Отличное знание сетевых протоколов - Желателен опыт с ELK, Prometheus+Grafana - Желателен опыт работы с контейнерными системами Docker и оркестрация - Опыт работы с CI/CD (GitLab CI/Jenkins) - Опыт обслуживания Redis кластера - Опыт обслуживания ElasticSearch кластера - Опыт работы с master-slave организацией БД (MySQL|Postgres) - Желателен опыт работы с очередями (RabbitMQ/Kaffka/…) - Умение тесно контактировать с разработчиками и тестировщиками - Знание принципов построения высоконагруженных систем - Понимание современных методологий (Scrum) Что мы предлагаем:  Конкурентоспособную заработную плату. Возможность работать в офисе или удаленно. Корпоративный ДМС после испытательного срока. Возможность оплаты обучающих мероприятий. ","CI/CD;Docker;ElasticSearch;Gitlab;Grafana;MySQL;PostgreSQL;RabbitMQ;Redis;Базовая работа с Linux;Компьютерные сети, маршрутизация, протоколы;Сетевой мониторинг и логирование",DevOps-инженер,0,1-3
107657381,Tech Lead C/C++ в команду Core Storage [МТС Web Services (MWS)],"МТС – это мультисервисная цифровая экосистема. Мы создаем и развиваем сервисы в сфере мобильной связи, больших данных, искусственного интеллекта, облачного хранения, медиа и финансов – все они делают жизнь людей проще и интереснее. MTС Web Services (MWS) — облачные сервисы для решения задач вашего бизнеса. Мы предоставляем сетевые сервисы; продукты длявычисления, хранения и обработки данных; PaaS-решения; инструментыкибербезопасности; профессиональные сервисы и ИИ-решения. Мы также инвестируем в создание публичнойоблачной платформы собственной разработки, которая станет доступна в 2025 году. MWS — через облако к новым высотам. Команда Storage занимается разработкой систем хранения данных. Например, мы работаем над платформой по предоставлению низкоуровневого интерфейса блочных устройств для виртуальных машин, а также строим SaaS сервис объектного хранилища (S3). Наша цель - обеспечить облачные сервисы CloudMTS инфраструктурой для работы с большим объемом данных. Мы взаимодействуем с другими инфраструктурными сервисами облака и сотрудничаем с командами, занимающимися эксплуатацией железа в датацентрах, участвуем в выборе необходимого оборудования. Команда отвечает за все компоненты системы - как за низкоуровневое перекладывание байтов по сети между виртуальными машинами и хостовой ОС или по сети, так и за гарантии сохранности и консистентности данных, интеграцию системы хранения в единый API облака. Команда умеет исследовать и отвечать на все вопросы, связанные с хранением и обработкой данных - какие решения уже существуют, область их применения и узкие места, когда и почему нужно писать что-то свое, какие технологии будут использоваться завтра и как начать их использовать. Мы ценим самостоятельность и умение доводить до конца сложные задачи, требующие не только hard skills, но и умения общаться с коллегами. Golang/C++/C используем для создания низкоуровневых и веб сервисов, а также используем Java/Kotlin для реализации единообразного публичного API облака. Для хранения данных - Ceph и PostgreSQL. Код и сборка - Git и GitLab CI, деплой будет в k8s и в виде infrastructure as code. В низкоуровневых компонентах активно используем SPDK. Чем предстоит заниматься:  Лидировать процесс разработки команды: декомпозировать и ставить задачи, контролировать сроки выполнения, распределять ресурсы; Участвовать в найме разработчиков: делиться экспертизой, менторить; Проектировать архитектуру и составлять план реализации; Самостоятельно решать технические задачи и писать код; Измерять производительность и заниматься поиском новых решений по низкоуровневому устройству хранилищ; Разрабатывать высоконагруженные сервисы для работы наших хранилищ.  Что мы ждём от кандидатов:  У вас есть опыт в разработке на С/С++/Go от 5 лет; Опыт в роли Tech Lead от 2 лет - организация работы команды в соответствии с современными тенденциями, код ревью, декомпозиция задач, работа с бэклогом и техническим долгом; Умеете растить и развивать команду; Проектировали, разрабатывали и эксплуатировали высоконагруженные распределённые сервисы; Интересуетесь облачными технологиям и технологиями хранения данных в частности и готовы их углубленно изучать; Будет плюсом опыт работы с большими облаками (AWS, Azure, GCP, Yandex Cloud) и Kubernetes.  Что мы предлагаем:  Собственную платформу MTS Ocean для получения ИТ-ресурсов, а это значит, что деплой, мониторинг, observability - не будут для вас проблемой, вы сможете сосредоточиться на фичах; Профессиональные гильдии инженеров по направлениям, чтобы поддерживать друг друга и обмениваться опытом; Участие во внешних IT конференциях. Мы выступаем на HighLoad++, DataFest, Mobius, Test Driven Conf, Joker, DevOps, Матемаркетинг и даже проводим собственную конференцию по архитектуре Hello, conference! Полезные курсы и вебинары в корпоративном университете и электронные библиотеки; А еще: Медицинскую страховку с 1 месяца со 100% покрытием расходов, включая стоматологию, страхование жизни и здоровья в поездках за рубеж. Также можно застраховать родственников с корпоративной скидкой; Доступ к сервису «Понимаю»: онлайн-консультации с психологом, юристом, экспертом по финансам или ЗОЖ; Корпоративный и командный психолог в офисе и массажный кабинет; Единую подписку МТС Premium — KION light в онлайн-кинотеатре KION, сервис МТС Music, 30 дней бесплатного пользования подпиской OZON Premium; Скидки и предложения от партнеров на фитнес, занятия английским и прочее. ",,DevOps-инженер,0,6-
107657396,SRE-инженер ceph в команду Storage (МТС Web Services/MWS),"МТС – это мультисервисная цифровая экосистема. Мы создаем и развиваем сервисы в сфере мобильной связи, больших данных, искусственного интеллекта, облачного хранения, медиа и финансов – все они делают жизнь людей проще и интереснее. MTС Web Services (MWS) — облачные сервисы для решения задач вашего бизнеса. Мы предоставляем сетевые сервисы; продукты длявычисления, хранения и обработки данных; PaaS-решения; инструментыкибербезопасности; профессиональные сервисы и ИИ-решения. Мы также инвестируем в создание публичнойоблачной платформы собственной разработки, которая станет доступна в 2025 году. MWS — через облако к новым высотам. Команда Storage занимается разработкой систем хранения данных. Например, мы работаем над платформой по предоставлению низкоуровневого интерфейса блочных устройств для виртуальных машин, а также строим SaaS сервис объектного хранилища (S3). Наша цель - обеспечить облачные сервисы CloudMTS инфраструктурой для работы с большим объемом данных.   Мы взаимодействуем с другими инфраструктурными сервисами облака и сотрудничаем с командами, занимающимися эксплуатацией железа в датацентрах, участвуем в выборе необходимого оборудования. Команда отвечает за все компоненты системы - как за низкоуровневое перекладывание байтов по сети между виртуальными машинами и хостовой ОС или по сети, так и за гарантии сохранности и консистентности данных, интеграцию системы хранения в единый API облака.   Команда умеет исследовать и отвечать на все вопросы, связанные с хранением и обработкой данных - какие решения уже существуют, область их применения и узкие места, когда и почему нужно писать что-то свое, какие технологии будут использоваться завтра и как начать их использовать. Мы ценим самостоятельность и умение доводить до конца сложные задачи, требующие не только hard skills, но и умения общаться с коллегами. Golang/C++/C используем для создания низкоуровневых и веб сервисов, а также используем Java/Kotlin для реализации единообразного публичного API облака. Для хранения данных - Ceph и PostgreSQL.   Код и сборка - Git и GitLab CI, деплой будет в k8s и в виде infrastructure as code. В низкоуровневых компонентах активно используем SPDK.   Чем предстоит заниматься:  Эксплуатация в роли L3\L4 инженера, десятки кластеров ceph – S3/rdb/rados; Разработка и актуализация эксплуатационной документации; Работа с инцидентами изменениями, конфигурациями, проблемами/ведение кейсов; Взаимодействие с командой разработки в процессе развития сервисов платформы.  Что мы ждём от кандидатов:  Более 5 лет опыта SRE/DevOps; Обладаете опытом продуктовой эксплуатации ceph в качестве точки принятия решения; Есть общее понимание концепции k8s и жизни исполняемого кода внутри него; Умение писать скрипты на любом языке программирования; Имеете экспертный уровень владения linux; Понимание архитектуры облачных сервисов.  Что мы предлагаем:  Собственную платформу MTS Ocean для получения ИТ-ресурсов, а это значит, что деплой, мониторинг, observability - не будут для вас проблемой, вы сможете сосредоточиться на фичах; Профессиональные гильдии инженеров по направлениям, чтобы поддерживать друг друга и обмениваться опытом; Участие во внешних IT конференциях. Мы выступаем на HighLoad++, DataFest, Mobius, Test Driven Conf, Joker, DevOps, Матемаркетинг и даже проводим собственную конференцию по архитектуре Hello, conference! Полезные курсы и вебинары в корпоративном университете и электронные библиотеки; А еще: Медицинскую страховку с 1 месяца со 100% покрытием расходов, включая стоматологию, страхование жизни и здоровья в поездках за рубеж. Также можно застраховать родственников с корпоративной скидкой; Доступ к сервису «Понимаю»: онлайн-консультации с психологом, юристом, экспертом по финансам или ЗОЖ; Корпоративный и командный психолог в офисе и массажный кабинет; Единую подписку МТС Premium — KION light в онлайн-кинотеатре KION, сервис МТС Music, 30 дней бесплатного пользования подпиской OZON Premium; Скидки и предложения от партнеров на фитнес, занятия английским и прочее. ",,DevOps-инженер,0,3-6
108007955,Ведущий инженер L3 в команду Platform Core [МТС Web Services (MWS)],"МТС — это мультисервисная цифровая экосистема. Мы создаем и развиваем сервисы в сфере мобильной связи, больших данных, искусственного интеллекта, облачного хранения, медиа и финансов – все они делают жизнь людей проще и интереснее. MTС Web Services (MWS) — облачные сервисы для решения задач вашего бизнеса. Мы предоставляем сетевые сервисы; продукты для вычисления, хранения и обработки данных; PaaS-решения; инструменты кибербезопасности; профессиональные сервисы и ИИ-решения. Мы также инвестируем в создание публичной облачной платформы собственной разработки, которая станет доступна в 2025 году. MWS — через облако к новым высотам. Команда Platform Core отвечает за эксплуатацию и поддержку Облачных платформ компании, в части инфраструктурных и внешних сервисов (DNS, Web-Хостинги, WAF, GSLB, LoadBalancers). Чем предстоит заниматься:  заниматься обеспечением бесперебойной работы внутренних и внешних сервисов (DNS, Web-Хостинги, WAF, GSLB, LoadBalancers); отвечать за мониторинг продуктивных систем и сервисов; оперативно реагировать на инциденты (24x7) при сбоях в рамках дежурства (1 неделя в месяц); консультировать и решать технические проблемы клиентов; решать сложные нетривиальные задачи, направленные на модернизацию сервисов и отказоустойчивости; работать с новыми решениями и технологиями, заниматься автоматизацией рутинных задач.  Что мы ждём от кандидатов:  опыт работы системным администратором Linux от 1 года; опыт администрирования высоконагруженных систем; навыки работы c Docker и системами виртуализации; понимание основы сетевого администрирования (базовая диагностика сети); опыт работы с DNS, Web серверами, Soft LoadBalancer, Ansible, Git; умение писать скрипты для автоматизации на Python/Bash; работа с системами мониторинга; будет плюсом: опыт работы с PostgreSQL, опыт обращения к RFC.  Условия:  возможность удаленной работы из любого региона; профессиональные гильдии инженеров по направлениям, чтобы поддерживать друг друга и обмениваться опытом; внутреннюю площадку TechTalks для обмена опытом, дискуссий, развития навыков самопрезентации; участие во внешних IT конференциях. Мы выступаем на HighLoad++, DataFest, Mobius, Test Driven Conf, Joker, DevOps, Матемаркетинг и даже проводим собственную конференцию по архитектуре Hello, conference!; полезные курсы и вебинары в корпоративном университете и электронные библиотеки; медицинскую страховку с 1 месяца со 100% покрытием расходов, включая стоматологию, страхование жизни и здоровья в поездках за рубеж. А еще можно застраховать родственников с корпоративной скидкой; доступ к сервису «Понимаю»: онлайн-консультации с психологом, юристом, экспертом по финансам или ЗОЖ; корпоративный и командный психолог в офисе и массажный кабинет; единую подписку МТС Premium — KION light в онлайн-кинотеатре KION, сервис МТС Music; скидки и предложения от партнеров на фитнес, занятия английским и прочее. ",,DevOps-инженер,0,1-3
116091566,Инженер технической поддержки (Linux)/DevOps инженер,"Мегаплан — одна из ведущих CRM / task-management / систем управления бизнесом в России. Мы предоставляем как облачные, так и коробочные (on-premise) версии продукта, которые клиенты устанавливают на свои сервера. Наша задача — сопровождать и консультировать таких клиентов. Иногда это — небольшие бизнесы, которым нужно просто настроить типовую конфигурацию. Иногда — крупные и государственные компании, которым нужен распределенный кластер на тысячи пользователей. В связи с ростом числа задач, в нашу команду нужен инженер с высокой степенью самоорганизации и опытом. Обязанности:  Установка и конфигурирование LEPP, а также некоторых других полезных сервисов;  Консультация пользователей по использованию нашего ПО: всё, что касается технической части вопроса.   Требования:   Умение конфигурировать и оптимизировать такие службы как Nginx, Postgresql, Php, postfix. iptables;   Владение системами виртуализации (virtualbox, hyper-v, ESXi, KVM);   Работа с ОС GNU/Linux (предпочтительно Ubuntu/Debian/Gentoo/Alpine/CentOS) 1-3 года;   Хорошо знать, уметь и любить работать в консоли, без использования дополнительных GUI;   Умение писать простые скрипты для облегчения своей жизни и жизни коллег в будущем;   Базовые навыки системного администрирования;   Умение работы с web приложениями (модель OSI, понимание того, что такое websocket, сертификаты, навигация и дебаг при помощи web консоли и т.д.);   Позитивное отношение к работе в команде, стрессоустойчивость;   Свободное владение русским языком. Грамотность, развитая письменная и устная речь. Отсутствие боязни телефона;   Высокое чувство ответственности, честности и минимальная степень пофигизма.   Плюсами будут:     Знание SQL, умеете составлять простые запросы к базе данных (Postgresql, mysql, sqlite, clickhouse);   Опыт работы с контейнерами (Docker, LXC);   Знакомство с IP телефонией: asterisk, Oktell и/или другими облачными АТС;   Опыт внедрения и сопровождения CRM решений;   Желание всё автоматизировать;   Какой-либо опыт веб-программирования (PHP/HTML/CSS/Javascript).   Условия:   Никаких разъездов.   Вменяемое начальство, минимум корпоративного буллшита и самодурства.   Выбор, когда работать: с 8.00 до 17.00 или с 12.00 до 21.00. Нам важно, чтобы каждый жил в своём ритме!   Для всех новых членов команды проводим обучающий курс по продукту.   Белая зарплата и оформление по трудовому кодексу. Уровень зарплаты обсуждается с успешными кандидатами.   Уютный офис в центре Москвы (м.Новослободская). Первый месяц или два придётся походить, чтобы быстрее притереться и вникнуть в процесс.   Получение отсрочки от призыва на военную службу для сотрудников с высшим образованием (Мегаплан входит в реестр аккредитованных ИТ-компаний).  ","FIrewall;MySQL;Nginx;PHP;PostgreSQL;Sqlite;UI/UX Дизайн;WebSocket;Администрирование Windows;Администрирование серверов и рабочих станций;Базовая работа с Linux;Виртуализация, облачная инфраструктура;Компьютерные сети, маршрутизация, протоколы;Консультирование и ведение клиентов;Позитивное мышление;Построение компьютерных систем;Работа в команде;Стрессоустойчивость",DevOps-инженер,85000,1-3
106911545,Главный ИТ-инженер (DevOps/Linux/Docker/ELK/Ansible),"Отдел общебанковских компетенций кредитования корпоративного бизнеса Департамента информационных технологий корпоративного кредитования и рисков приглашает кандидатов на должность главный ИТ-инженер Пожелания к кандидатам: Опыт работы DevOps от 1 года; Опыт администрирования Linux от 3 лет; Опыт работы с системами контейнерной виртуализации Docker; Опыт конфигурации и эксплуатации Vault, PostgreSQL, liquibase, Nginx, Kafka, ZooKeeper, Docker, ELK; Опыт конфигурации и эксплуатации Zabbix, Grafana, Prometheus, etc; Знание скриптовых языков (Shell, Python, etc); Знание текстовых процессоров (sed, awk, etc); Опыт работы с инструментами управления конфигурацией Ansible; Опыт построения контуров CI/CD на базе Teamcity/Ansible; Понимание приложений на Java SE, Spring Boot; Опыт работы с Maven/Gradle/NPM; Опыт работы с GIT.   Должностные обязанности: 1. Развитие и поддержка CI/CD для автоматизации сборок, тестов и доставки; 2. Разработка инструментов и автоматизация процессов развертывания систем, проектов и окружений; 3. Автоматизация процесса разработки и тестирования Что мы предлагаем: 1. Конкурентная заработная плата2. Удаленный формат работы3. Расширенный социальный пакет: ДМС со стоматологией с первого месяца работы, корпоративные программы4. Отпуск 33 дня + материальная помощь к отпуску    ","Apache Kafka;AWK;CI/CD;Docker;ElasticSearch;Git;Grafana;Java/Kotlin/Scala;Javascript;Nginx;PostgreSQL;Python;Shell;Администрирование серверов и рабочих станций;Базовая работа с Linux;Виртуализация, облачная инфраструктура;Доставка товаров и заказов;Сетевой мониторинг и логирование;Системы управления конфигурацией;Хранение и обработка данных",DevOps-инженер,0,1-3
115211076,Систменый администратор Linux / DevOps-инженер (Junior),"Эта вакансия - отличная возможность для системного администратора Linux c опытом написания скриптов (Bash или Python) и работы с docker-контейнерами, который хочет глубже погрузиться в сферу devops и стать частью команды, создающей сложный продукт. О продукте Printum – лучшая российская система мониторинга и управления печатью. Представляет из себя линейку из нескольких продуктов для управления парком техники и заданиями печати, разработанных в партнерстве с ведущими производителями принтеров и МФУ, сервисом Яндекс Облако и Фондом содействия инновациям. Наш продукт используется в крупнейших компаниях страны с высокими требованиями к надежности и безопасности, разворачивается на инфраструктуре заказчиков без выхода в интернет, поэтому поэтому DevOps играет важную роль. О компании На сегодняшний день Принтум - аккредитованная ИТ-компания, резидент Сколково и единственная компания в России, которая имеет доступ к закрытым платформам всех производителей принтеров и МФУ (HP, Xerox, Konica Minolta и т.д.), что позволяет полноценно интегрироваться с любым оборудованием и разворачивать систему в любой инфраструктуре. Что нужно делать Ключевая задача – автоматизация и поддержка процессов развертывания, мониторинга и управления инфраструктурой Printum для обеспечения надежности и безопасности продукта в корпоративной среде. Обязательные требования:  Опыт администрирования Linux (Ubuntu или российские ОС). Опыт написания скриптов (Bash или Python). Опыт работы с docker-контейнерами.  В кандидате также важны:  Самостоятельность и проактивность: умение брать ответственность за задачи и находить решения без постоянного контроля. Критическое мышление: способность понимать, зачем выполняется та или иная задача, оценивать её влияние на продукт и предлагать улучшения. Навыки планирования и приоритизации: умение эффективно управлять своим временем и ресурсами для достижения максимального результата. Коммуникабельность: готовность к открытому обсуждению идей и проблем для достижения общих целей команды. Гибкость и обучаемость: способность быстро адаптироваться к новым условиям и осваивать новые технологии для решения сложных задач.  Условия работы:  Работа с современными технологиями (Docker, Kubernetes, CI/CD и т.д.). Интересные задачи и влияние на продукт (возможность участвовать в проектировании инфраструктуры и архитектуры продукта, работа с крупными корпоративными клиентами с высокими требованиями к безопасности и производительности, вклад в развитие и оптимизацию ключевого продукта компании).  Удаленная работа или гибридный формат.   Расширенный соцпакет (ДМС со второго года, корпоративная скидка в World Class и пр.).   Уровень оплаты согласовывается индивидуально.   Важно: в сопроводительном письме укажите ожидаемый уровень заработной платы.</p>",Docker;Python;Администрирование серверов и рабочих станций;Базовая работа с Linux;Критическое мышление;Проактивность;Самоорганизованность;Самостоятельность;Умение принимать решения,DevOps-инженер,0,1-3
112426389,Build Engineer,"Мы – инженерная IT-компания, занимаемся разработкой прикладных кроссплатформенных приложений для ОС Аврора, Rosa, Astra, Ubuntu. Наши продукты:– Авроид Платформа – платформа для запуска Android-приложений на ОС Аврора– TAVRO – Telegram для ОС Аврора Авроид существует с начала 2023 года, но уже вывел на рынок два востребованных и современных продукта. И это не все!Мы непрерывно проводим исследования, чтобы быть в теме и предлагать новые решения.Важность и уникальность наших продуктов вдохновляют команду на достижение целей и поиск новых возможностей. Приглашаем Build Engineer в нашу команду! Обязанности:  Сопровождение и развитие инфраструктуры для CI; Сбор требований от разработчиков для дальнейшего построения CI и пайплайнов; Разработка пайплайнов и Shared Libraries в Jenkins; Участие в релизных активностях при выпуске продуктов; Подготовка и сопровождение Build-окружений для CI/CD.  Требования:  Умение администрировать Jenkins и GitLab; Хороший опыт в написании Scripted Pipelines в Jenkins; Хорошее знание Groovy и умение написания Shared Libraries в Jenkins; Умение сборок .deb и .rpm пакетов; Умение работать с хранилищем артефактов Nexus; Опыт подготовки и создания build окружения в контейнерах Docker; Будет плюсом - умение работать и создавать пакеты в Conan package manager.  Знание следующих технологий пригодится в работе:    Ansible, Nexus, Harbor, Docker, Kubernetes, Helm, Vault, Consul, Terraform, FreeIPA; Системы Continious Integration (Jenkins + shared libraries, Gitlab CI, Gitea Actions); Платформы виртуализации (ProxMox) и контейнеры (Docker); Системы мониторинга (Prometheus, VictoriaMetrics, Zabbix); Оркестрация – системы автоматического управления, масштабирования и развертывания контейнеров (Kubernetes, ArgoCD); Системы контроля версий Git (Gitea, Gitlab для хранения кода); Система трекинга задач и вики: EvaTeam.  Комфортные условия для работы  Официальное оформление в аккредитованной IT-компании; Гибридный формат работы; Просторный и уютный офис в центре СПб, в который хочется ходить; Компенсация питания для офисных сотрудников; Бонусная программа за рекомендации.  Хорошая заработная плата  Белая и конкурентная заработная плата (выше рынка), которую мы отдельно обсуждаем с каждым кандидатом.  Забота о здоровье  ДМС после завершения испытательного срока (пакет со стоматологией и широким пакетом услуг); 3 day off в квартал по болезни; 100%-ая оплата больничного листа.  Обучение и развитие  Работа в команде с опытными экспертами, у которых всегда есть чему поучиться Внешнее обучение за счет компании; Возможность попробовать свои силы в смежном направлении, в роли наставника/руководителя. ",CI/CD;Docker;Gitlab;Java/Kotlin/Scala;Активность;Сбор и анализ требований,DevOps-инженер,0,3-6
111010040,Senior Linux System Administrator/R&D Engineer,"Servers.com is a global IaaS hosting platform providing a full range of computing, storage, and networking services to customers in the US, Europe, and Asia. We are building a fully automated platform capable of meeting the diverse requirements of our customers. We are looking for a Senior DevOps Engineer with experience in technologies such as Linux administration, storage solutions, networking, Ansible or other configuration management software, HA solutions, CI/CD, infrastructure testing, and metric-based monitoring systems to join our team in Cyprus as a R&amp;D engineer. Responsibilities:  Research and adoption of tools and technologies. Direct participation in the development of internal and public products of the company. Writing code for automatic configuration of developed products and automation of processes. Writing tests to verify the functionality of written code. Reviewing code and documentation changes made by colleagues. Assisting colleagues (including those from other departments) with troubleshooting complicated cases (diagnosing, localizing, resolving bugs and failures). Writing accompanying internal documentation for the developed products.  Required skills and competencies:  Good knowledge of systems engineering fundamentals: Linux (administration and internals), Storage, Networking (BGP, VXLANs, host routing). Knowledge of Ansible or other configuration management software. Understanding and work experience with at least some HA solutions (pacemaker, database solutions: galera/etcd). Practical experience and understanding of principles of CI/CD and infrastructure testing. Experience and solid understanding of metric-based monitoring systems. Knowledge of Python or Go programming language.  A knowledge and experience with following technologies is a plus:  Kubernetes eBPF Ceph or similar class distributed storage system Open vSwitch or other SDN solution OpenStack  We offer:  Relocation support for you and your family to Cyprus. Organization of the visa obtaining process. Competitive salary and medical insurance. Daily lunches in the office and all nessessary equipment. Challenging tasks and opportunity for professional development. ","CI/CD;Python;Базовая работа с Linux;Компьютерные сети, маршрутизация, протоколы;Маршрутизация;Научно-исследовательская работа;Системы управления конфигурацией",DevOps-инженер,0,3-6
107765687,System administrator Linux / DevOps engineer,"WinTech успешно развивает бизнес в сфере iGaming уже 13 лет, разрабатывая софт и продукты для международного рынка, постоянно расширяя свое присутствие в Европе и Латинской Америке. Свои продукты мы ведем от создания и разработки стратегии продвижения до технической поддержки существующих пользователей и привлечения новых. Уже несколько iGaming продуктов, построенных на базе нашей платформы, успешно запущены и развиваются на зарубежных рынках. Платформа WinTech B2B - это набор решений, необходимых для успешного функционирования бизнеса онлайн-игр. Нашим приоритетом и главным конкурентным преимуществом является гибкий индивидуальный подход к клиенту, ориентированный на развитие долгосрочных и взаимовыгодных отношений, а также быстрое выполнение SLA и фокус на развитие нашей платформы с учетом динамичных потребностей индустрии. Сейчас мы ищем опытного специалиста, который будет отвечать за администрирование инфраструктуры, обеспечивать надежность и решать сложные кейсы. Нам нужен тот, кто готов к челленджам!  Чем предстоит заниматься:   Администрировать парк серверов компании на Linux (10+ физических и 100+ виртуальных серверов);   Обеспечивать надежность и безопасность работы технической инфраструктуры;   Поддерживать работоспособность инфраструктуры - решать возникающие проблемы и заниматься проектированием и расширением на перспективу   Масштабировать серверные мощности и обеспечивать отказоустойчивость;   Troubleshooting инцидентов с программными продуктами компании;   Заниматься построением системы CI/CD, настройкой workflow согласно требованиям, доработкой существующих pipelines, поиском и исправлением ошибок;   Заниматься построением инфраструктуры на отдельных инстансах новых продуктов компании и для b2b клиентов;   Поддерживать текущий стек Terraform скриптов и разрабатывать новые :)   Профессиональный опыт и навыки:   Опыт работы в роли Cloud инженер AWS от 2-х лет;   Опыт администрирования Linux от 3-х лет (Debian/Ubuntu);   Опыт работы в высоконагруженных проектах;   Глубокие знания по администрированию СУБД (PostgreSQL 12+ / ClickHouse), включая знания практик по распределению нагрузки и репликации данных (PgBouncer / PgCat), обеспечения системы непрерывного бекапа и валидации бекапов;   Умение настраивать и администрировать сервера с Nginx, HAProxy, php7/8, Java, nodeJS;   Опыт сопровождения продуктов на PHP: конфигурирование php-fpm, Node.js 20, pm2   Умение в Troubleshooting (читать логи, выяснить где проблема, что сломалось и как исправить)   Знание подхода IaC и и опыт управления инфраструктурой на основе Terraform + Ansible;   Способность развернуть инфраструктуру и поддерживать ее актуальность через Terraform + Ansible;   Опыт работы с CI/CD конвейерами: GitLab CI/CD;   Опыт работы с системами контейнеризации Docker, Kubernetes;   Понимание работы почтовых протоколов и серверов Postfix/Dovecot, обеспечение доставляемости больших почтовых рассылок. Знание практик в настройке почтовых доменов (DKIM/SPF/DMARC);   Знание базовых видов атак, и умение от них защищаться на уровнях layer 3 4 7.   Умение настраивать сети: маршрутизация, CDN, network load balancing (vrrp/keepalived), Iptables.   Будет большим плюсом:   Наличие сертификата AWS;   Опыт работы с Openstack;   Знание дополнительных языков - Python, Bash;   Опыт работы с CloudFlare;   Опыт в настройке систем мониторинга: Zabbix / Prometheus / Grafana / Graylog / AWS CloudWatch / Sentry;   Навыки работы с системами виртуализации, построение кластерных систем на основе Proxmox/VMware ESXi;   Умение настраивать сети: VPN (L2TP/IPsec / OpenVPN / Shadowsocks / XRay).   Мы готовы предложить:   Удаленный формат работы в графике 5/2 с гибким началом рабочего дня (с 8-10.00 по Мск.);   Предоставление всей необходимой для работы техники после ИС;   Занятия английским языком с корпоративным преподавателем 2 раза в неделю;   Индивидуальный трек развития при поддержке CorpUniversity, бюджеты на внешние обучения/конференции;   Свободу в принятиях решений в рамках своей зоны ответственности, никакого микроменеджмента;   Активную корпоративную жизнь, прозрачный онбординг, поддерживающее комьюнити;   Сильную команду профессионалов, где можно серьезно прокачать свои скиллы и внедрять свои идеи!    ",,DevOps-инженер,0,3-6
115366030,DevOps-инженер/системный администратор linux,"Экзон Групп — ведущий разработчик и интегратор инновационных IT-решений в сфере строительства. Мы разрабатываем облачную платформу EXON, предназначенную для автоматизации и оптимизации строительных процессов. Наша миссия — объединить всех участников строительного процесса на одной платформе, обеспечивая прозрачность и ясность на каждом этапе работы. Ищем инженера администрирования инфраструктуры  в архитектурный отдел для нашего флагманского продукта. Ценим в своих сотрудниках ответственность и самостоятельность. Создаём комфортную и поддерживающую рабочую атмосферу, помогаем развиваться и инвестируем в обучение.Чем предстоит заниматься:  Обеспечение CI/CD подходов для команд разработки. Наш основной стек JS и Java. Обеспечение поддержки работоспособности нашего WEB-приложения на боевых и тестовых серверах, как собственных, так и заказчика. Мы работаем с Linux (Debian) серверами; Обеспечение мониторинга, прогнозирования и реагирования на инциденты; Обеспечение отказоустойчивости системы. Поддержка горячего резерва и бэкапов в актуальном состоянии. Главная задача по данному направлению - жизнеспособный продакшн сервер 24/7.  ЧТО НУЖНО ЗНАТЬ:  Linux на уровне администратора; Знание: • Bash scripting • PostgreSQL • ELK • Gitlab CI • Ansible, Docker, Docker swarm • Zabbix, Prometheus + Grafana • Traefik, Nginx • Rabbit MQБудет плюсом:• Keycloak • Mongo • Kubernetes  ЧТО МЫ ПРЕДЛАГАЕМ:  Официальное трудоустройство, полностью белая заработная плата. ДМС через полгода работы Мы предоставляем все льготы для сотрудников как аккредитованная IT-компания. Полный пакет социальных гарантий согласно Трудовому кодексу РФ. График работы: 5/2 с 09:30 до 18:30. У нас есть возможность гибкого начала рабочего дня, а также сокращённый день в пятницу! Удаленный формат работы: вы можете работать дистанционно из любой точки. У нас открытая корпоративная культура - мы поощряем инициативу и даем шанс реализовывать свои идеи! Прозрачный и гибкий карьерный трек - есть возможность вертикального и горизонтального роста. Обучение за счет компании. Насыщенная корпоративная жизнь - мы отмечаем все важные праздники, устраиваем мероприятия, тимбилдинги, спортивные состязания и многое другое. Уровень заработной платы обсуждается индивидуально по итогам интервью.  Присоединяйтесь к нашей команде мечты!  ",CI/CD;DevOps;Docker;ElasticSearch;Gitlab;Grafana;Java/Kotlin/Scala;Keycloak;Nginx;PostgreSQL;Базовая работа с Linux;Ответственность;Работоспособность;Самостоятельность;Сетевой мониторинг и логирование;Системы управления конфигурацией,DevOps-инженер,250000,1-3
112502062,System administrator Linux / DevOps engineer,"WinTech успешно развивает бизнес в сфере iGaming уже 13 лет, разрабатывая софт и продукты для международного рынка, постоянно расширяя свое присутствие в Европе и Латинской Америке. Свои продукты мы ведем от создания и разработки стратегии продвижения до технической поддержки существующих пользователей и привлечения новых. Уже несколько iGaming продуктов, построенных на базе нашей платформы, успешно запущены и развиваются на зарубежных рынках. Платформа WinTech B2B - это набор решений, необходимых для успешного функционирования бизнеса онлайн-игр. Нашим приоритетом и главным конкурентным преимуществом является гибкий индивидуальный подход к клиенту, ориентированный на развитие долгосрочных и взаимовыгодных отношений, а также быстрое выполнение SLA и фокус на развитие нашей платформы с учетом динамичных потребностей индустрии. Сейчас мы ищем опытного специалиста, который будет отвечать за администрирование инфраструктуры, обеспечивать надежность и решать сложные кейсы. Нам нужен тот, кто готов к челленджам!  Чем предстоит заниматься:   Администрировать парк серверов компании на Linux (10+ физических и 100+ виртуальных серверов);   Обеспечивать надежность и безопасность работы технической инфраструктуры;   Поддерживать работоспособность инфраструктуры - решать возникающие проблемы и заниматься проектированием и расширением на перспективу   Масштабировать серверные мощности и обеспечивать отказоустойчивость;   Troubleshooting инцидентов с программными продуктами компании;   Заниматься построением системы CI/CD, настройкой workflow согласно требованиям, доработкой существующих pipelines, поиском и исправлением ошибок;   Заниматься построением инфраструктуры на отдельных инстансах новых продуктов компании и для b2b клиентов;   Поддерживать текущий стек Terraform скриптов и разрабатывать новые   Профессиональный опыт и навыки:   Опыт работы в роли Cloud инженер AWS от 2-х лет;   Опыт администрирования Linux от 3-х лет (Debian/Ubuntu);   Опыт работы в высоконагруженных проектах;   Глубокие знания по администрированию СУБД (PostgreSQL 12+ / ClickHouse), включая знания практик по распределению нагрузки и репликации данных (PgBouncer / PgCat), обеспечения системы непрерывного бекапа и валидации бекапов;   Умение настраивать и администрировать сервера с Nginx, HAProxy, php7/8, Java, nodeJS;   Опыт сопровождения продуктов на PHP: конфигурирование php-fpm, Node.js 20, pm2   Умение в Troubleshooting (читать логи, выяснить где проблема, что сломалось и как исправить)   Знание подхода IaC и и опыт управления инфраструктурой на основе Terraform + Ansible;   Способность развернуть инфраструктуру и поддерживать ее актуальность через Terraform + Ansible;   Опыт работы с CI/CD конвейерами: GitLab CI/CD;   Опыт работы с системами контейнеризации Docker, Kubernetes;   Понимание работы почтовых протоколов и серверов Postfix/Dovecot, обеспечение доставляемости больших почтовых рассылок. Знание практик в настройке почтовых доменов (DKIM/SPF/DMARC);   Знание базовых видов атак, и умение от них защищаться на уровнях layer 3 4 7.   Умение настраивать сети: маршрутизация, CDN, network load balancing (vrrp/keepalived), Iptables.   Будет большим плюсом:   Наличие сертификата AWS;   Опыт работы с Openstack;   Знание дополнительных языков - Python, Bash;   Опыт работы с CloudFlare;   Опыт в настройке систем мониторинга: Zabbix / Prometheus / Grafana / Graylog / AWS CloudWatch / Sentry;   Навыки работы с системами виртуализации, построение кластерных систем на основе Proxmox/VMware ESXi;   Умение настраивать сети: VPN (L2TP/IPsec / OpenVPN / Shadowsocks / XRay).   Мы готовы предложить:   Удаленный формат работы в графике 5/2 с гибким началом рабочего дня (с 8-10.00 по Мск.);   Занятия английским языком с корпоративным преподавателем 2 раза в неделю;   Индивидуальный трек развития при поддержке CorpUniversity, бюджеты на внешние обучения/конференции;   Свободу в принятиях решений в рамках своей зоны ответственности, никакого микроменеджмента;   Активную корпоративную жизнь, прозрачный онбординг, поддерживающее комьюнити;   Сильную команду профессионалов, где можно серьезно прокачать свои скиллы и внедрять свои идеи!    ","AWS;CI/CD;Docker;Kubernetes;PostgreSQL;Python;SAP;Terraform;Базовая работа с Linux;Компьютерные сети, маршрутизация, протоколы;Продажи;Работоспособность",DevOps-инженер,0,3-6
117161026,Сетевой инженер Linux,"АО «Информтехника и Связь» - группа компаний, основанная в 1991 году. Основная деятельность — разработка, производство, поставка и инсталляция телекоммуникационного оборудования, современных систем связи и программного обеспечения. В этой сфере у нас богатый накопленный опыт и масса реализованных проектов по России и за рубежом. Всей основной линейке производимого компанией оборудования присвоен статус ТОРП, а разработанное нами ПО внесено в Реестр Минцифры РФ. Мы стремительно растём, развиваемся и ищем новых специалистов в команду! Чем предстоит заниматься:  Развертывание стендов и необходимой информационной инфраструктуры для функционального и нагрузочного тестирования сетевого оборудования (коммутаторы, маршрутизаторы и пр.) Проверка совместимости с сетевым оборудованием популярных брендов (Cisco и пр.) Тестирование оборудования с использованием трафик-генератора IXIA.  Наши ожидания:   Экспертное знание сетевых протоколов 2 и 3 уровня модели OSI   Опыт настройки сетевой инфраструктуры офиса с нуля   Наличие Cisco сертификатов (CCNA, CCNP или подобных) и опыт работы с трафик-генераторами (IXIA или подобными)   Опыт развертывания Linux based приложений и хорошее знание ОС Linux    Навыки инсталлирования пакетов в ОС Linux, знание и навыки работы с сетевыми приложениями для анализа и генерации трафика   Знание и опыт использования скриптовых языков (Python…)     Мы предлагаем:  Оформление по ТК РФ, конкурентную «белую» заработную плату Прозрачную систему мотивации Работу в компании с аккредитацией в Минцифре Вовлеченное и гибкое руководство. Мы слышим и слушаем своих сотрудников Офис в пешей доступности от метро Красносельская Мы заботимся о наших сотрудниках и поддерживаем инициативы по обучению, участию в конференциях, проведению вебинаров и тренингов за счет компании Компенсацию услуг фитнес-центра или полиса ДМС Подарки детям на Новый год и детские праздники Корпоративные праздники и мероприятия ","Python;Базовая работа с Linux;Компьютерные сети, маршрутизация, протоколы;Нагрузочное тестирование;Сертификация в области информационных технологий;Функциональное тестирование",DevOps-инженер,0,1-3
117132957,Ведущий системный администратор в веб-проект,"Добрый день, Наша компания – это сервис монетизации контента и сообществ по модели подписки Paywall.pw. Мы работаем в индустрии Creator Economy – одном из самых быстроразвивающихся рынков. С нами работают уже более 3300 российских авторов, и мы планируем развитие и на зарубежных рынках. Дорожная карта более чем на год вперёд, состоящая из большого ряда функциональных задач. Сейчас требуется системный администратор со знанием современных технологий для поддержки и улучшения инфраструктуры веб-сервиса. Удаленная работа с тремя опциями оформления:  Официальное трудоустройство на полный рабочий день, Официальное трудоустройство на неполный рабочий день, Договор с ИП, Договор с самозанятым.  В общих чертах, список первоочередных дел такой (указано в случайном порядке): Парк серверов в разной степени старости, но в основном это Ubuntu 18.04.x LTS. Стек приложений вполне типичный: MariaDb 10.4.x, PHP 7.4/8.3, nginx 1.24.x, npm 6.14.x, node 14.21.x. Мониторинг. Сейчас используем NewRelic и нужна помощь в его донастройке. Среди важных фич: алерты и кастомный контекст логов из APM. Опционально, но было бы удобно добавить туда доменные метрики. Деплой. На сервере у нас всё окружение сейчас настроено вручную (apt install foobar). В том числе, разработчикам приходится у себя на машинах это делать тоже вручную. Нужно перейти на Docker или аналог и упростить этот процесс. Так же, версии окружения нигде не зафиксированы. Тестовые стенды. Все тестовые стенды сейчас настраиваются и обновляются вручную (их четыре умноженное на три под-проекта). Деплой туда по ssh автоматизирован, но нет никакой связи с NS (60+ записей вручную, sic) и с системой CI/CD (GitLab). Бэкапы. Сейчас используем OpenStack Swift (подключается к Selectel), однако с ним есть сложности. К тому же, все эти скрипты никак не контролируются (пока что в виде сниппетов в GtiLab). Настройка CI/CD в GitLab. Было бы удобно использовать их Build Pipeline, Deploy, Release, Operate. В вашем отклике обязательно подробно расскажите о себе и о своем опыте работы. Если вы пройдете дальше, то мы дадим оплачиваемое тестовое задание, по результатам которого будет принято решение о трудоустройстве. Ждем ваших откликов. Спасибо за внимание.",Back-end разработка;Nginx;PHP,DevOps-инженер,0,6-
117132956,Ведущий системный администратор в веб-проект,"Добрый день, Наша компания – это сервис монетизации контента и сообществ по модели подписки Paywall.pw. Мы работаем в индустрии Creator Economy – одном из самых быстроразвивающихся рынков. С нами работают уже более 3300 российских авторов, и мы планируем развитие и на зарубежных рынках. Дорожная карта более чем на год вперёд, состоящая из большого ряда функциональных задач. Сейчас требуется системный администратор со знанием современных технологий для поддержки и улучшения инфраструктуры веб-сервиса. Удаленная работа с тремя опциями оформления:  Официальное трудоустройство на полный рабочий день, Официальное трудоустройство на неполный рабочий день, Договор с ИП, Договор с самозанятым.  В общих чертах, список первоочередных дел такой (указано в случайном порядке): Парк серверов в разной степени старости, но в основном это Ubuntu 18.04.x LTS. Стек приложений вполне типичный: MariaDb 10.4.x, PHP 7.4/8.3, nginx 1.24.x, npm 6.14.x, node 14.21.x. Мониторинг. Сейчас используем NewRelic и нужна помощь в его донастройке. Среди важных фич: алерты и кастомный контекст логов из APM. Опционально, но было бы удобно добавить туда доменные метрики. Деплой. На сервере у нас всё окружение сейчас настроено вручную (apt install foobar). В том числе, разработчикам приходится у себя на машинах это делать тоже вручную. Нужно перейти на Docker или аналог и упростить этот процесс. Так же, версии окружения нигде не зафиксированы. Тестовые стенды. Все тестовые стенды сейчас настраиваются и обновляются вручную (их четыре умноженное на три под-проекта). Деплой туда по ssh автоматизирован, но нет никакой связи с NS (60+ записей вручную, sic) и с системой CI/CD (GitLab). Бэкапы. Сейчас используем OpenStack Swift (подключается к Selectel), однако с ним есть сложности. К тому же, все эти скрипты никак не контролируются (пока что в виде сниппетов в GtiLab). Настройка CI/CD в GitLab. Было бы удобно использовать их Build Pipeline, Deploy, Release, Operate. В вашем отклике обязательно подробно расскажите о себе и о своем опыте работы. Если вы пройдете дальше, то мы дадим оплачиваемое тестовое задание, по результатам которого будет принято решение о трудоустройстве. Ждем ваших откликов. Спасибо за внимание.",Back-end разработка;Nginx;PHP,DevOps-инженер,0,6-
117162060,Linux Engineer,"Мы - Wildberries, крупнейший маркетплейс России. Wildberries - это 30 млн пользователей ежедневно, сотни тысяч сотрудников и одна из сильнейших IT-команд в стране. Наша компания стабильно развивается и работает в усиленном режиме: гибкий современный стек и около-rocket-science задачи прилагаются.Вам предстоит:- Разворачивание новых серверов и сервисов, их администрирование и поддержка- Управление, модернизация инфраструктуры с использованием Ansible и Git- Взаимодействие с разработчиками, автоматизация, улучшение мониторинга- Обнаружение узких мест архитектуры и участие в выработке решений- Разработка и актуализация эксплуатационной документацииМы ожидаем:- Уверенное знание ОС Linux (Debian)- Опыт работы с Ansible, Docker- Навыки администрирование серверов на ОС Linux (Debian)- Опыт настройки, администрирования СУБД postgresql- Опыт работы с системами мониторинга Zabbix- Опыт настройки lacp/bonding, iptables, mdraid- Опыт работы с физическими серверами IPMI, iKVM, аппаратный RAID- Опыт работы с аналогичным функционалом от 1 годаБудет плюсом:- Навыки написания скриптов для автоматизации прикладных и рутинных задач на Bash/Python/Perl etc.- Опыт работы с системами виртуализации (Qemu-KVM)- Опыт настройки, администрирования nginxУсловия работы:Коледино (офис Административно-Бизнес часть)Бесплатное питание и кофеБесплатный корпоративный транспорт (г. Подольск)Полностью белая зарплата (да, обыденность, но все же).Работа над интересными проектами, которые прокачают твои технические навыки и аналитическое мышление.Корпоративные скидки у партнеров компании.Возможность попасть в сильную команду крупнейшего маркетплейса России.Оформление по ТК РФ в аккредитованную IT - компанию.Минимум бюрократии.","Docker;FIrewall;Nginx;Perl;PostgreSQL;Python;Администрирование серверов и рабочих станций;Аналитическое мышление;Базовая работа с Linux;Виртуализация, облачная инфраструктура;Компьютерные сети, маршрутизация, протоколы;Сетевой мониторинг и логирование;Системы управления конфигурацией;Управление базами данных",DevOps-инженер,0,1-3
106706063,Системный администратор Linux/DevOps,"Медиалогия занимается разработкой продуктов по сбору и анализу данных из СМИ и соцмедиа. Это высоконагруженные системы, которые в режиме реального времени сканируют весь текстовый сегмент Интернета (100+ млн. сообщений в сутки, 1.7 млрд. метрик) и, используя уникальные лингвистические технологии, позволяют осуществлять мгновенный анализ упоминаний наших клиентов в соц.сетях, блогах, форумах и управлять их репутацией.На позиции Системного администратора Linux / DevOps Вам предстоит:  Поддержка высоконагруженных сервисов компании в рабочем состоянии 24x7; Развертывание новой и сопровождение текущей инфраструктуры web-проектов; Настройка и поддержка мониторинга всех критичных систем (zabbix); Развитие системы (внедрение новых сервисов); Улучшение отказоустойчивости системы, поиск проблемных мест в сервисах и на серверах, устранение неполадок.  Наши пожелания к будущему коллеге:  Глубокие знания Linux; Четкое понимание принципов работы сетей (DNS, TCP/IP и т.д.); Опыт работы с web-технологиями и виртуализацией; Понимание принципов работы систем управления конфигурациями (ansible и т.д.); Понимание методов переноса больших объемов данных без простоев; Опыт работы с контейнерами docker/podman/containerd; Большим плюсом будет опыт работы с: Kubernetes, Terraform, нагруженными web-проектами и/или умение решать архитектурные вопросы; Отдельным плюсом опыт работы с HashiCorp Vault и Ceph.  Какие технологии используем: Linux, HBase, ElasticSearch, PostgreSQL, Kubernetes, Nginx, RabbitMQ, Zabbix, Grafana. Мы предлагаем:  Возможность развития в качестве администратора ElasticSearch, DBA, BigData или DevOps-инженера;  работу в аккредитованной IT- компании со всеми преимуществами;  белую ЗП, официальное оформление по ТК РФ; ДМС с хорошим выбором клиник и международной страховкой после прохождения испытательного срока; возможность посещения профильных мероприятий и карьерное развитие; гибкое начало рабочего дня; удаленный формат работы.     ","DNS;Docker;ElasticSearch;Gitlab;Grafana;Kubernetes;Nginx;PostgreSQL;RabbitMQ;Terraform;Базовая работа с Linux;Виртуализация, облачная инфраструктура;Информационная грамотность;Компьютерные сети, маршрутизация, протоколы;Контейнеризация;Сетевой мониторинг и логирование;Системы управления конфигурацией;Хранение и обработка данных",DevOps-инженер,0,1-3
115411284,Инженер PKI [МТС Web Services (MWS)],"MTC Web Services (MWS) — сервисы и продукты Enterprise-уровня для ИИ-экспериментов и цифровой трансформации бизнеса. Мы предлагаем передовые технологии, глубокую экспертизу, комплексную поддержку и надежную инфраструктуру, чтобы вы достигали новых высот. Среди наших решений: сетевые сервисы, сервисы по хранению, вычислению и информационной безопасности, PaaS-решения, корпоративные сервисы, приложения для разработчиков. MWS — больше, чем облако. Мы создаем новое технологическое ядро – высокопроизводительную и доступную платформу виртуализации, которая станет основой не только для всей экосистемы сервисов и продуктов компании, но для наших коммерческих заказчиков и партнеров! У нас крутая инженерная команда настоящих профессионалов, любящих продукт, сложные технологические задачи и большой бэклог. Чем предстоит заниматься:  Администрирование и развитие сервиса PKI; Автоматизация рутинных процессов, написание скриптов PowerShell, Python или др.; Работа с инцидентами, идентификация и устранение проблем, выявление и устранение узких мест, управление изменениями и конфигурациями; Документирование процедур, инструкций, регламентов, наполнение базы знаний; Участие в инфраструктурных проектах.  Что мы ждём от кандидатов:  Глубокие знания PKI; Умение автоматизировать рутинные задачи, знание любого языка программирования; Знание основных принципов работы виртуальных сред и моделей их применения. Практические знания и опыт администрирования виртуальных инфраструктур на базе облачных платформ VMware – vSphere; Опыт построения отказоустойчивых решений для mission-critical систем, понимание принципов и подходов к построению подобного рода систем; Хорошие знания линейки OS Windows Server; Хорошие знания работы MS Active Directory, DNS, PKI; Умение диагностировать работу профильных продуктов, выявлять ошибки и узкие места.  Что мы предлагаем:  Собственную платформу MTS Ocean для получения ИТ-ресурсов, а это значит, что деплой, мониторинг, observability - не будут для вас проблемой, вы сможете сосредоточиться на фичах; Профессиональные гильдии инженеров по направлениям, чтобы поддерживать друг друга и обмениваться опытом; Участие во внешних IT конференциях. Мы выступаем на HighLoad++, DataFest, Mobius, Test Driven Conf, Joker, DevOps, Матемаркетинг и даже проводим собственную конференцию по архитектуре Hello, conference! Полезные курсы и вебинары в корпоративном университете и электронные библиотеки; А еще: Медицинскую страховку с 1 месяца со 100% покрытием расходов, включая стоматологию, страхование жизни и здоровья в поездках за рубеж. Также можно застраховать родственников с корпоративной скидкой; Доступ к сервису «Понимаю»: онлайн-консультации с психологом, юристом, экспертом по финансам или ЗОЖ; Корпоративный и командный психолог в офисе и массажный кабинет; Единую подписку МТС Premium — KION light в онлайн-кинотеатре KION, сервис МТС Music, 30 дней бесплатного пользования подпиской OZON Premium; Скидки и предложения от партнеров на фитнес, занятия английским и прочее. ","Active Directory/LDAP;DNS;PowerShell;Python;Анализ бизнес-процессов;Виртуализация, облачная инфраструктура;Криптография",DevOps-инженер,0,3-6
116886084,Администратор ОС Linux / IaC,"ИТ-аккредитованная компания Axenix (ранее Accenture) продолжает работу на российском рынке и аккумулирует 30-ти летний консалтинговый опыт внедрения инновационных решений. В нашу инфраструктурную команду, которая сейчас насчитывает более 200 специалистов (архитекторы ИТ-инфраструктуры, DevOps инженеры, сетевые инженеры, системные администраторы, DBA, SAP Basis специалисты и ITSM эксперты) мы ищем Администратора ОС Linux.  Чем тебе предстоит заниматься:  Написанием технической документации (технический проект, пояснительная записка, инструкция администратора) Quality Assurance внедрённых инфраструктурных решений Разработкой CI/CD процессов Разработкой автоматизаций  Мы ожидаем, что у тебя есть:  Уверенные знания по Linux (RedHat/CentOS) Знание инфраструктуры (AD, DNS, NTP, Network) Знание и понимание принципов DevOps Знание инструментов Configuration Management (Ansible, Terraform) Знание инструментов SCM (git) Знание инструментов CI/CD (GitLab CI ) Знание инструментов мониторинга, логирования, трассировки (Zabbix, GrayLog) Опыт работы с системами контейнерезации и оркестрации (Docker, Docker SWARM, Podman) Опыт написания скриптов Bash, Python Опыт разработки и подготовки автотестов  Мы предлагаем:  Динамичную работу без рутины в ведущей ИТ-аккредитованной компании Конкурентоспособный уровень дохода, годовые бонусы и регулярное повышение по результатам Performance Review Культуру непрерывного обучения: сертификация, online и offline обучение в России, менторство в профессиональном развитии ДМС + стоматология с первого месяца работы для сотрудника и его семьи Страхование жизни в размере годового оклада сотрудника Гибридный или удаленный формат работы Программу поддержки сотрудника и его родственников по психологическим, юридическим, финансовым вопросам Дополнительные дни оплачиваемого отпуска в год Программу корпоративных привилегий PrimeZone (более 1000 ведущих поставщиков продуктов и услуг) Спортивные и развлекательные мероприятия за счет компании ",,DevOps-инженер,0,1-3
110591992,Системный администратор Linux,"Network Technologies — официальный дилер «Элтекс», крупнейшего производителя сетевого и телекоммуникационного оборудования в России. Вся продукция разработана и произведена в России, сертифицирована и включена в реестры Минпромторга. Сейчас мы в поисках Devops-инженера для задач, направленных на поддержание и улучшение ИТ-инфраструктуры в компании. Обязанности:   Подготовка ПО с корректировками заказчика для конечной передачи продукта в работу заказчика; Сопровождение текущих информационных систем; Мониторинг, логирование и обеспечение высокой доступности сервисов; Обеспечение безопасности и соответствия стандартам; Выявление и устранение узких мест в производительности и надежности систем; Внедрение и поддержка процессов автоматизации тестирования и деплоя; Работа с базами данных (MySQL, PostgreSQL и др.)   Стек, с которым нужно уметь работать:  GitLab Nginx PostgeSQL Docker Kubernetes Linux Bash Git Redis  Условия, которые мы предлагаем:   Прозрачное сотрудничество: официальное трудоустройство с первого дня, стабильная белая заработная плата;   Соцпакет: компенсация спортзала, ДМС со стоматологией;   Возможность выбрать удобный адрес для работы: Ядринцевская 23 или Промкирпичная 22;   Возможность гибридного графика - совмещение работы в офисе с работой из дома;   Корпоративное обучение и профессиональный рост внутри компании;   Карьера в активно развивающейся сфере телеком. оборудования;   Работа с узнаваемой торговой маркой российского производства.Заработную плату обсуждаем индивидуально на собеседовании  ",,DevOps-инженер,150000,1-3
117136437,Linux Инженер Gitlab,"АО «Информтехника и Связь» - группа компаний, основанная в 1991 году. Основная деятельность — разработка, производство, поставка и инсталляция телекоммуникационного оборудования, современных систем связи и программного обеспечения. В этой сфере у нас богатый накопленный опыт и масса реализованных проектов по России и за рубежом. Всей основной линейке производимого компанией оборудования присвоен статус ТОРП, а разработанное нами ПО внесено в Реестр Минцифры РФ. Мы стремительно растём, развиваемся и ищем новых специалистов в команду! Чем предстоит заниматься:   Автоматизация сборки, тестирования, выполнения программных проектов на основе (Git, Gitlab) и систем контейнеризации (Docker)   Функциональное (автоматическое и ручное) тестирование приложений под управлением ОС Linux.   Наши ожидания:   Опыт работы с ОС Linux на уровне уверенного пользователя   Опыт работы с Git (настройка CI/CD пайплайнов, клонирование, push/pull, работа с ветками, init, add, commit, push/pull, merge)    Опыт работы с Докер-контейнерами (написания Dockerfile для создания, организации сетевого обмена, Docker registry для хранения, развёртывание контейнеров в оркестраторах)   Опыт в установке и настройке GitLab (управление пользователями, настройка проектов, CI/CD pipelines и runners, GitLab API, мониторинг производительности)   Опыт выполнения задач автоматизации с использованием Phyton или bash, или др.).      Мы предлагаем:  Оформление по ТК РФ, конкурентную «белую» заработную плату Прозрачную систему мотивации Работу в компании с аккредитацией в Минцифре Вовлеченное и гибкое руководство. Мы слышим и слушаем своих сотрудников Офис в пешей доступности от метро Красносельская Мы заботимся о наших сотрудниках и поддерживаем инициативы по обучению, участию в конференциях, проведению вебинаров и тренингов за счет компании Компенсацию услуг фитнес-центра или полиса ДМС Компенсация представительских расходов Подарки детям на Новый год и детские праздники Корпоративные праздники и мероприятия ",API;CI/CD;Docker;Git;Gitlab;Python;SQL;Базовая работа с Linux;Ручное тестирование,DevOps-инженер,0,1-3
112341345,Senior Java/Kotlin-разработчик в команду Development Platform [МТС Web Services (MWS)],"MTС Web Services (MWS) — облачные сервисы для решения задач вашего бизнеса. Мы предоставляем сетевые сервисы; продукты для вычисления, хранения и обработки данных; PaaS-решения; инструменты кибербезопасности; профессиональные сервисы и ИИ-решения. Мы также инвестируем в создание публичной облачной платформы собственной разработки, которая станет доступна в 2025 году. MWS — через облако к новым высотам. Команда Development Platform создает базовую инфраструктуру для разработчиков Облака. Это общие библиотеки и фреймворки, практики и подходы разработки, различная автоматизация рутинных задач разработчиков по созданию и запуску сервисов. Наша цель - сделать так, чтобы разработчик в первую очередь решал задачи сервиса, а не отвлекался на рутину. Основные языки поддерживаемые нашей платформой это: C, C++, Golang, Java, Kotlin. Чем предстоит заниматься:  разрабатывать API Gateway сервиса для построения UI и публичного API; создавать общие подходы к построению API Облака, например, локализацию сообщений с учетом цепочки сервисов; работать над сервисом Storage CPL при создании системы управления сетевыми дисками в Облаке; реализовывать универсальные клиентские библиотеки к сервисам облака поверх существующих библиотек для работы c HTTP; исследовать возможности использовать R2DBC и неблокирующего драйвера к базе данных, поддержки корутин в Kotlin и virtual threads; прорабатывать механизмы сборки и разрешения зависимостей между компонентами платформы и кодом других сервисов Облака; решать прочие инфраструктурные задач для разработчиков CloudMTS.  Что мы ждём от кандидатов:  опыт разработки на Java или Kotlin больше трех лет; опыт написания и оптимизации SQL запросов; ответственность, умение работать самостоятельно и в команде; готовность погрузиться в предметную область построения облачной инфраструктуры.  Что мы предлагаем:  гибридный или полностью удалённый формат работы из России, с возможностью гибкого начала и окончания рабочего дня; профессиональные гильдии инженеров по направлениям, чтобы поддерживать друг друга и обмениваться опытом; участие во внешних IT конференциях; полезные курсы и вебинары в корпоративном университете и электронные библиотеки.  А еще:  медицинскую страховку с 1 месяца со 100% покрытием расходов, включая стоматологию, страхование жизни и здоровья в поездках за рубеж. А еще можно застраховать родственников с корпоративной скидкой; доступ к сервису «Понимаю»: онлайн-консультации с психологом, юристом, экспертом по финансам или ЗОЖ; корпоративный и командный психолог в офисе и массажный кабинет; единую подписку МТС Premium — KION light в онлайн-кинотеатре KION, сервис МТС Music, 30 дней бесплатного пользования подпиской OZON Premium; скидки и предложения от партнеров на фитнес, занятия английским и прочее. ","API;Java/Kotlin/Scala;SQL;UI/UX Дизайн;Компьютерные сети, маршрутизация, протоколы;Навыки оценки эффективности рекламных инструментов;Ответственность;Оценка эффективности рекламных инструментов;Работа в команде;Самоорганизованность;Самостоятельность",DevOps-инженер,0,6-
112341364,DevOps-инженер (Kafka) в команду Managed DB & MQ [МТС Web Services (MWS)],"MTС Web Services (MWS) — облачные сервисы для решения задач вашего бизнеса. Мы предоставляем сетевые сервисы; продукты для вычисления, хранения и обработки данных; PaaS-решения; инструменты кибербезопасности; профессиональные сервисы и ИИ-решения. Мы также инвестируем в создание публичной облачной платформы собственной разработки, которая станет доступна в 2025 году. MWS — через облако к новым высотам. Команда Managed DB &amp; MQ создаёт внутренние инструменты для разворачивания и управления очередями сообщений и базами данных. Наша цель - помочь командам разработки облака построить оптимальную инфраструктуру БД и Kafka для их сервисов, обеспечить отказоустойчивость и стабильность инфраструктуры. Чем предстоит заниматься: Помогать командам разработки в:  создании и поддержке инструментов для управления Kafka; настройке оптимальной конфигурации Kafka; настройке и поддержке системы мониторинга Kafka; доработке и поддержке k8s-операторов; настройке деплоймента через инструменты GitOps; подготовке Helm-чартов для разворачивания компонентов сервиса в кластерах k8s; настройке безопасности решений mdb&amp;mq в k8s.  Требования:  опыт работы в роли DevOps/SRE-инженер от 3х лет и более; опыт работы с Kafka (настройки, доработки); хорошее понимание устройства и принципов работы Kubernetes, опыт работы с K8s-операторами; знание основ SQL и NoSQL СУБД знание основ программирования (ЯП: golang, python - будут плюсом); понимание архитектуры облачных сервисов.  Что мы предлагаем:  гибридный или полностью удалённый формат работы из России, с возможностью гибкого начала и окончания рабочего дня; профессиональные гильдии инженеров по направлениям, чтобы поддерживать друг друга и обмениваться опытом; участие во внешних IT конференциях; полезные курсы и вебинары в корпоративном университете и электронные библиотеки.  А еще:  медицинскую страховку с 1 месяца со 100% покрытием расходов, включая стоматологию, страхование жизни и здоровья в поездках за рубеж. А еще можно застраховать родственников с корпоративной скидкой; доступ к сервису «Понимаю»: онлайн-консультации с психологом, юристом, экспертом по финансам или ЗОЖ; корпоративный и командный психолог в офисе и массажный кабинет; единую подписку МТС Premium — KION light в онлайн-кинотеатре KION, сервис МТС Music; скидки и предложения от партнеров на фитнес, занятия английским и прочее. ",Apache Kafka;Digital Security Office;Golang;Kubernetes;NoSQL;Python;SQL;Знание базовых принципов разработки;Сетевой мониторинг и логирование,DevOps-инженер,0,3-6
116807217,Сетевой инженер (MTS Web Services),"МTS Web Services (MWS) — готовые облачные сервисы и уникальные кастомные продукты для решения бизнес-задач наших клиентов. Мы предоставляем сетевые сервисы, сервисы по хранению, вычислению и информационной безопасности, PaaS-решения, корпоративные сервисы, приложения для разработчиков. Также мы строим новую публичную платформу собственной разработки, которая станет доступна в 2025 году. Вам предстоит разрабатывать и сопровождать различные технические решения для нашей инфраструктуры и клиентов, оказывать техническую и методическую поддержку при интеграции инфраструктуры клиентов с нашими облачными сервисами. ЧЕМ ПРЕДСТОИТ ЗАНИМАТЬСЯ:  поддерживать и настраивать сетевое оборудование и функционирование корпоративной сети готовить предложения и вести проекты по оптимизации архитектуры и модернизации сетевой инфраструктуры частных инсталляций участвовать в проектах по оптимизации архитектуры и модернизации сетевой инфраструктуры ЧИ устранять аварии на сети, выполнять регламентные работы и реализовывать меры для повышения зрелости инфраструктуры анализировать причины возникновения аварий, готовить рекомендации по их устранению участвовать в проектах по подключению заказчиков к облачным сервисам и продуктам в рамках своей зоны ответственности экспертная поддержка в качестве инженера линии технической поддержки L2\L3 взаимодействовать с подразделениями магистральных сетей, эксплуатации и сторонними операторами работать в команде со смежными подразделениями при реализации проектов работать и настраивать снятие различных метрик систем мониторинга и автоматизации  ЧТО НАМ ВАЖНО:  понимание принципов работы динамической маршрутизации и опыт эксплуатации соответствующих решений (OSPF, BGP) опыт работы в облачном провайдере/интеграторе/магистральном операторе связи навыки на уровне CCNP R&amp;S/CCNP DC/JCNIP-SP знание и опыт работы с оборудованием доступа и Wi-Fi производителей Cisco, Eltex, Huawei опыт работы с современными решениями NGFW: Checkpoint, Juniper SRX, Usergate понимание технологий R&amp;S, EVPN/VXLAN опыт автоматизации конфигурирования сетевого оборудования опыт работы с системами мониторинга Zabbix, Prometeus &amp; Grafana, etc. опыт работы и проектирования схем сети с помощью графических редакторов MS Visio, Draw.io  Будет плюсом:  опыт работы с платформой виртуализации VMware (vSphere/vCD), zVirt;Понимание работы публичных облаков (IaaS, SaaS, PaaS) и базовых принципов виртуализации сети опыт работы с продуктами VMware NSX-V/T или другими технологиями виртуализации сети опыт проектирования и пуско-наладки сетей ЦОД  ЧТО МЫ ПРЕДЛАГАЕМ:  ДМС с первого месяца работы, включая стоматологию. А еще оплачиваем 50% стоимости полиса ДМС для родственников страхование от несчастных случаев с 1 месяца работы. Материальная помощь в сложных жизненных ситуациях прием врачей общей практики и массаж в офисе. Консультация психологов и программа поддержки сотрудников отпуск 28 календарных дней + 3 дня за ненормированный рабочий день компенсация расходов на выбор сотрудника, например, на спорт или питание. Специальные предложения от партнеров и скидки от продуктов экосистемы МТС мобильная связь за счет компании и льготные тарифы для близких единая подписка МТС Premium — KION Lite в онлайн-кинотеатре KION, сервисы МТС Музыка и Строки собственный корпоративный университет, онлайн-библиотека и оплачиваемое внешнее обучение для карьерного развития ",,DevOps-инженер,0,3-6
110328223,"DevOps-инженер (Linux, Kubernetes)","Запускаем новый проект в рамках Системы управления доступами сотрудников (75000 чел+), переходим на новый для нас технологический стек, в связи с чем масштабируем команду Технологии: Linux, Docker, Kubernetes, Kafka, PostgreSQL, Redis, Prometheus, Grafana, ELKЧем предстоит заниматься:  Сопровождать и развивать системы IDM (Identity Management)и антифрода Поддерживать и администрировать смежные интеграции Обеспечивать IT-мониторинг ИС Обеспечивать резервирование ИС Проводить интеграционное и компонентное тестирование релизов и обновлений ИС, обеспечивать качество процессов тестирования и внедрения Контролировать работоспособность системы (поиск логов и тд), регистрация и анализ причин выявленных дефектов Вести коммуникации со смежными командами и подразделениями    Наши ожидания от кандидата:  Опыт сопровождения Linux Docker, Kubernetes от 2х лет  Основы сетевого взаимодействия   Основы виртуализации серверов   Практические навыки администрирования Linux (rpm-based)   Практические навыки работы с Ansible   Контейнеризация (практические навыки работы с Docker/Podman)   Оркестрация приложений (практические навыки работы с Kubernetes)   Практические навыки работы с балансировщиками нагрузки Nginx, HAProxy   Практические навыки работы с Prometheus, Grafana, ELK   Основы Kafka, PostgreSQL, Redis   Основы CI/CD   Что мы предлагаем взамен:  Стабильный и прозрачный доход: размер заработной платы обсуждается по итогам собеседования + квартальная премия по результатам KPI Удаленный формат работы Сложные и интересные задачи, современный стек технологий Заботу о вашем здоровье: программа ДМС с первых дней работы, куда входит стоматология, обслуживание в лучших клиниках города, страхование и компенсация 10-ти дней больничного Возможность вертикального и горизонтального карьерного роста: регулярно проходят тренинги, вебинары, митапы и демо-дни Оплату посещения профильных конференций и курсов, помогаем с подготовкой к публичным выступлениям и написанием статей на Хабр Доступ к бесплатным корпоративным библиотекам Alpina Digital, МИФ и бизнес-изданий   ","Apache Kafka;Docker;ElasticSearch;Grafana;HAProxy;Kubernetes;Nginx;PostgreSQL;Администрирование серверов и рабочих станций;Базовая работа с Linux;Виртуализация, облачная инфраструктура;Коммуникативная грамотность;Контейнеризация;Работоспособность;Сетевой мониторинг и логирование;Системы управления конфигурацией;Управление образовательной организацией;Фрод-мониторинг",DevOps-инженер,0,3-6
115583269,Junior cистемный администратор Linux/DevOps-инженер,"Экспобанк открывает конкурс на вакансию Junior DevOps-инженер. Наш стек: Linux(Ubuntu/CentOS); Gitlab, Nexus, HELM; Git; Docker, K8s; Unix Shell, Python, Ansible; Apache, Tomcat, Nginx, HAProxy; MySQL, PostgreSQL; EFK, Zabbix, Prometheus, Grafana; Jira, Confluence. Pacemaker\Corosync Чем предстоит заниматься:  Настройка и поддержка инфраструктуры на уровне операционной системы(Linux VM). Разработка, настройка, поддержка и улучшение CI/CD-пайплайнов для сборки ПО, используем Gitlab-ci. Обеспечение работоспособности и высокой доступности проектов. Работа с системами мониторинга и логирования: Prometheus, Grafana, Zabbix, ELK stack. Участие во внедрении и развитии других DevOps-инструментов.  Условия:  Официальное оформление в полном соответствии с Трудовым Кодексом, белая заработная плата. Постоянный профессиональный рост, интересные задачи. Корпоративное обучение. Интересные корпоративные мероприятия. Компенсация занятий спортом/ медицинское страхование после испытательного срока. Современный офис рядом с м. Павелецкая. График работы: 5/2, 9:00-18:00, пятница сокращенный день, гибкое начало дня. ","Atlassian Jira;CI/CD;DevOps;Docker;ElasticSearch;Gitlab;Grafana;HAProxy;MySQL;Pacemaker;PostgreSQL;Python;Базовая работа с Linux;Виртуализация, облачная инфраструктура;Работоспособность;Сетевой мониторинг и логирование;Системы управления конфигурацией",DevOps-инженер,0,0
115583876,Системный администратор Linux,"Network Technologies — официальный дилер «Элтекс», крупнейшего производителя сетевого и телекоммуникационного оборудования в России. Вся продукция разработана и произведена в России, сертифицирована и включена в реестры Минпромторга. Сейчас мы в поисках Devops-инженера для задач, направленных на поддержание и улучшение ИТ-инфраструктуры в компании.Рассматриваем кандидатов из города Новосибирска! Обязанности:   Подготовка ПО с корректировками заказчика для конечной передачи продукта в работу заказчика; Сопровождение текущих информационных систем; Мониторинг, логирование и обеспечение высокой доступности сервисов; Обеспечение безопасности и соответствия стандартам; Выявление и устранение узких мест в производительности и надежности систем; Внедрение и поддержка процессов автоматизации тестирования и деплоя; Работа с базами данных (MySQL, PostgreSQL и др.)   Стек, с которым нужно уметь работать:  GitLab Nginx PostgeSQL Docker Kubernetes Linux Bash Git Redis  Условия, которые мы предлагаем:   Прозрачное сотрудничество: официальное трудоустройство с первого дня, стабильная белая заработная плата;   Соцпакет: компенсация спортзала, ДМС со стоматологией;   Возможность выбрать удобный адрес для работы: Ядринцевская 23 или Промкирпичная 22;   Возможность гибридного графика - совмещение работы в офисе с работой из дома;   Корпоративное обучение и профессиональный рост внутри компании;   Карьера в активно развивающейся сфере телеком. оборудования;   Работа с узнаваемой торговой маркой российского производства.Заработную плату обсуждаем индивидуально на собеседовании  ",DevOps;Docker;Git;Kubernetes;MySQL;Nginx;PostgreSQL;Redis;Автоматическое тестирование;Администрирование серверов и рабочих станций;Базовая работа с Linux;Взаимодействие с клиентами и заказчиками;Работа с базами данных;Сетевой мониторинг и логирование,DevOps-инженер,180000,1-3
115374522,Senior Golang разработчик в команду Serverless Queue [МТС Web Services (MWS)],"MTС Web Services (MWS) — облачные сервисы для решения задач вашего бизнеса. Мы предоставляем сетевые сервисы; продукты для вычисления, хранения и обработки данных; PaaS-решения; инструменты кибербезопасности; профессиональные сервисы и ИИ-решения. Мы также инвестируем в создание публичной облачной платформы собственной разработки, которая станет доступна в 2025 году. MWS — через облако к новым высотам. Команда Serverless Queue разрабатывает единую для всех пользователей (multi-tenant) облачную очередь, от которой требуется полная эластичность и масштабируемость на десятки тысяч приложений и миллионы сообщений в секунду. Очередь опирается на другие части облака: Ceph, Kubernetes — и непосредственно отвечает за пользовательские данные, поэтому для нас очень важны вопросы корректности распределёенной системы, например, защита от split brain, алгоритмы консенсуса и т. д., — и всё это при необходимости минимизировать latency, и максимизировать пропускную способность. Это новый проект, у нас нет legacy-кода — можно написать свой, зато есть большое желание как можно быстрее дойти до запуска полноценного продукта.  Нам нужны люди, которые хотят на практике разобраться или уже знают, что такое FLP result и почему exactly-once- доставка невозможна. Что нужно делать: Вас ждут задачи по разработке сервисов хранения данных, проходящих через очереди и различных протоколов обмена сообщениями. Если вы любите проектировать распределённые системы, вам тоже будет чем заняться. Наш проект новый, многие его части ещё предстоит придумать.  Реализовать протокол Kafka на Go; Дизайн и реализация подсистемы хранения данных; Дизайн и реализация механизма discovery для брокеров; Внутренние задачи по проекту: настройка CI/CD, организовать процесс сборки проекта, написать K8s deployments, Helm charts и т.д.  Кого мы ищем:  Более 3-х лет опыта разработки на Golang или C++ Понимаете, как работает сеть и основные протоколы; Имеете общее понимание проблематики распределённых систем.  Будет плюсом:   Уже работали в инфраструктурной или платформенной разработке; Знаете, Kubernetes, Helm или готовы освоить эти технологии.  Условия:  медицинская страховка с доступом в частные клиники и 100% покрытием расходов, включая стоматологию. Можно застраховать близких родственников на льготных условиях. Для - любителей путешествий – страховка в поездках за границу. А еще есть страхование жизни; корпоративная мобильная связь и интернет для сотрудников, а для близких – на выгодных условиях; компенсация расходов на спорт или питание на выбор; обучение в Корпоративном университете, у внешних провайдеров, если это полезно для работы, а также доступ к онлайн-библиотеке в полезными книгами и периодикой; единая подписка МТС Premium – KION Lite в онлайн-кинотеатре KION, сервис МТС Music, 30 дней бесплатного пользования подпиской OZON Premium; предложения от партнёров для путешествий, развлечений и занятий спортом. ",Apache Kafka;CI/CD;Golang;Kubernetes;Организаторские навыки;Хранение и обработка данных,DevOps-инженер,0,3-6
106918591,Инженер по дистрибутивам\Linux,"Мы – канал Устройств Самообслуживания. Создаем передовые технологические решения для самой большой сети банкоматов в Европе! Мы – это не только банкоматы, но и другие физические сложные устройства самообслуживания – Платежные терминалы, депозитарные машины, электронные кассиры, система управления очередью, рекламные панели, Экопады, Постаматы и многие другие. Мы – не только про клиентское ПО на устройствах. У нас вся серверная инфраструктура для работы всех смежных процессов. Мы – это высокие стандарты надежности (доступность 99,99% для серверных систем), высокая нагрузка (десятки тысяч TPS), беспрецедентная безопасность и новейшие технологии (микросервисы, Opensource, ML/нейросети, биометрия и многое другое). Применяем современные технологии:  разрабатываем на C++ 17/20 собираем продукты под ОС семейства Windows и Linux работаем с BitBucket, ведём задачи в Jira и документируем функционал в Confluence  Обязанности  собирать дистрибутивы ОС Linux из стандартных пакетов и пакетов собственной разработки оценивать трудоемкость задач декомпозировать и анализировать задачи бэклога участвовать в улучшениях процесса разработки проектировать решения, в том числе разрабатывать детали внутренней архитектуры сервиса, включая интеграционные сценарии разрабатывать автоматические модули тестов, автоматические скрипты и тесты развертывания разрабатывать скрипты DevOps собирать и развертывать разработанные решения на стенды разработки документировать разрабатываемые компоненты ПО анализ и исправление инцидентов в рамках 3-й линии поддержки устранять дефекты, тех. долг.  Требования  отличные знание Linux (как архитектуры драйверов ядра, так и пользовательских API POSIX) знание скриптовых языков (shell, python), опыт написания скриптов в Linux знание принципов работы systemd понимание механизмов безопасности ОС семейства Linux умение работы с системами Task-/Bug-трекинга и системами Continuous Integration.  Условия  социальный пакет (ДМС, страхование от несчастных случаев, льготное кредитование) возможность обучения и сертификации за счет компании (Coursera и своя виртуальная школа) материальная помощь при наступлении значимых событий в жизни дисконт-программы от компаний партнеров (фитнес, страхование, туризм) комфортный офис на м. Кутузовская, Сбербанк Agile Home (от метро 3-5 минут пешком) бесплатный тренажерный зал и спортивные групповые занятия, кухни на каждом этаже, комнаты отдыха, множество ресторанов и столовая, бесплатная парковка подарки и мероприятия для детей сотрудников. Оздоровительные программы для детей сотрудников возможность принять участие в других крупных и уникальных проектах банка. ",API;DevOps;Python;Shell;Администрирование серверов и рабочих станций;Базовая работа с Linux;Разработка деталей и узлов;Урегулирование убытков,DevOps-инженер,0,1-3
111535989,"DevOps-инженер (Linux, Kubernetes)","Запускаем новый проект в рамках Системы управления доступами сотрудников (75000 чел+), переходим на новый для нас технологический стек, в связи с чем масштабируем команду Технологии: Linux, Docker, Kubernetes, Kafka, PostgreSQL, Redis, Prometheus, Grafana, ELKЧем предстоит заниматься:  Сопровождать и развивать системы IDM (Identity Management)и антифрода Поддерживать и администрировать смежные интеграции Обеспечивать IT-мониторинг ИС Обеспечивать резервирование ИС Проводить интеграционное и компонентное тестирование релизов и обновлений ИС, обеспечивать качество процессов тестирования и внедрения Контролировать работоспособность системы (поиск логов и тд), регистрация и анализ причин выявленных дефектов Вести коммуникации со смежными командами и подразделениями    Наши ожидания от кандидата:  Опыт сопровождения Linux, Docker, Kubernetes от 2х лет  Основы сетевого взаимодействия   Основы виртуализации серверов   Практические навыки администрирования Linux (rpm-based)   Практические навыки работы с Ansible   Контейнеризация (практические навыки работы с Docker/Podman)   Оркестрация приложений (практические навыки работы с Kubernetes)   Практические навыки работы с балансировщиками нагрузки Nginx, HAProxy   Практические навыки работы с Prometheus, Grafana, ELK   Основы Kafka, PostgreSQL, Redis   Основы CI/CD   Что мы предлагаем взамен:  Стабильный и прозрачный доход: размер заработной платы обсуждается по итогам собеседования + квартальная премия по результатам KPI Удаленный формат работы Сложные и интересные задачи, современный стек технологий Заботу о вашем здоровье: программа ДМС с первых дней работы, куда входит стоматология, обслуживание в лучших клиниках города, страхование и компенсация 10-ти дней больничного Возможность вертикального и горизонтального карьерного роста: регулярно проходят тренинги, вебинары, митапы и демо-дни Оплату посещения профильных конференций и курсов, помогаем с подготовкой к публичным выступлениям и написанием статей на Хабр Доступ к бесплатным корпоративным библиотекам Alpina Digital, МИФ и бизнес-изданий   ","Apache Kafka;Docker;ElasticSearch;Grafana;HAProxy;Kubernetes;Nginx;PostgreSQL;Администрирование серверов и рабочих станций;Базовая работа с Linux;Виртуализация, облачная инфраструктура;Коммуникативная грамотность;Контейнеризация;Работоспособность;Сетевой мониторинг и логирование;Системы управления конфигурацией;Управление образовательной организацией;Фрод-мониторинг",DevOps-инженер,0,3-6
117137462,Инженер Linux (школа Linux Upscale),"Инженер Linux (школа Linux Upscale) K2 Cloud — это бизнес-юнит компании, предоставляющий клиентам облачные услуги. Мы занимаемся развитием нашего центрального продукта – К2 Облака. Это платформа собственной разработки, обеспечивающая надёжными сервисами более 500 компаний и позволяющая нам стабильно, из года в год расти и входить в ТОП-5 крупнейших облачных провайдеров в России. Наша миссия – делать К2 Облако самой стабильной и функциональной облачной платформой в России. Наш главный фокус – технологическое развитие облака, поэтому мы всегда ищем талантливых специалистов, которым интересна командная работа над собственным, уникальным продуктом. В апреле мы запускаем Linux Upscale — это программа обучения, где вы совместно с экспертами K2 Cloud прокачаете скиллы в Linux и обучитесь DevOps-практикам. И всё это с зарплатой во время обучения! Linux Upscale будет длиться два месяца - с начала апреля по конец мая. А по итогам успешного прохождения программы, будет возможность присоединиться к одной из команд K2 Cloud. Что вам предстоит после успешного прохождения школы:  Пройти начальный этап - настройка рабочего окружения и знакомство с ключевыми инструментами. Выполнить первые лабораторные работы Анализировать инфраструктуру и бизнес-процессы заказчиков. Конфигурировать инфраструктурные сервисы: web-стек, СУБД, кэширование, очереди, HA-кластеры, проксирование, логирование и мониторинг, обеспечивая их стабильную работу. А если возникают сбои – оперативно их устранять. В перспективе принимать участие в on-call дежурствах (с дополнительной оплатой).  Что мы ждем от вас по завершению школы:  Знание компьютерных сетей. Понимание принципов работы UNIX-систем и навыки администрирования. Интерес и стремление развиваться в роли инженера Linux: важно иметь опыт самостоятельного решения задач и изучения технологий. Навыки:  анализировать проблемы на основе логов ОС и приложений, а также работать с основными диагностическими утилитами;   при необходимости вручную развернуть необходимые сервисы. Мы ценим автоматизацию, но считаем, что она должна идти после глубокого понимания принципов работы системы.   Наш технологический стек: Мы работаем с инфраструктурами крупных компаний, поэтому используем широкий стек технологий: Linux, Nginx, Ansible, Terraform, Puppet, Docker, Kubernetes, MySQL, PostgreSQL, ELK (Elasticsearch, Logstash, Kibana), Zabbix и другие инструменты. Приятные бонусы на время прохождения программы Linux Upscale:  Бесплатное обучение с возможностью прокачать профессиональные навыки. Трудоустройство с первого дня обучения на временной основе и возможность перейти в штат после успешного завершения школы. Сочетание теоретических и практических задач на текущих проектах компании. Возможность удаленного обучения или гибрида (посещение офиса для выполнения задач в рамках обучения).  Приятные бонусы после успешного прохождения Linux Upscale:  Здоровье. О нас заботятся в лучших клиниках города по расширенной программе ДМС с психологом, стоматологией и телемедициной 24/7. А ещё у нас есть внутренняя система консультирования и оперативной помощи по вопросам здоровья. Удобный формат работы. Мы доверяем друг другу, поэтому у нас гибкое начало рабочего дня и вариативный формат работы: офисный, гибридный, удалённый. Работа в компании с аккредитацией в Минцифре. Покушать. В нашем офисе можно вкусно и бесплатно позавтракать, пообедать и даже поужинать. А в перерывах между этими приемами пищи можно перекусить на удобных кухнях, которые есть на каждом этаже, и где всегда найдутся чай, кофе и вендинговые аппараты здоровой еды. Комфорт и парковка. Удобный офис в районе станций метро Римская / Площадь Ильича с большой бесплатной парковкой, на которой всегда найдётся местечко. Спорт. Компания компенсирует абонемент в фитнес, а в офисе у нас есть спортзал с душевыми. Сотрудники могут посещать секции и организованные тренировки по различным видам спорта. Мы регулярно проводим турниры по футболу, баскетболу, настольному и большому теннису, волейболу. Развитие и корпоративная жизнь. В офисе регулярно проводятся тренинги, семинары, лекции на самые разные темы. Мы поддерживаем сотрудников в желании развиваться и оплачиваем обучение и сертификацию. Мы придумываем более 100 корпоративных программ в год: совместные путешествия, праздники, тимбилдинги, клуб путешественников, случайный кофе, и т.п.  Данное описание вакансии не является офертой.</p>","Администрирование серверов и рабочих станций;Компьютерные сети, маршрутизация, протоколы;Проведение лабораторной диагностики;Самостоятельность;Сетевой мониторинг и логирование;Умение преподавать;Управление базами данных",DevOps-инженер,0,0
109473143,Build-инженер/программист,"Тензор – крупная российская аккредитованная IT-компания. Наш основной продукт – СБИС – сеть деловых коммуникаций. Систему СБИС придумали, создали и постоянно совершенствуют более 1500 разработчиков в 11 филиалах по стране. У нас есть фанаты дата-майнинга, эксперты в разработке кроссплатформенных приложений и высоконагруженных систем, разработчики мобильных, настольных и веб-приложений, специалисты по обработке, анализу и хранению больших массивов данных. Мы ищем Build-инженера/программиста в проект в отдел сервисный фреймворк платформы СБИС для развития и поддержки сборочной инфраструктуры собственной платформы компании для разработки серверных, десктопных и мобильных приложений. Ждем от вас:  глубокое понимание принципов работы систем сборки и пакетных менеджеров; опыт процесса сборки и пакетирования приложений на ЯП C++ под различные платформы (Windows, Linux, Mac); опыт работы с CMake, autotools и другими системами сборки; знание python и bash на уровне написания скриптов.  Желательно Опыт работы с пакетным менеджером Conan, базовое знание С++.   Мы предлагаем:  интересную работу в крупной и стабильной IT-компании; заработную плату в зависимости от квалификации и уровня ответственности; оформление по ТК РФ; премии от 5 до 20% по итогам работы за месяц; социальные гарантии, ДМС; возможности профессионального и карьерного роста, курсы иностранных языков; корпоративные праздники и различные совместные мероприятия.   ",,DevOps-инженер,167500,1-3
115167505,SRE-инженер ceph в команду Storage [МТС Web Services (MWS)],"MTС Web Services (MWS) — облачные сервисы для решения задач вашего бизнеса. Мы предоставляем сетевые сервисы; продукты длявычисления, хранения и обработки данных; PaaS-решения; инструментыкибербезопасности; профессиональные сервисы и ИИ-решения. Мы также инвестируем в создание публичнойоблачной платформы собственной разработки, которая станет доступна в 2025 году. MWS — через облако к новым высотам. Команда Storage занимается разработкой систем хранения данных. Например, мы работаем над платформой по предоставлению низкоуровневого интерфейса блочных устройств для виртуальных машин, а также строим SaaS сервис объектного хранилища (S3). Наша цель - обеспечить облачные сервисы CloudMTS инфраструктурой для работы с большим объемом данных. Мы взаимодействуем с другими инфраструктурными сервисами облака и сотрудничаем с командами, занимающимися эксплуатацией железа в датацентрах, участвуем в выборе необходимого оборудования. Команда отвечает за все компоненты системы - как за низкоуровневое перекладывание байтов по сети между виртуальными машинами и хостовой ОС или по сети, так и за гарантии сохранности и консистентности данных, интеграцию системы хранения в единый API облака. Команда умеет исследовать и отвечать на все вопросы, связанные с хранением и обработкой данных - какие решения уже существуют, область их применения и узкие места, когда и почему нужно писать что-то свое, какие технологии будут использоваться завтра и как начать их использовать. Мы ценим самостоятельность и умение доводить до конца сложные задачи, требующие не только hard skills, но и умения общаться с коллегами. Golang/C++/C используем для создания низкоуровневых и веб сервисов, а также используем Java/Kotlin для реализации единообразного публичного API облака. Для хранения данных - Ceph и PostgreSQL. Код и сборка - Git и GitLab CI, деплой будет в k8s и в виде infrastructure as code. В низкоуровневых компонентах активно используем SPDK. Чем предстоит заниматься:  Эксплуатация в роли L3\L4 инженера, десятки кластеров ceph – S3/rdb/rados; Разработка и актуализация эксплуатационной документации; Работа с инцидентами изменениями, конфигурациями, проблемами/ведение кейсов; Взаимодействие с командой разработки в процессе развития сервисов платформы.  Что мы ждём от кандидатов:  Более 5 лет опыта SRE/DevOps; Обладаете опытом продуктовой эксплуатации ceph в качестве точки принятия решения; Есть общее понимание концепции k8s и жизни исполняемого кода внутри него; Умение писать скрипты на любом языке программирования; Имеете экспертный уровень владения linux; Понимание архитектуры облачных сервисов.  Что мы предлагаем:  Собственную платформу MTS Ocean для получения ИТ-ресурсов, а это значит, что деплой, мониторинг, observability - не будут для вас проблемой, вы сможете сосредоточиться на фичах; Профессиональные гильдии инженеров по направлениям, чтобы поддерживать друг друга и обмениваться опытом; Участие во внешних IT конференциях. Мы выступаем на HighLoad++, DataFest, Mobius, Test Driven Conf, Joker, DevOps, Матемаркетинг и даже проводим собственную конференцию по архитектуре Hello, conference! Полезные курсы и вебинары в корпоративном университете и электронные библиотеки; А еще: Медицинскую страховку с 1 месяца со 100% покрытием расходов, включая стоматологию, страхование жизни и здоровья в поездках за рубеж. Также можно застраховать родственников с корпоративной скидкой; Доступ к сервису «Понимаю»: онлайн-консультации с психологом, юристом, экспертом по финансам или ЗОЖ; Корпоративный и командный психолог в офисе и массажный кабинет; Единую подписку МТС Premium — KION light в онлайн-кинотеатре KION, сервис МТС Music, 30 дней бесплатного пользования подпиской OZON Premium; Скидки и предложения от партнеров на фитнес, занятия английским и прочее. ","API;CI/CD;Git;Gitlab;Golang;Java/Kotlin/Scala;PostgreSQL;Виртуализация, облачная инфраструктура;Коммуникативная грамотность;Самостоятельность",DevOps-инженер,0,3-6
730991f8-3544-11ef-b852-e7d0d2cf29b1,DevOps/системный инженер (Linux),"Развертывание и поддержка программно-аппаратных комплексов Сборка программного обеспечения Взаимодействие с отделами аналитики, тестирования и разработки
Навыки администрирования Debian-подобных ОС (Debian, Astra Linux, Ubuntu) Опыт в написании bash скриптов Опыт установки и настройки служб Samba, NFS, SSH, NTP, Postgres, Apache Знание основных инструментов сборки ПО (Make/Cmake/Distutils) Приветствуется: Опыт создания deb пакетов Опыт создания сборок на билд-серверах ( Teamcity/GitLab) Опыт автоматизации и развертывания приложений (Ansible) Опыт работы с системами виртуализации (KVM, Xen)
","Apache;CMake;Gitlab;Java/Kotlin/Scala;PostgreSQL;Samba;Администрирование серверов и рабочих станций;Базовая работа с Linux;Виртуализация, облачная инфраструктура;Компьютерные сети, маршрутизация, протоколы;Обеспечение информационной безопасности;Системы управления конфигурацией;Тестирование программного обеспечения",DevOps-инженер,0,1-3
116814607,DevOps/системный инженер (Linux),"Над чем предстоит работать:  Развертывание и поддержка программно-аппаратных комплексов; Сборка программного обеспечения; Взаимодействие с отделами аналитики, тестирования и разработки  Что для нас важно:  Навыки администрирования Debian-подобных ОС (Debian, Astra Linux, Ubuntu); Опыт в написании bash скриптов; Опыт установки и настройки служб Samba, NFS, SSH, NTP, Postgres, Apache; Знание основных инструментов сборки ПО (Make/Cmake/Distutils); Опыт создания deb пакетов; Опыт создания сборок на билд-серверах (Teamcity/GitLab); Опыт автоматизации и развертывания приложений (Ansible); Опыт работы с системами виртуализации (KVM, Xen)  Что мы предлагаем:   Интересная, многоплановая работа в социально значимых и наукоемких проектах;   Официальное оформление с первого дня работы по ТК РФ;   Обсуждаемая заработная плата по итогам собеседования и ее регулярный пересмотр;  ДМС после испытательного срока;  Возможность выбора удобного времени начала рабочего дня;   Отсутствие формализма и демократичная обстановка;   Корпоративный спорт (баскетбол) в современном фитнес клубе в Петроградском р-не;   Комната отдыха, корпоративная библиотека, кофемашина и чай;   Офис в шаговой доступности от м. Петроградская   Если вы готовы присоединиться к нашей команде, отправьте свое резюме. Мы будем рады рассмотреть вашу кандидатуру и пригласить вас на собеседование.  ",,DevOps-инженер,100000,1-3
109952378,Senior DevOps-инженер в команду Container Ecosystem [МТС Web Services (MWS)],"МТС — это мультисервисная цифровая экосистема. Мы создаем и развиваем сервисы в сфере мобильной связи, больших данных, искусственного интеллекта, облачного хранения, медиа и финансов – все они делают жизнь людей проще и интереснее. MTС Web Services (MWS) — облачные сервисы для решения задач вашего бизнеса. Мы предоставляем сетевые сервисы; продукты для вычисления, хранения и обработки данных; PaaS-решения; инструменты кибербезопасности; профессиональные сервисы и ИИ-решения. Мы также инвестируем в создание публичной облачной платформы собственной разработки, которая станет доступна в 2025 году. MWS — через облако к новым высотам. Команда Container Ecosystem разрабатывает комплексное решение для контейнерных вычислений, технологии для запусков контейнеров и их оркестрации, хранения и управления образами; отвечает за безопасность развёрнутых контейнерных нагрузок. Команда занимается тремя направлениями развития:  Оркестрация контейнеров mk8s Хранение и управления образами Комплексная безопасность контейнерной экосистемы  Чем предстоит заниматься:  Проектирование и разработка низкоуровневых компонентов и сервисов Kubernetes; Интеграция с окружением облачной платформы MWS, управлением жизненным циклом, а также развитие продукта Managed Kubernetes; Обеспечение надёжности и прозрачности эксплуатационных аспектов продукта Kubernetes as a service; Разработка механик дополнительного пользовательского опыта по запуску приложений и сервисов напрямую из исходного кода на разных языках программирования без необходимости управления инфраструктурой; Проектирование архитектуры и реализация dataplane/controlplane управления жизненным циклом Managed Kubernetes кластеров.  Требования:  Опыт работы Kubernetes Опыт работы с инструментами Git, CI/CD и сервисами хранения артефактов (Artifactory, Harbor, Nexus) Знание языков программирования: Golang, Python, Java, etc Ответственны, умеете работать как самостоятельно, так и в команде Готовы погрузиться в предметную область построения облачной инфраструктуры.  Что мы предлагаем:  гибридный или полностью удалённый формат работы, с возможностью гибкого начала и окончания рабочего дня; собственную платформу MTS Ocean для получения ИТ-ресурсов, а это значит, что деплой, мониторинг, observability - не будут для вас проблемой, вы сможете сосредоточиться на фичах; профессиональные гильдии инженеров по направлениям, чтобы поддерживать друг друга и обмениваться опытом; участие во внешних IT конференциях. Мы выступаем на HighLoad++, DataFest, Mobius, Test Driven Conf, Joker, DevOps, Матемаркетинг и даже проводим собственную конференцию по архитектуре Hello, conference! полезные курсы и вебинары в корпоративном университете и электронные библиотеки.  А еще:  медицинскую страховку с 1 месяца со 100% покрытием расходов, включая стоматологию, страхование жизни и здоровья в поездках за рубеж. А еще можно застраховать родственников с корпоративной скидкой; доступ к сервису «Понимаю»: онлайн-консультации с психологом, юристом, экспертом по финансам или ЗОЖ; корпоративный и командный психолог в офисе и массажный кабинет; единую подписку МТС Premium — KION light в онлайн-кинотеатре KION, сервис МТС Music; скидки и предложения от партнеров на фитнес, занятия английским и прочее. ",Artifactory;CI/CD;Docker;Git;Kubernetes;Разработка деталей и узлов,DevOps-инженер,0,6-
107115889,UI/UX designer / Продуктовый дизайнер (Продукт ЛКП),"НЕМНОГО О КОМАНДЕ И ПРОЕКТЕ:У нас есть профессионалы разных профилей, с которыми всегда можно обменяться опытом и обсудить самые последние новости индустрии. Как одни из лидеров рынка финансирования жилищного строительства, мы уделяем пристальное внимание развитию удобных цифровых продуктов для людей.Мы активно растем и расширяем свою команду. У вас есть возможность стать участником команды профессионалов, объединенных амбициозными целями, принести свой опыт, влиять на результат и делать уникальный продукт.Позиция открыта в подразделении дизайна и клиентского опыта в Банке ДОМ.РФ. Направление работает над продуктами всей группы компаний ДОМ.РФ. Вакансия - в команде Личного кабинета партнера, направления ИпотекаЛичный кабинет Партнера - это сервис, который позволяет партнеру Банка подать заявку клиента на ипотеку, отслеживать статус, готовить клиента на сделку. Наш клиент в этом случае - это партнер Банка. Наша цель - сделать работу Партнера максимально удобной, понятной и логичной. Личный кабинет неразрывно связан с кредитным конвейером, в котором работают сотрудники Банка, с которым тебе также придется соприкоснуться.ЧЕМ ПРЕДСТОИТ ЗАНИМАТЬСЯ:Разрабатывать digital-продукт личного кабинета партнера, направления ипотека. Стать активным членом команды, создавать продукт и его ценность для клиентов и банкаПроектировать новые и развивать имеющиеся сервисы банка, основываясь на статистике и метриках в тесном взаимодействии с командой Понимать весь клиентский путь, уметь отрисовывать его в СJM и User Flow, выявлять точки роста и внедрять улучшения по немуАнализировать текущие решения, инициировать исследования, строить гипотезы и проверять ихПрезентовывать разработанные макеты, аргументируя свои решенияГотовить макеты для передачи в разработку и контролировать качество реализации интерфейсовПоддерживать и улучшать дизайн систему в плотной связке с командойНАШИ ПОЖЕЛАНИЯ К СОИСКАТЕЛЮ:Коммерческий опыт работы в сложных продуктах от 3 лет (не фриланс)Наличие качественного, актуального и структурированного портфолио (высоконагруженные интерфейсы и мобильные приложения)Готовность быстро погрузиться в специфику и цели продуктаПродвинутый опыт работы в Figma: работа с UI-библиотеками, чтение документации, следование гайдамУмение презентовать свою работу и обосновывать эффективность выбранных решенийИнициативность и умение брать на себя ответственность за выполнение поставленных задачБУДЕТ ПЛЮСОМ: Знание BPMN/UML нотацийРазработка CJM для продуктаОпыт в исследованиях по продуктуВАЖНАЯ ИНФОРМАЦИЯ:Для нас важно увидеть не концептуальные и учебные работы, а реальный опыт, который можно показать без нарушения NDA. Нам интересно узнать какие задачи проекта стояли перед вами, как вы справить с этим и почему выбрали именно эти решения</p>",BPMN;Figma;UI/UX Дизайн;Исследование клиентского опыта;Контроль качества;Работа в команде;Составление карты пути клиента (CJM);Статистическая обработка данных,DevOps-инженер,0,3-6
117142369,Инженер Linux (школа Linux Upscale),"Linux-инженер (обучение) НЕМНОГО О НАС K2 Cloud — это бизнес-юнит компании, предоставляющий клиентам облачные услуги. Мы занимаемся развитием нашего центрального продукта – К2 Облака. Это платформа собственной разработки, обеспечивающая надёжными сервисами более 500 компаний и позволяющая нам стабильно, из года в год расти и входить в ТОП-5 крупнейших облачных провайдеров в России. Наша миссия – делать К2 Облако самой стабильной и функциональной облачной платформой в России. Наш главный фокус – технологическое развитие облака, поэтому мы всегда ищем талантливых специалистов, которым интересна командная работа над собственным, уникальным продуктом. В апреле мы запускаем Linux Upscale — это программа обучения, где вы совместно с экспертами K2 Cloud прокачаете скиллы в Linux и обучитесь DevOps-практикам. И всё это с зарплатой во время обучения!Linux Upscale будет длиться два месяца - с начала апреля по конец мая. А по итогам успешного прохождения программы, будет возможность присоединиться к одной из команд K2 Cloud. Что вам предстоит после успешного прохождения школы:  Пройти начальный этап - настройка рабочего окружения и знакомство с ключевыми инструментами. Выполнить первые лабораторные работы; Анализировать инфраструктуру и бизнес-процессы заказчиков; Конфигурировать инфраструктурные сервисы: web-стек, СУБД, кэширование, очереди, HA-кластеры, проксирование, логирование и мониторинг, обеспечивая их стабильную работу. А если возникают сбои – оперативно их устранять; В перспективе принимать участие в on-call дежурствах (с дополнительной оплатой).  Что мы ждем от Вас по завершению школы:   Знание компьютерных сетей. Понимание принципов работы UNIX-систем и навыки администрирования. Интерес и стремление развиваться в роли инженера Linux: важно иметь опыт самостоятельного решения задач и изучения технологий. Навыки:   анализировать проблемы на основе логов ОС и приложений, а также работать с основными диагностическими утилитами;   при необходимости вручную развернуть необходимые сервисы. Мы ценим автоматизацию, но считаем, что она должна идти после глубокого понимания принципов работы системы.   Наш технологический стек: Мы работаем с инфраструктурами крупных компаний, поэтому используем широкий стек технологий: Linux, Nginx, Ansible, Terraform, Puppet, Docker, Kubernetes, MySQL, PostgreSQL, ELK (Elasticsearch, Logstash, Kibana), Zabbix и другие инструменты. Приятные бонусы на время прохождения программы Linux Upscale:   Бесплатное обучение с возможностью прокачать профессиональные навыки;   Трудоустройство с первого дня обучения на временной основе и возможность перейти в штат после успешного завершения школы;   Сочетание теоретических и практических задач на текущих проектах компании;   Возможность удаленного обучения или гибрида (посещение офиса для выполнения задач в рамках обучения).   Приятные бонусы после успешного прохождения Linux Upscale:   Здоровье. О нас заботятся в лучших клиниках города по расширенной программе ДМС с психологом, стоматологией и телемедициной 24/7. А ещё у нас есть внутренняя система консультирования и оперативной помощи по вопросам здоровья.   Удобный формат работы. Мы доверяем друг другу, поэтому у нас гибкое начало рабочего дня и вариативный формат работы: офисный, гибридный, удалённый.   Работа в компании с аккредитацией в Минцифре.   Покушать. В нашем офисе можно вкусно и бесплатно позавтракать, пообедать и даже поужинать. А в перерывах между этими приемами пищи можно перекусить на удобных кухнях, которые есть на каждом этаже, и где всегда найдутся чай, кофе и вендинговые аппараты здоровой еды.   Комфорт и парковка. Удобный офис в районе станций метро Римская / Площадь Ильича с большой бесплатной парковкой, на которой всегда найдётся местечко.   Спорт. Компания компенсирует абонемент в фитнес, а в офисе у нас есть спортзал с душевыми. Сотрудники могут посещать секции и организованные тренировки по различным видам спорта. Мы регулярно проводим турниры по футболу, баскетболу, настольному и большому теннису, волейболу.   Развитие и корпоративная жизнь. В офисе регулярно проводятся тренинги, семинары, лекции на самые разные темы. Мы поддерживаем сотрудников в желании развиваться и оплачиваем обучение и сертификацию. Мы придумываем более 100 корпоративных программ в год: совместные путешествия, праздники, тимбилдинги, клуб путешественников, случайный кофе, и т.п.   Данное описание вакансии не является офертой.</p>","Администрирование серверов и рабочих станций;Базовая работа с Linux;Компьютерные сети, маршрутизация, протоколы;Сетевой мониторинг и логирование;Управление базами данных",DevOps-инженер,0,0
113083454,Системный администратор Linux,"LEDsi Smart Innovations — торгово-производственная компания, которая занимается разработкой и внедрением светодиодных экранов и комплексных решений для автоматизации бизнеса, а также трансляции рекламы. С 2006 года мы помогаем предпринимателям делать свой бизнес ярче, а его рекламу заметнее: умные остановки, роботизированные системы выдачи заказов, кассы самообслуживания и терминалы, постаматы, огромные рекламные экраны и т.д. Приглашаем в группу компаний на постоянную работу Ведущего системного администратора Linux в единственном числе (DevOps инженер)! Обязанности:  Подготовка ПО с корректировками заказчика для конечной передачи продукта в работу заказчика; Сопровождение текущих информационных систем; Мониторинг, логирование и обеспечение высокой доступности сервисов; Обеспечение безопасности и соответствия стандартам; Выявление и устранение узких мест в производительности и надежности систем; Внедрение и поддержка процессов автоматизации тестирования и деплоя; Работа с базами данных (MySQL, PostgreSQL и др.)  Стек, с которым нужно уметь работать:  Docker Linux Bash GitLab Nginx PostgeSQL Kubernetes Git Redis  Наши условия:   Официальное трудоустройство;   Полностью белая заработная плата;  Гибридный формат работы - офис 2 раза в неделю, поэтому нам важно чтобы сотрудник проживал в Новосибирске;  Возможность гибридного графика - совмещение работы в офисе с работой из дома;   Соцпакет: компенсация спортзала, ДМС со стоматологией.     Завод Светодиодной Продукции LEDsi – это интересные проекты и задачи!Оставляйте свой отклик, приходите на собеседование и становитесь частью нашей команды! До встречи в LEDsi !</p>","DevOps;Docker;Gitlab;IaC-обработка;Kubernetes;MySQL;Nginx;PostgreSQL;Автоматизация бизнес-процессов;Автоматическое тестирование;Администрирование серверов и рабочих станций;Базовая работа с Linux;Взаимодействие с клиентами и заказчиками;Компьютерные сети, маршрутизация, протоколы;Работа с базами данных;Сетевой мониторинг и логирование",DevOps-инженер,150000,3-6
115594977,"C++ Expert Developer (trading, Linux)","Что за продукт?  Платформа для алгоритмической торговли цифровыми активами Представлена на всех крупнейших мировых криптобиржах Сбалансированное сочетание человеческого и искусственного интеллекта Высочайшая рыночно-нейтральная доходность для глобальной клиентуры (b2b)  Стек проекта: C++, Linux, Python, GitLab, Clickhouse, Kafka Чем предстоит заниматься: Качественная индустриальная разработка под Linux - написание чистого понятного кода: быстрая адаптация под изменение внешних API  Разработка и тестирование ПО на С++ с высокими требованиями к надёжности и скорости работы Рефакторинг, профилирование, оптимизация кода, исправление ошибок, инфраструктурные задачи Участие в реорганизации процессов разработки, тестирования, деплоя Анализ биржевых протоколов, поддержка новых требований со стороны бирж Участие в развитии торговых, исследовательских и аналитических платформ компании  Что мы предлагаем:  Оплата в USD Удалённая работа в европейской таймзоне (пересечение с командой с 10 до 14 UTC+3) Помощь при релокации в Грузию при необходимости (в т.ч. легализация и подъёмные)  Что мы ожидаем:  Глубокая экспертиза в продуктовой разработке API на С++ под Linux Основательные знания С++ и Linux, метапрограммирование и многопоточность Опыт работы с Kafka, ClickHouse, MongoDB, CI/CD (GitLab), CMake, Google Test Умение разбираться с проблемами в написанном коде Знание ООП, классических алгоритмов и структур данных, принципов SOLID Проактивность, самостоятельность, умение работать на результат Для оформления контракта - наличие ИП вне РФ&amp;РБ или готовность его оперативно оформить  Будет плюсом:  Опыт разработки торговых систем (системы управления ордерами, FIX etc) Навыки работы с CI/CD - gitlab, jenkins Знание протоколов TCP/UDP, HTTP/HTTP2, WS Опыт работы с Kafka, ClickHouse, CRTP, custom allocators, Conan Представление о низкоуровневой оптимизации ",API;C / C++;CI/CD;ClickHouse;CMake;Gitlab;MongoDB;Базовая работа с Linux;Обучаемость и адаптивность;Ответственность;Рефакторинг;Тестирование программного обеспечения,DevOps-инженер,402555,6-
108810522,Senior SRE / Системный Администратор Linux,"Rx2Go — логистическая компания, которая занимается доставкой формацевтики в США.Перед командой стоят разные задачи: от исследования и проверки гипотез, связанных с удобством пользователя, до реализации сложных комбинированных алгоритмов. Ежедневно мы осуществляем порядка десяти тысяч доставок с помощью вычисления ближайших маршрутов и распределения посылок по водителям в реальном времени.У нас есть несколько своих платформ, каждую из которых мы регулярно совершенствуем.Мы ищем опытного человека, который умеет настраивать сервера под высоконагруженные web-проекты.  Что нужно будет делать: – Подкючать в систему новые ноды; – Оркестрирование и мониторниг всех нод системы; – Крайне важна доступность 24/7 на момент аварии; – Документирование инфраструктурных изменение; – Мониторинг бекапов; – Мониторинг быстродействия; – Сопровождение web-сервисов и информационных систем компании; – Обеспечение бесперебойного функционирования корпоративных приложений; – Настройка, конфигурирование, сопровождение систем логирования и мониторинга (Zabbix, ELK, Prometheus, Loki, Grafana, VictoriaMetrics); – Автоматизация различных сервисов и процедур при помощи написания скриптов и инструментов автоматизации (Puppet/Ansible); – Написание pipeline в Gitlab для CI/CD; – Администрирование приложений в Docker; – Настройка взаимодействия приложений с другими корпоративными ресурсами; – Настройка и обслуживание IP-телефонии, включая VoIP и SIP; – Cкалирование и оптимизация MySQL; – Работа с Nginx Load Balancing; – Поиск и устранение проблем в работе приложений.   Что мы ожидаем от кандидата: – Уверенное понимание настроек MySQL;– Опыт репликации master-master, master-slave. Перманентные и инкрементальные бекапы в условиях кластерезации; – Уверенное понимание настроек Clickhouse, тюнинг, кеши запросов. Перманентные и инкрементальные бекапы в условиях кластерезации; – Управление парком серверов (в пределах 20 на данный момент); – Уверенное понимание sysctl; – Docker и виртаулизация; – VPN (IPSec); – Балансирование nginx, mysql;– Аналитические навыки для планирования инфраструктуры; – Опыт написания скриптов на любом удобном языке программирования (Python/bash); – Опыт работы с системами мониторинга (Zabbix, Prometheus, Grafana, VictoriaMetrics). Настройка и конфигурация; – Хорошие навыки диагностики и устранения проблем в работе приложений; – Английский язык от уровня Pre-Intermediate (чтение технической документации / разговорный является преимуществом); – Опыт работы в системах Jira / JSD.   Важно: Иметь возможность работы по часовому поясу EST Ежедневно присутствовать на митингах в ZOOM Учет рабочего времени с помощью тайм-трекера HubstaffОпыт работы на аналогичной должности от 3 лет Что мы предлагаем: – Работу в американской компании с реальным продуктом и доход в $ – Почасовая оплата - вы не будете ограничены в доходе – Удаленный формат работы: не имеет значения, в какой стране и городе ты живешь – Гибкое начало рабочего дня: мы работаем с понедельника по пятницу, у нас нет жесткого контроля за графиком, главное, чтобы задачи выполнялись вовремяКандидаты без сопроводительного письма рассматриваться не будут.С нетерпением ждем ваших заявок</p>",CI/CD;ClickHouse;Docker;ElasticSearch;Gitlab;Grafana;HAProxy;MySQL;Nginx;Python;VPN;Аналитическое мышление;Базовая работа с Linux;Исследование клиентского опыта;Работа с VoIP;Самоорганизованность;Сетевой мониторинг и логирование;Системы управления конфигурацией,DevOps-инженер,313099,6-
108054425,"DevOps-инженер (Linux, Salt-Stack)","О проекте: Мы — занимаемся разработкой сервиса управления конфигурациями и мониторинга удаленных хостов на базе SaltStack. Наша цель — предоставить клиентам эффективные и надежные инструменты для управления инфраструктурой. Обязанности: Разработка и поддержка инфраструктуры автоматизации на базе SaltStack. Настройка и оптимизация процессов CI/CD. Мониторинг производительности систем и обеспечение их стабильной работы Взаимодействие с командами разработки для интеграции новых сервисов. Разработка скриптов и модулей для автоматизации задач. Участие в проектировании, планировании и реализации архитектуры инфраструктуры. Работа с open source-программным обеспечением. Настройка систем мониторинга для отслеживания состояния серверов и предотвращения аварийных ситуаций.   Требования: Опыт работы в роли инженера DevOps от 3 лет. Опыт работы с SaltStack. Знание контейнеризации и оркестрации (Docker, Kubernetes). Опыт работы с системами контроля версий (Git). Знание языков скриптинга (Python, Bash). Понимание принципов управления конфигурациями и инфраструктуры как кода. Навыки работы в Linux-среде.",,DevOps-инженер,0,3-6
107118851,Linux Administrator,"Position Description As an infrastructure engineer at an international finance company, you utilize strong knowledge of software, applications, and technical processes within the infrastructure engineering discipline. Apply your technical knowledge and problem-solving methodologies across multiple applications of moderate scope.   Job responsibilities  Applies technical knowledge and problem-solving methodologies to projects of moderate scope, with a focus on improving the data and systems running at scale, and ensures end to end monitoring of applications Resolves most nuances and determines appropriate escalation path Executes conventional approaches to build or break down technical problems Drives the daily activities supporting the standard capacity process applications Partners with application and infrastructure teams to identify potential capacity risks and govern remediation statuses Considers upstream/downstream data and systems or technical implications Makes significant decisions for a project consisting of multiple technologies and applications Adds to team culture of diversity, equity, inclusion, and respect.​​​​  Required qualifications, capabilities, and skills  Strong knowledge of base compute infrastructure technologies disciplines such as server hardware and storage engineering, deployment practices, integration, automation, scaling, resilience, and performance assessments Drives to develop infrastructure engineering knowledge of additional domains, data fluency, and automation knowledge Deep knowledge of Linux Server Operating systems (Red Hat, Astra Linux, etc.) Deep knowledge of Active Directory Services and IAM tools Strong knowledge of Virtualization platforms (VMWare vSphere, MS Hyper-V) Strong knowledge of and Storage platforms (Dell, NetApp, EMC, Hitachi etc.) Strong knowledge of Data Backup systems (NetBackup, Cohesity, BackupExec etc.) Strong knowledge of Server Monitoring tools Strong knowledge of one or more scripting languages (e.g., Scripting, Python, etc.) Good command of English and Russian - both spoken and written.​​​​  What we offer:  Competitive salary Life and Medical insurance Meal allowance.​ ","Active Directory/LDAP;Администрирование Windows;Администрирование серверов и рабочих станций;Базовая работа с Linux;Визуализация данных;Виртуализация, облачная инфраструктура;Инжиниринг;Обеспечение информационной безопасности;Системы хранения данных",DevOps-инженер,0,1-3
115537770,Системный администратор (Linux) / DevOps Engineeer,"Привет, это Evercode Lab!  Мы разрабатываем высоконагруженные, безопасные и стабильные сервисы с многомиллионными MAU, что делает нас лидером международного финтех-рынка.  Сейчас мы находимся в поиске системного администратора в один из самых динамично развивающихся продуктов холдинга.Важно: позиция предполагает рост в DevOps-направлении. У нас настроен CI/CD, мы используем Jenkins и Gitlab, Ansible, Grafana для мониторинга, ELK. Если ты готов учиться и расти в этом направлении – мы идеально друг другу подходим :)  Чем предстоит заниматься: — Обеспечение бесперебойной работы сервисов — Настройка и поддержка систем мониторинга и сбора логов — Обработка инцидентов, восстановление после сбоев — Предупреждение и реагирование на DDoS атаки — Администрирование серверов и сервисов, используемых в работе Мы ожидаем: — Умение администрировать ОС на базе linux, в частности Ubuntu — Опыт работы на позиции сисадмина от 1 года — Опыт работы с Docker — Опыт удаленной настройки серверов — Желание развиваться в DevOps-направлении. Будет плюсом: — Знание devOps-инструментария: Ansible, CI/CD (Gitlab, Jenkins) etc.  Что мы предлагаем: — Оплачиваемая медицина и спорт, возможность взять day-off, для самых активных – йога в офисе — Мы не сторонники закостенелой бюрократии, официоза и 2-х часовых встреч: короткие итерации, быстрый time2market, MVP – наше всё — Открытость к экспериментам и тестированию самых смелых гипотез – от фикса процессов до полноценной бизнес-идеи  — Живые амбициозные продукты на одном из самых быстроразвивающихся рынков, работа с которыми – отличная возможность прокачать как харды, так и софты в x100  — Возможность роста по любым направлениям: как вертикально, так и горизонтально. Один из наших junior биздевов, пришедший к нам несколько лет назад, сейчас является CEO одного из продуктов ;)  — Живое комьюнити: мы фанаты своего дела, наша цель – перевернуть мир финансовых продуктов и быть лучшими на рынке To the moon! ⚡️ ​​​","CI/CD;DevOps;Docker;ElasticSearch;Gitlab;Grafana;MongoDB;PostgreSQL;Администрирование серверов и рабочих станций;Базовая работа с Linux;Желание развиваться;Компьютерные сети, маршрутизация, протоколы;Обеспечение информационной безопасности;Обучаемость и адаптивность;Сетевой мониторинг и логирование;Системы управления конфигурацией",DevOps-инженер,0,3-6
117350264,SysOps-инженер/Системный администратор Linux,"Холдинг «Газпром-медиа» формирует индустрию медиа в России более 25 лет. На сегодня бизнес компании охватывает все сегменты: телевидение, кино, производство и дистрибуция контента, цифровая среда, радио, пресса и продажи рекламы.Компания МТ-Технологии является ведущим игроком рекламного рынка и в едином окне реализует рекламный инвентарь активов Холдинга и его партнеров в ключевых медиа-сегментах: ТВ (спонсорство), радио, цифровая и наружная реклама.  В продуктовой команде Квант открыта новая позиция SysOps инженер в активно растущее направления Adtech-продукта DSP Getintent. DSP Getintent - платформа для проведения аукциона интернет рекламы. Продукт существует на рынке более 10 лет и тесно интегрирован с множеством рекламных платформ на российском рынке. С технической стороны:  Высоконагруженный продукт (более миллиона запросов в секунду); Наш стек: Bash, Python, Ansible, Puppet, SaltStack, Docker, ELK, OpenSearch, Nagios, Graphite, Carbon, StatsD, CollectD, Zabbix, Prometheus, Grafana, MySQL, PostgreSQL, MongoDB, ClickHouse, Kafka, Zookeeper, Schema Registry, RabbitMQ, Apache ActiveMQ, Redis, Aerospike, Apache Hadoop, Apache Airflow, Nginx, Proxmox (QEMU, KVM), MinIO. Стек разработки: Python, Ruby, Go, Java, JavaScript, TypeScript, PHP; Активное применение технологии Machine learning.   Задачи, которые предстоит решать:   Взаимодействие с техническими командами бизнес-заказчика, сопровождения, администрирования, разработки;  Введение в эксплуатацию, сопровождение физических и виртуальных серверов; Администрирование, конфигурирование и поддержка операционных систем, программного обеспечения на серверах производных от Debian, RHEL – Linux, преимущественно Ubuntu Linux; Развитие инструментов/систем SCM и подходов IaC; Развитие инструментов/систем мониторинга, логирования и аудита; Написание различных скриптов, кода на Bash, Python для автоматизации рутинных задач; Проактивная работа по предотвращению аварийных остановок серверов, отказов сервисов, обеспечением оперативной реакции на аварии и сбои.  Ожидания от кандидатов:  Опыт в администрировании Linux от 3-х лет; Понимание работы протоколов UDP/TCP/IP, DNS, HTTP/HTTPS; Понимание языка сериализации данных YAML и его синтаксиса; Знание и опыт работы с операционными системами на базе Debian, RHEL - Linux и их производных, преимущественно Ubuntu Linux; Знание и опыт работы с iptables; Знание и опыт работы с авторитарными, рекурсивными, кэширующими DNS; Знание и опыт работы с системой виртуализации Proxmox (QEMU, KVM); Знание и опыт работы с базами данных MySQL, PostgreSQL; Знание и опыт работы с веб-сервером Nginx; Знание и опыт работы с инструментами/системами централизованного управления конфигурациями программного обеспечения (SCM, IaC) на базе Ansible или SaltStack или Puppet; Знание и опыт работы с контейнеризацией на базе Docker, Docker Compose, Dockerfile; Знание и опыт работы с инструментами/системами: мониторинга, наблюдаемости, алёртинга, визуализации на базе Nagios + Carbon + StatsD + CollectD + Graphite + Grafana или Zabbix (+- Grafana) или Prometheus + Alertmanager + Exporters + VictoriaMetrics + Grafana; Знание и опыт работы c инструментами/системами: сбора данных, хранения, поиска, анализа, алёртинга, визуализации на базе Elasticsearch + Logstash + Kibana (ELK) или OpenSearch; Знание и опыт работы с инструментом мониторинга событий в OS Linux AuditD; Знание и опыт в написании скриптов, кода на Bash, Python; Умение читать и анализировать чужие скрипты, код на Bash, Python; Умение читать и желание писать документацию; Готовность к самообучению и саморазвитию.  Будет плюсом:  Знание и опыт работы с серверами на уровне железа в общем и целом; Знание и опыт работы с Hardware/Software RAID; Знание и опыт работы с построением отказоустойчивых, распределенных сетевых/серверных архитектур на базе BIRD, Keepalived, Pacemaker, Corosync, HAProxy; Знание и опыт работы с базами данных MongoDB, ClickHouse, Redis, Aerospike; Знание и опыт работы с брокерами сообщений Kafka, RabbitMQ, Apache ActiveMQ; Знание и опыт работы с распределёнными хранилищами данных Apache Hadoop; Знание и опыт работы с оркестратором обработки данных Apache Airflow; Знание и опыт работы с объектным хранилищем MinIO; Знание и опыт работы с системами контроля версий (Git); Знание и опыт работы с построением процессов CI/CD, Pipeline на базе GitLab, Jenkins; Знание и опыт работы с построением CDN.  Мы предлагаем:  Официальное трудоустройство, полностью белая заработная плата без задержек; Трудоустройство в аккредитованную ИТ-компанию; Удаленный формат работы; ДМС включая стоматологию сразу после испытательного срока; Корпоративные программы кредитования и страхования; Скидки на спорт, кино, языковые курсы.   ","Apache Airflow;DNS;Docker;Java/Kotlin/Scala;Javascript;Nginx;Proxmox;Базовая работа с Linux;Компьютерные сети, маршрутизация, протоколы;Работа в команде;Сетевой мониторинг и логирование;Системы управления конфигурацией",DevOps-инженер,0,3-6
113887702,Сетевой инженер Kubernetes [#MTC Web Services (MWS)],"MTC Web Services (MWS) — сервисы и продукты Enterprise-уровня для ИИ-экспериментов и цифровой трансформации бизнеса. Мы предлагаем передовые технологии, глубокую экспертизу, комплексную поддержку и надежную инфраструктуру, чтобы вы достигали новых высот. Среди наших решений: сетевые сервисы, сервисы по хранению, вычислению и информационной безопасности, PaaS-решения, корпоративные сервисы, приложения для разработчиков. MWS — больше, чем облако. Мы ищем сетевого инженера с опытом работы в Kubernetes для создания и поддержки сетевой инфраструктуры в нашей облачной платформе. Ваша роль будет заключаться в обеспечении надежной и масштабируемойсетевой среды, поддерживающей контейнерные приложения. Чем предстоит заниматься:  Управление и оптимизация сетей в Kubernetes с использованием CNI. Применение принципов DevOps и подхода Infrastructure as Code (IaC) для управления инфраструктурой. Автоматизация процессов и задач с использованием Bash, Go или Python. Сотрудничество с командами разработчиков и инженеров для улучшения сетевой архитектуры и внедрения новых технологий.  Что мы ждём от кандидатов:  Понимание принципов функционирования программно-определяемых сетей и CNI Kubernetes. Понимание концепций DevOps и управление инфраструктурой с использованием подхода IaC. Умение автоматизировать процессы и задачи с использованием Bash, Go или Python. Базовое понимание устройства сетей в ЦОД.  Будет плюсом:  Глубокое понимание принципов работы сети в Linux. Опыт работы с виртуальной и облачной сетевой инфраструктурой, понимание архитектуры облачных сервисов. Желание и умение покрывать все мониторингом с использованием Prometheus, Grafana, Kafka. Владение инструментами конфигурации сети Netplan, ifupdown, Network Manager. Знание инструментов логирования, мониторинга и аудита. ","Apache Kafka;DevOps;Golang;Grafana;IaC-обработка;Kubernetes;Python;Анализ данных;Базовая работа с Linux;Компьютерные сети, маршрутизация, протоколы;Сетевой мониторинг и логирование",DevOps-инженер,0,3-6
113888534,NetOps - автоматизатор в команду сетевых инженеров (#MTC Web Services (MWS)),"MTC Web Services (MWS) — сервисы и продукты Enterprise-уровня для ИИ-экспериментов и цифровой трансформации бизнеса. Мы предлагаем передовые технологии, глубокую экспертизу, комплексную поддержку и надежную инфраструктуру, чтобы вы достигали новых высот. Среди наших решений: сетевые сервисы, сервисы по хранению, вычислению и информационной безопасности, PaaS-решения, корпоративные сервисы, приложения для разработчиков. MWS — больше, чем облако. Мы ищем талантливого NetOps-специалиста для автоматизации процессов в команде сетевых инженеров. Ваша роль будет заключаться в создании и оптимизации CI/CD процессов, а также в автоматизации управления сетевой инфраструктурой для нашего облачного провайдера. Чем предстоит заниматься:  Разработка и поддержка скриптов и автоматизированных решений с использованием Python, Bash, Ansible (знание Go будет плюсом). Построение и оптимизация CI/CD процессов в GitLab. Применение принципов DevOps и подхода Infrastructure as Code (IaC) для управления сетевой инфраструктурой. Сотрудничество с сетевыми инженерами для интеграции автоматизации в повседневные процессы.  Что мы ждём от кандидатов:  Уверенные знания и опыт работы с Python, Bash, Ansible. Умение выстраивать и поддерживать CI/CD процессы в GitLab. Понимание концепций DevOps и управление инфраструктурой с использованием подхода IaC. Базовое понимание устройства сетей в ЦОД.  Будет плюсом:  Уверенные знания и опыт работы с Go. Опыт работы с виртуальной и облачной сетевой инфраструктурой, понимание архитектуры облачных сервисов. Опыт работы сетевым инженером или архитектором. ","CI/CD;DevOps;Gitlab;Golang;IaC-обработка;Python;Анализ данных;Базовая работа с Linux;Компьютерные сети, маршрутизация, протоколы;Системы управления конфигурацией",DevOps-инженер,0,3-6
115389662,Инженер внедрения и сопровождения ПО (Linux),"Компания «ЭвриТег» с 2008 года делает этот мир безопаснее и честнее. Мы ищем инженера внедрения и сопровождения программного обеспечения нашей линейки продуктов. Эвритег — это ИТ продукты, которые позволяют компаниям из РФ и СНГ безопасно работать с корпоративными документами. Благодаря собственной уникальной и запатентованной технологии, наши решения позволяют проводить автоматизированные расследования по фрагментам утекших документов, чем мы особенно гордимся.. Если вы хотите с нами менять этот мир и не боитесь сложных, но при этом интересных вызовов, — присоединяйтесь к нашей команде! Чем предстоит заниматься:  Устанавливать и настраивать ПО EveryTag на различных платформах; Разворачивать и настраивать ПО EveryTag в облачной инфраструктуре на базе Яндекс Облако; Исследовать поведения ПО в зависимости от изменений в ОС или аппаратных платформах; Принимать участие в проведении тестовых и нагрузочных испытаний в рамках разработки ПО; Принимать участие в подготовке отчетов по результатам проведения испытаний; Принимать участие в подготовке технической документации.  Наши пожелания к кандидату:  Навыки установки/настройки/администрирования серверов на базе семейства ОС Linux (Ubuntu/RHEL) обязательно, знание различных менеджеров пакетов, умение проводить установки без доступа к репозиториям, с учетом зависимостей и т.д. Навыки работы с Docker, Docker-Compose, Kubernetes горячо приветствуются; Опыт написания скриптов на Bash, Python и прочих так же будет полезен; Опыт работы с Nginx; Понимание что такое LDAP (MS Active Directory, OpenLDAP etc.); Опыт взаимодействия с разработчиками ПО и владение инструментами мониторинга и отладки желателен.  Что мы предлагаем:  Достойный уровень заработной платы (обсуждается с успешными кандидатами); Официальное оформление по ТК РФ; На испытательный срок график работы в офисе 5/2, после испытательного срока гибрид 2 дня в неделю (вт-чт, на выбор); Уютный, комфортабельный офис в новом бизнес центре в шаговой доступности от парка Поклонная гора и станции метро Минская; В офисе вкусный чай, кофе, шоколад, печенье, свежие фрукты для создания и поддержания тонуса и хорошего настроения; Завтраки до начала рабочего дня; Компенсация сотовой связи всем сотрудникам; Ежегодная индексация заработной платы; Оплата 100% больничного листа (14 календарных дней в год); Подарки от компании на День Рождения сотрудников, значимые даты; Подарки детям сотрудников на НГ; Новогодняя премия (по итогам работы компании); Яркая корпоративная жизнь: выездные мероприятия, совместные праздники, квизы, мастер-классы и корпоративы; Компенсация обучений, необходимых для развития профессиональных компетенций; Молодой и дружный коллектив; Работа в аккредитованной ИТ-компании. У нас хорошо и много работы!   ","Active Directory/LDAP;Docker;Kubernetes;Nginx;Python;Администрирование серверов и рабочих станций;Базовая работа с Linux;Ведение отчетности;Виртуализация, облачная инфраструктура;Испытания приборов и оборудования;Компьютерные сети, маршрутизация, протоколы;Проведение испытаний образцов;Разработка программного обеспечения;Разработка технической документации",DevOps-инженер,150000,3-6
110609460,Системный инженер (PostgreSQL/Postgres PRO и Linux),"SMART technologies - команда IT заботы Компания SMART technologies входит в российскую группу компаний IT-сектора. Разрабатываем и внедряем инфраструктурные решения, осуществляем сервисную поддержку информационных систем для государственных и корпоративных заказчиков. Мы вошли в ТОП самых эффективных IT-компаний и не останавливаемся на достигнутом Сейчас мы находимся в поиске одной важной части нашей команды – Системный инженер. Будем рады видеть:  Опыт администрирования реляционных СУБД, прежде всего PostgreSQL/Postgres PRO;  Опыт работы с разными дистрибутивами Linux от 3-х лет, предпочтительно Red Hat Linux и его клоны;   Желателен опыт разработки под Linux с использованием PostgreSQL/Postgres PRO как СУБД;   Желателен опыт работы с аналитическими инструментами BI и их администрирования, в первую очередь с точки зрения оптимизации запросов к БД;   Знакомство с технологиями аппаратных ускорителей работы СУБД (в частности, IBM Netezza).   Будет плюсом наличие сертификатов:  Администратор Linux (Red Hat, Debian, SUSE, любые их российские клоны); Администратор/разработчик PostgreSQL/Postgres PRO (опыт с другими реляционными СУБД является плюсом);  Ключевые задачи:  Проведение работ по поддержанию работоспособности компонентов и модулей Систем заказчика в части Linux и PostgreSQL/Postgres PRO; Аудит эксплуатации компонентов и модулей Системы в части Linux и PostgreSQL/Postgres PRO; Консультационное сопровождение компонентов и модулей Системы в части Linux и PostgreSQL/Postgres PRO; Выполнение заданий руководства, как в части целевого Заказчика, так и прочих.  Что предлагаем:   Оформление в первый рабочий день в соответствии с ТК РФ;   Полностью белая обсуждаемая ЗП, 28 дней оплачиваемого отпуска;   ДМС после прохождения испытательного срока;   График работы: 5/2 (сб, вс - выходные) - формат офис;   Корпоративный тренер по йоге для сотрудников (проведение групповых занятий), также корпоративные скидки на спорт в нашем бизнес-центре;   Корпоративные скидки на Яндекс Практикум;   Дружелюбная атмосфера и команда профессионалов;   Все для саморазвития: поддерживаем в повышении квалификации и прохождении дополнительного обучения за счет компании;  Работа на площадке Заказчика, м. Савеловская. ",,DevOps-инженер,0,3-6
117512824,Дизайнер презентаций,"Postgres Professional — входит в ТОП-100 IT-компаний России. Мы разрабатываем самую популярную систему управления базами данных в стране — Postgres Pro. А еще — мы №1 в России и №2 в мире по вкладу в открытую СУБД PostgreSQL: обходим Google, Amazon, Fijitsu, Apple и не только. Секрет успеха Postgres Pro — опыт и знания нашей команды. В Postgres Professional работает больше 300 человек, включая всемирно известных программистов, которые внесли огромный вклад в развитие международных IT-проектов. Мы любим сложные и интересные задачи, воплощаем новое и определяем развитие отрасли СУБД в России. Мы активно растем, и поэтому сейчас мы ищем к нам в команду Дизайнера презентаций. Чем предстоит заниматься:   разработкой новых шаблонов презентаций (технических, маркетинговых, hr, образовательных проектов) и шаблонов для публичных мероприятий (конференций, митапов);   версткой презентаций по гайдам с учетом фирменного стиля компании;   переработкой сложных данных, большого количества контента и текста, структурирование информации с учетом логики и содержания для максимальной эффективности восприятия;   созданием инфографики, схем, таблиц, таймлайнов и отрисовка иллюстраций, иконок;   отбором и обработкой фото;   редактированием готовых презентаций спикеров перед мероприятиями;   консультированием сотрудников по вопросам визуализации и улучшения презентаций, а также помощь в редактировании в случае использования разного ПО.   Мы ожидаем:   коммерческий опыт от 2 лет;   опыт работы с PowerPoint, Google Slides, Keynote, Figma, Adobe Illustrator, Adobe Photoshop;   высокие коммуникативные навыки, умение работать с дедлайнами, умение находить новые идеи и делать ресерч;   Будет плюсом:   опыт работы с Р7-Офис, OpenOffice Impress, LibreOffice Impress.   Условия:  удаленка, гибрид или офис в шаговой доступности от м. Академическая (Москва); гибкое начало рабочего дня; возможности для профессионального развития; обучение – оплачиваем внешние обучающие программы и компенсируем затраты на посещение конференций; медицинское страхование сотрудника (+1), компенсацию спортивных активностей и затрат на оборудование удаленного рабочего места, занятия английским языком, технику для работы, обеды в офисе и др.    ​​",Adobe Acrobat;Figma;Keynote;Microsoft PowerPoint;Визуализация данных;Консультирование и ведение клиентов;Методическая работа;Обработка и ретушь фотографий;Разработка айдентики бренда;Фотосъемка,DevOps-инженер,0,3-6
e164b521-71a9-11ef-8511-25abf1fceba2,Системный администратор Linux,"Обязанности: Настройка и обслуживание Zabbix, Prometheus, Grafana; Реагировать на систему мониторинга и решать инциденты; Решать задачи связанные с Linux, LVM, Docker, Ansible, Gitlab CI/CD, Clickhouse, MSSQL, k8s, HAproxy, nginx, AD и прокачивать свой скилл. Требования: ​​​​​​​ Уверенный пользователь Linux. Опыт работы в командной строке, базовый text processing(grep, head, cut, sed, awk). Умение читать логи. Понимание принципов работы HTTP, SNMP, DNS, FTP, СУБД Опыт работы с системами мониторинга Zabbix, Prometheus, Grafana Желательно понимание работы Docker, умение писать плейбуки ansible, знакомство с k8s Опыт работы с системами CI/CD (у нас Gitlab CI и Jenkins) Условия: ​​​​​​​ Для нас важны результаты, а не просто время, проведенное в офисе. Предлагаем гибкое начало и окончание рабочего дня; Возможна полная удалёнка; Идеальный офис существует: стильное пространство, фотографии которого впечатлят ваших друзей. Просторный и зеленый open space недалеко от ст.м. Балтийская; Поддерживаем тех, кто любит брать новые высоты. У нас вы найдете то, с чем еще не работали, а значит сможете прокачать свои скиллы; Свой тренажерный зал с тренером; Прекрасные возможности для роста и развития. Поощряем желание учиться. Действует несколько образовательных проектов и часто приглашаем интересных спикеров; Заботимся о здоровье: ДМС после 6-ти месяцев, офисный врач, а еще классы по йоге и поддержка спортивных команд; Быть ближе к модной индустрии легко: 50% скидка на коллекции брендов ZARINA, Befree, LOVE REPUBLIC, sela и IDOL; Предоставляем доступ на сервис скидок для сотрудников Best Benefits; Практикуем раздельный сбор мусора, утилизацию батареек и переработку одежды; И, конечно, официальное оформление, «белая» зарплата, отпуск и больничные.
","AWK;CI/CD;DNS;Docker;Gitlab;Grafana;Javascript;Kubernetes;Microsoft SQL Server;Базовая работа с Linux;Компьютерные сети, маршрутизация, протоколы;Работа в команде;Работа с почтовыми протоколами;Сетевой мониторинг и логирование;Системы управления конфигурацией;Управление базами данных",DevOps-инженер,0,0
106794815,DevOps/linux/ansible/python/golang," Команда Центра экспертизы разработки и сопровождения систем приглашает кандидатов в Стрим Качество на Роль DevOps   Наши ожидания от инженера:  хорошо знаком с linux-системами (на уровне администратора) может спроектировать пайплайн, отвечающий жизненному циклу приложения может с нуля разработать и поддерживать роль ansible / конфигурацию terraform разрабатывает скрипты на bash может написать утилиту на python/golang понимает, как работают разные MQ/distributed log системы имеет опыт работы с различными СУБД (предпочтение postgresql), может сделать запрос. имеет опыт работы с kubernetes/openshift  Будет плюсом:  Умение быстро ориентироваться в новых для себя языка программирования Знакомство с Kotlin/KotlinDSL Хороший скил по документированию собственной работы  Чем предстоит заниматься:  Разбор обращений пользователей в зоне ответственности. Поддержка и разработка кода в рамках IaaC Эксплуатация инструментов DevOps текущего стека: teamcity/bitbucket/nexus/sonarqube Исследование инцидентов производительности и безопасности в зоне ответственности. Практическое использование данных систем логирования и мониторинга. Создание и улучшение инструментов и процессов devops исследование и оптимизация пайплайнов и технологического стека  Нужна готовность работать дистанционно в режиме Мск времени Почему мы? У нас круто!• По-настоящему живая и увлечённая команда;• Премии и бонус к отпуску;• ДМС со стоматологией с первого месяца;• Внутреннее и внешнее обучение;• Отпуск 33 дня;• Скидки на фитнес, массаж, авиабилеты и многое другое ",DevOps;Git;Golang;Java/Kotlin/Scala;Kubernetes;PostgreSQL;Python;SonarQube;Базовая работа с Linux;Разработка программной документации;Сетевой мониторинг и логирование;Системы управления конфигурацией;Управление базами данных,DevOps-инженер,0,3-6
108040035,System Analyst - Web3/Blockchain,"Haqq Network is at the forefront of blockchain technology, focusing on innovative solutions in the Web3 space. We are seeking a highly skilled and motivated System Analyst to join our dynamic team. Position Summary: As a System Analyst at Haqq Network, you will play a crucial role in analyzing, designing, and implementing blockchain-based solutions. You will work closely with our development team to ensure the seamless integration of various Web3 protocols and technologies. Key Responsibilities:  Create detailed development tasks and prepare comprehensive documentation. Conduct independent system analysis within a collaborative team environment. Perform in-depth research, analysis, and technical documentation related to Web3 protocol integrations and solutions. Review and ensure compliance of internally developed backend systems, front-end interfaces, and smart contracts. Effectively communicate and collaborate within a fully distributed team. Gather disparate data and requirements, synthesizing them into coherent tasks and actionable plans.    Required Qualifications:  Extensive experience in the Ethereum ecosystem, with proficiency in Solidity and familiarity with Ethereum standards (e.g., ERC721, ERC1155, EIP712). Strong development skills, including experience with SQL and NoSQL databases. Solid understanding of algorithms and data structures. Proficiency in web services principles, backends, and APIs (SOAP, REST), with the ability to perform various HTTP requests. Previous experience in the blockchain industry, particularly with networks, decentralized exchanges (DEX), liquidity protocols, and oracles. Demonstrated ability to work autonomously and take full responsibility for tasks and projects. Genuine passion for blockchain technology and its applications. Proven track record of professionalism and commitment to delivering high-quality work. Proficiency in both Russian and English (minimum B2 level in both languages).    Preferred Qualifications:  Experience with Cosmos networks (BFT consensus) and the Inter-Blockchain Communication (IBC) protocol. Familiarity with testing methodologies and tools. Experience with blockchain development tools such as OpenZeppelin, ethers.js, Hardhat, and Truffle.    What We Offer:  Opportunity to work on cutting-edge blockchain technology. Fully remote work environment with a distributed team. Competitive salary and benefits package. Professional growth and development opportunities.    Please submit your resume, a cover letter detailing your relevant experience, and any portfolio or project examples that showcase your skills in blockchain development and system analysis.","API;Back-end разработка;Front-end разработка;NoSQL;Python;SAP;SolidWorks;SQL;Знание базовых принципов разработки;Компьютерные сети, маршрутизация, протоколы;Научно-исследовательская работа;Работа с Blockchain и цифровыми финансовыми активами;Системный анализ;Управление проектами",DevOps-инженер,268370,3-6
117349086,Tech Lead Linux Kernel в команду Compute [МТС Web Services (MWS)],"MTС Web Services (MWS) — облачные сервисы для решения задач вашего бизнеса. Мы предоставляем сетевые сервисы, продукты длявычисления, хранения и обработки данных, PaaS-решения, инструментыкибербезопасности, профессиональные сервисы и ИИ-решения. Мы также инвестируем в создание публичной облачной платформы собственной разработки, которая станет доступна в 2025 году. MWS — через облако к новым высотам. Команда Compute разрабатывает проект infrastructure-as-a-service (IaaS). Это базовый компонент Облака (CloudMTS), который позволяет пользователю получить виртуальные машины и использовать их. Мы создаем для пользователей базовую ценность по получению вычислительных ресурсов. Наша команда тесно взаимодействует с командой физической инфраструктуры, командой сети и командой системы хранения. Compute объединяет результаты работы этих команд в единый ценный для пользователей продукт. В нашей команде происходит работа над тремя направлениями:  Слой управляющих сервисов, написанный на kotlin (и java), используется spring, популярные open source библиотеки, а в качестве базы данных - PostgreSQL. Агент управления хостом, написанный на Go, тесно взаимодействует с системными компонентами Виртуализация — на базе QEMU, spdk, dpdk  В команде есть возможность выбрать язык и область ответственности, например, можно решать задачи во всех направлениях. Код и сборка - Git и GitLab CI, деплой будет в k8s и в виде infrastructure as code. Чем предстоит заниматься:  Оптимизацией механизмов виртуализации на стыке QEMU и Linux kernel; Оптимизацией сетевого стека на стыке с virtio, vpp; Виртуализация GPU; Использование arm64 серверов, как платформы для виртуальных машин; Гипервизор KVM/QEMU, vhost-user, microvm (для serverless containers, аля Firecracker).  Что мы ждём от кандидатов:  Релевантный опыт в разработке от 5 лет и в роли Tech Lead от 2 лет; Умеете растить и развивать команду; Проектировали, разрабатывали и эксплуатировали высоконагруженные распределённые сервисы; Интересуетесь облачными технологиям и технологиями хранения данных в частности и готовы их углубленно изучать; Будет плюсом опыт работы с большими облаками (AWS, Azure, GCP, Yandex Cloud) и Kubernetes.  Условия:  Гибридный или полностью удаленный формат; ДМС с первого месяца работы, включая стоматологию. А ещё оплачиваем 50% стоимости полиса ДМС для родственников; Страхование от несчастных случаев с 1-го месяца работы. Материальная помощь в сложных жизненных ситуациях; Мобильная связь за счёт компании и льготные тарифы для близких; Подписка на online-кинотеатр KION, сервис МТС Музыка, книжный сервис Строки от МТС, безлимитные мессенджеры и соцсети; Скидки и предложения от партнеров на фитнес, занятия английским и прочее. ","CI/CD;Gitlab;PostgreSQL;Базовая работа с Linux;Виртуализация, облачная инфраструктура;Компьютерные сети, маршрутизация, протоколы",DevOps-инженер,0,6-
115232020,Linux инженер (облачные сервисы),"Мы разрабатываем и эксплуатируем облачные сервисы фирмы «1С», которыми пользуются сотни тысяч пользователей. Ищем в команду опытного специалиста, готового активно участвовать в развитии инфраструктуры и надежности облачных решений. Чем предстоит заниматься:  Администрирование и поддержка облачной и onprem-инфраструктуры (тысячи VM + аппаратные серверы) Построение и развитие CI/CD процессов для десятков сервисов Взаимодействие с разработчиками и участие в проектировании архитектуры приложений Внедрение и развитие SRE-практик и процессов в команде Развертывание и сопровождение инфраструктурных компонентов сервиса (системы мониторинга, оркестрации и т.д.) Конфигурирование, мониторинг, траблшутинг и оптимизация сервисов Автоматизация регулярно выполняемых действий  Ищем специалиста, который имеет обширный опыт работы:  с облачной инфраструктурой (IaaS, Terraform) с Linux, сетями и контейнеризацией (systemd, vxlan/bridge/etc., iptables, cgroups, Docker, K8s) c выстраиванием CI/CD-процессов (Gitlab CI/Jenkins/Github Actions/Teamcity/etc.) с reverse прокси (Nginx/HAProxy/etc.) с системами управления конфигурациями (Saltstack/Ansible/Chef/etc.) с observability-стэками (Prometheus, Loki/EFK, Tempo/Jaeger/OpenTelemetry) с разработкой на ЯП общего назначения (C++/Python/Java/Go  Дополнительно приветствуется экспертиза в:  эксплуатации СУБД (PostgreSQL/Mysql/Clickhouse и подобные) эксплуатации SDS (ceph, glusterfs, drbd/linstor) эксплуатации оркестраторов (Kubernetes/Swarm) администрировании платформы 1С:Предприятие (+ наличие сертификатов 1С)  Предлагаем:  офис в 5-ти минутах ходьбы от м. Тимирязевская гибридный график работы (команда встречается в офисе 2 раза в неделю) зоны отдыха и кофе-поинты стабильную и конкурентоспособную заработную плату расширенный социальный пакет (хорошо решены вопросы медицинского обслуживания (страхования), питания, проезда) тренажерный зал в офисе охраняемая парковка для сотрудников на территории офиса Отсутствие ночных дежурств ","CI/CD;DevOps;Docker;Git;Gitlab;Grafana;HAProxy;Java/Kotlin/Scala;Kubernetes;Nginx;Python;Terraform;Виртуализация, облачная инфраструктура;Использование моделей IaaS, PaaS, SaaS;Работа с платформами для распределенной трассировки;Разработка программного обеспечения;Сетевой мониторинг и логирование;Системы управления конфигурацией",DevOps-инженер,0,1-3
108455704,Стажер DevOps / Linux администратор,"Тебе нравится Linux? Умеешь настраивать его под себя, а в монохромной консоли видишь безграничные возможности для реализации любых идей и задач? Тогда тебе к нам! Мы — Nixys. Команда профессионалов системного администрирования и DevOps из Сибири. Более 12 лет обеспечиваем круглосуточную техподдержку серверов HighLoad web-проектов, строим отказоустойчивые инфраструктуры и внедряем лучшие практики CI/CD. Сейчас мы ищем классного стажера DevOps.  Чем ты будешь заниматься?   Работать с сервисами LAMP + Nginx стека и базами данных, развертывать новые сервисы в Docker, настраивать системы мониторинга, а также траблшутить ОС Linux;   Реагировать на мониторинг, описывать происшествия и решать задачи на разных проектах;   Взаимодействовать с техническими командами по различным методологиям (agile, scrum);   Много учиться, узнавать, изучать и применять на практике. Уже через год ты будешь использовать в работе k8s, GitLab CI, Helm, Terraform, Ansible и другие open source инструменты (PrometheusStack, ELK, Wazooh и др.) и сможешь сопровождать высоконагруженные проекты.   Про скиллы и ценности:   Мы болеем за DevOps, поэтому технические знания и навыки для нас на первом месте. Круто, если ты уже использовал ОС Linux и ПО для работы с web-проектами (Nginx, Apache, MySQL, PHP-FPM, Docker и другие). Высшее техническое образование — будет преимуществом.   Ценим стремление к развитию и профессионализму. Ты интересуешься новыми технологиями, хочешь улучшать процессы, обмениваться опытом с коллегами, развивать open source инструменты.   Умеем договариваться и работать в команде. Ты умеешь шутить, можешь посмеяться над собой, честно даешь обратную связь и открыто обсуждаешь процессы :)   Что мы предлагаем?   Аккредитованная ИТ-компания, официальное трудоустройство на срочный трудовой договор на 3 месяца с возможностью продления по итогам стажировки.    Заработная плата на позиции стажера — 30 000 рублей с повышением до 60 000 рублей в первые полгода работы. В дальнейшем — зарплата на уровне рынка.   Наставник, который поможет в освоении профессии и погружении в работу.   Внутренняя система грейдов и прозрачный рост — как в навыках, так и в зарплате.   Множество разноплановых задач, интересные проекты и работа с самыми современными технологиями — ты всегда востребован на рынке.   Безграничные возможности для развития: карьерный рост в руководителя команды, технического лидера или эксперта — с учетом твоих желаний и способностей.   Сменный график работы 5/2 с плавающими выходными (дневные, вечерние и ночные смены).   Возможности гибридной или удаленной работы спустя год работы.   Регулярное посещение профильных конференций за счет компании и корпоративный английский.   Весёлая драйвовая команда и интересная закулисная жизнь: поездки в Шерегеш, на Алтай, тусовки в офисе.   Кстати, удобный, просторный и полный плюшек офис на набережной у метро Речной вокзал.   После отклика (hh, почта или TG):   Небольшой звонок с HR, где сможешь задать все вопросы по вакансии.   Тестовое задание.   Собеседование с Team Lead.   Оффер :)   Откликайся, чтобы вместе менять отрасль к лучшему! :) </p>","Apache;CI/CD;DevOps;Docker;ElasticSearch;Gitlab;Kubernetes;MySQL;Nginx;PHP;Terraform;Администрирование серверов и рабочих станций;Базовая работа с Linux;Коммуникативная грамотность;Компьютерные сети, маршрутизация, протоколы;Обучаемость и адаптивность;Работа в команде;Сетевой мониторинг и логирование;Системы управления конфигурацией;Техническая поддержка пользователей;Управление проектами;Целеустремленность",DevOps-инженер,60000,0
116014371,Linux инженер/Инженер средств защиты информации,"Отдел услуг администрирования - команда инженеров, разработчиков и архитекторов, мы занимаемся построением и сопровождением информационных систем для клиентов компании, а также придерживаемся современных практик (DevOps - наше все!), не боимся сложностей (а сколько сервисов у тебя в кластере?) и обожаем все автоматизировать. Мы любим потестить что-нибудь новенькое, но в прод пускаем только то, в чем железобетонно уверены! Приглашаем SRE инженера в нашу команду, с которым вместе пройдем огонь, воду и СI-пайплайны и вместе затащим не один классный проект!   Основные задачи  Проектирование, развертывание и перенос инфраструктур клиентов на мощности Selectel  Развитие и поддержка инфраструктур клиентов на базе Linux   Развитие инструментов автоматизации   Внедрение и развитие средств защиты информации   Построение процессов постоянной интеграции и разработки (CI/CD)   Разработка и поддержка внутренних сервисов отдела   Создание документации по инфраструктуре и процессам, а также поддержка её актуальности   Мы ожидаем  Опыт работы с облачными провайдерами Опыт работы со средствами защиты информации (Usergate, Secret Net Studio, vGate) Опыт администрирования систем Linux (Debian-based) Опыт администрирования кластеров СУБД (PostgreSQL/MySQL) Опыт администрирования web-серверов (Nginx/Apache) Опыт автоматизация настройки серверов с помощью ansible Ansible Опыт описания инфраструктуры проекта при помощи Terraform Понимание работы сетей (OSI, TCP/IP, VPN, VLAN, маршрутизация) и навыки траблшутинга Понимание работы систем контроля версий Git Владение скриптовыми языками для автоматизации  +100 к резюме  Опыт работы с Gitlab CI Опыт работы с продуктами компании Astra (ОС Astra Linux, ALD Pro, Termidesk, Tantor) Опыт работы с системами мониторинга и сбора диагностических данных (ELK/Grafana/Prometheus/Zabbix) Уверенное знание Docker, а также понимание основных принципов CI/CD Базовые знания k8s  Условия:   Оформление в официально аккредитованную IT-компанию   Белая заработная плата   Годовая премию по результатам работы до 15% от суммарного оклада за 12 месяцев   30 000 бонусных рублей на услуги компании ежегодно   Релокационный бонус при переезде   Бесплатные обеды и кофе-брейки   Гибкое начало рабочего дня (до 12:00)   Современный офис в 10 минутах пешком от м. Московские ворота и своя парковка (и для велосипедов тоже)   Гибридный формат работы (офис/удаленка)  ","Apache;CI/CD;MySQL;Nginx;PostgreSQL;Terraform;vGate;VPN;Администрирование серверов и рабочих станций;Базовая работа с Linux;Компьютерные сети, маршрутизация, протоколы;Маршрутизация;Поиск и привлечение новых клиентов;Системы управления конфигурацией;Техническая поддержка пользователей",DevOps-инженер,0,1-3
115742020,Инженер Linux / Middle Devops,"Мы, Southbridge, работаем с 2007 года. Строим и поддерживаем ИТ-инфраструктуру средне и высоконагруженных проектов, более 1000 серверов на поддержке. Инженеры в Southbridge работают в командах по три человека. У нас нет проектных менеджеров, команды общаются с клиентами напрямую и сами организуют свой процесс, договариваясь внутри – для нас как компании в первую очередь важна стабильная работа проектов наших клиентов. Мы в поиске талантливых инженеров, которые хотят расти и развиваться вместе нами. Главное для нас - это строить и поддерживать различные решения для наших клиентов и обеспечивать высокий уровень обслуживания. Мы предоставляем возможность выбрать направление/технический стек или проекты. Мы за то, чтобы заниматься тем, что действительно нравится, и самостоятельно корректировать направление своего развития. Мы обычно работаем со следующим стеком:— Linux;— СУБД (SQL, NoSQL);— Cкриптовые языки (Bash, Python);— Cтек веб-технологий (Nginx, Apache, php-fpm);— Cредства виртуализации (Systemd-nspawn, OpenVZ, KVM);— Мониторинг, опыт работы с Zabbix или Prometheus;— Infrastructure as Code (Ansible, Terraform);— Gitlab.Вместе с командой вам предстоит:— Поддерживать и мониторить клиентские сервера;— Устранять узкие места в архитектуре проектов, участвовать в выработке решений;— Общаться и взаимодействовать с клиентами;— Строить и автоматизировать процессы, взаимодействовать с разработчиками;— Повышать отказоустойчивость систем и масштабировать проекты;— Изучать и внедрять новые технологии, сервисы и инструменты. Требования:  Опыт работы в технической поддержке (будет плюсом); Опыт работы с несколькими проектами; Опыт работы с аппаратным и софтовым RAID; Опыт траблшутинга Linux серверов; Опыт работы с веб-стеком LAMP/LEMP; Опыт работы с Nginx; Опыт работы с Ansible (будет плюсом); Грамотная письменная и устная речь; Желание расти и развиваться с командой.  Работать у нас хорошо, потому что:  Интересно: работаете с разными проектами и прокачиваете хард-скилы; Уровень дохода напрямую зависит от количества клиентов и навыков; Мы являемся аккредитованной IT компанией, есть возможность получения льготной ипотеки; У нас минимум бюрократии - мы работаем в первую очередь на результат; Можно проходить любые обучающие курсы нашего партнера «Слёрм» бесплатно; Мы работаем полностью удаленно, готовы предложить официальное трудоустройство в штат с первого дня.  При отборе кандидатов у нас предусмотрено тестовое задание, оно даст возможность оценить, насколько рабочие задачи вам будут интересны. Также выполненное задание позволит наглядно продемонстрировать ваши навыки и умения в работе. Это поможет сэкономить ваше и наше время и понять, подходим ли мы друг другу.    ","DevOps;Docker;Gitlab;Kubernetes;NoSQL;PHP;Python;SQL;Terraform;Администрирование серверов и рабочих станций;Базовая работа с Linux;Взаимодействие с клиентами и заказчиками;Виртуализация, облачная инфраструктура;Коммуникативная грамотность;Сетевой мониторинг и логирование;Системы управления конфигурацией;Техническая поддержка пользователей",DevOps-инженер,200000,1-3
115603323,Администратор Linux,"QSOFT – российский digital-интегратор с экспертизой в AI и ML, лидер в сфере веб-разработки высоконагруженных проектов для среднего и крупного бизнеса и госструктур. 20 лет мы выступаем партнером по цифровой трансформации для крупных компаний, помогая им снижать операционные затраты, увеличивать скорость принятия решений за счет данных. Команда ищет сильного Администратора Linux. Что мы ожидаем:   Умение написать Bash/Python скрипт;   Понимание устройства сети, и опыт написания конфигов Nginx;   Опыт работы с Kubernetes;   Опыт администрирования СУБД postgresq/mysql и популярных key-value решений;   Опыт подготовки и развертывания приложений на PHP/JavaScript/Go/Python;   Опыт работы в роли DevOps-инженера и с CI/CD-системами (используем GitLab + Ansible);   Навыки настройки MySQL и PostgreSQL для высоконагруженных продакшен-систем (включая репликацию и шардирование);   Хорошее понимание систем мониторинга Zabbix и Prometheus, Grafana, Alertmanager;   Будет плюсом опыт работы с Docker Compose.   Чем предстоит заниматься:   Администрирование физических и виртуальных серверов на Linux.   Обеспечение функционирования серверных приложений (обработка инцидентов, мониторинг с помощью Zabbix, Prometheus, Grafana и других инструментов).   Создание и поддержка CI/CD сценариев (сотрудничество с командой разработки).   Управление правами доступа пользователей (к серверам, VPN и прочему).   Регулярный аудит безопасности и технологической инфраструктуры.   Ведение документации и разработка инструкций.   Что мы предлагаем:  базу: оформление по ТК РФ и его полное соблюдение (оплачиваемые отпуска, больничные), бонусы работы в аккредитованной IT-компании. Оплачиваем переработки, если они случаются, но стараемся их не допускать:) оплатим внешние курсы, дадим корпоративную скидку на обучение английскому. Если ты junior - дадим наставника и внутреннее обучение, а если middle/senior - дадим возможность выступать на конференциях, проводить обучения (при твоем желании, конечно), участвовать в митапах и вебинарах. Нам хочется развивать экспертность каждого сотрудника! реально крупные (минимум полгода разработки) и реально интересные проекты, которые меняют мир к лучшему. Мы используем разные технологии и стэки, поэтому ни один проект не похож на другой, и в каждый мы вкладываем частичку себя у нас комфортные рабочие места в классном офисе на Китай-городе в самом сердце Москвы и отзывчивые офис-менеджеры; в QSOFT действительно дружная команда профессионалов, и мы ценим каждого из них. Первая из наших восьми ценностей звучит так: Команда - главное, что у нас есть. Обещаем придерживаться этой ценности в работе с тобой, поддерживать твои инициативы и помогать с решением проблем а еще мы каждый месяц устраиваем корпоративы, все вместе выезжаем на природу, ходим в бары и на квизы, участвуем в спортивных мероприятиях, играем в страйкбол, проводим вечера кино и смотрим шоу в комнате отдыха. В общем, стараемся, чтобы не только работать было комфортно, но и отдыхать хотелось вместе!  Ждем отклика и готовы ответить на любые вопросы :)</p>",AlertManager;CI/CD;Docker;Gitlab;Golang;Grafana;Javascript;Kubernetes;MySQL;Nginx;PHP;PostgreSQL;Python;Базовая работа с Linux;Сетевой мониторинг и логирование;Системы управления конфигурацией;Управление базами данных,DevOps-инженер,0,1-3
109484210,Системный администратор Linux,"С 2013 года TruePositive - собственные продукты в Digital Signage &amp; Labeling, машинном зрении и цифровой обработке сигналов, работающие по всей России: от Южно-Сахалинска до Калининграда и в ближнем зарубежье.TruePositive это две команды:  Lab - лаборатория разработки продуктов Kit - команда внедрений и поддержки решений  Наша команда и проекты развиваются, поэтому сегодня мы ищем DevOps инженера Junior+. Мы готовы поддержать развитие перспективного специалиста, даже если у него скромный опыт работы по профилю. Для нас главное в кандидате – подтвержденный интерес к развитию на выбранном направлении, ответственность и самостоятельность. В часы трудовых подвигов нашему будущему коллеге предстоит:  поддержка и масштабирование инфраструктуры и автоматизация деплоя ПО:- разработка Dockerfile,- Ansible-скрипты развертывания серверов (тестовых, на продакшене)- настройка и развертывание демостендов- автоматизация резервного копирования- мониторинг внутренней и клиентской инфраструктуры (более 100 объектов) разработка вспомогательных инструментов технической поддержки, CI/CD- сборка дистрибутивов- поддержка TeamCity  Нам важны:  уверенный опыт администрирования Linux опыт написания скриптов Bash, Python знание систем удаленного/распределенного выполнения скриптов (Ansible) опыт настройки Zabbix понимание процесса упаковки приложения в Docker опыт работы с веб-серверами (мы используем Nginx) желание учиться умение работать самостоятельно и в команде (мы очень ценим ответственность и обязательность)  Работа у нас это классно (без токсичной обстановки и процессов) и с возможностью развития, а еще это:  Стек технологий на котором разработаны продукты: PostgreSQL, Python, OpenCV, PyTorch. Мы не используем k8s. Современные технологии в разработке и коммуникации. Занятость 5/2 (любые 5 дней в неделю). Дистанционка + лофтовый и уютный офис в Санкт-Петербурге, своя набережная на территории комплекса, близость к парку (в районе м. Беговая/Старая деревня/Черная речка - около 20 минут пешком от метро). Вознаграждение: конкурентный fix (конкретные финансовые условия будем обсуждать с успешным кандидатом, исходя из навыков и компетенций) ДМС бизнес-уровня (со стоматологией), Возможности для профессионального развития, Ароматный чай/кофе и плюшки в офисе Яркие корпоративные праздники, дружные пятницы и спонтанные посиделки. Оформление по ТК РФ, белая заработная плата.  P.S. Нам очень важно работать в команде близкой каждому по духу и настроению, поэтому в сопроводительном письме укажи:  почему наша вакансия подходит тебе и чем твоя кандидатура будет интересна нам. приложи 2-3 свежих и смешных мема (кидай ссылками прямо в отклик) ",,DevOps-инженер,125000,1-3
115742790,Инженер Linux Teamlead,"Мы, Southbridge, работаем с 2007 года. Строим и поддерживаем ИТ-инфраструктуру средне и высоконагруженных проектов, более 1000 серверов на поддержке. Инженеры в Southbridge работают в командах по три человека. У нас нет проектных менеджеров, команды общаются с клиентами напрямую и сами организуют свой процесс, договариваясь внутри – для нас как компании в первую очередь важна стабильная работа проектов наших клиентов. Мы в поиске талантливых инженеров, которые хотят расти и развиваться вместе нами. Главное для нас - это строить и поддерживать различные решения для наших клиентов и обеспечивать высокий уровень обслуживания. Мы предоставляем возможность выбрать направление/технический стек или проекты. Мы за то, чтобы заниматься тем, что действительно нравится, и самостоятельно корректировать направление своего развития. Обязанности:   Знание стека на уровне middle+ и выше;   Опыт управления командами 10+ сотрудников;   Контроль ключевых метрик работы команд;   Решение технических вопросов;   Работа с клиентами (обратная связь, коммуникация по решениям и развитию);   Работа с проектами (аудит, оптимизации);   Умение фокусировать команду на результат, хорошие коммуникативные навыки и умение управлять ожиданиями заказчика;   Ведение проектной документации.   Требования:   Linux (Centos, Alma, Rocky);   СУБД (SQL, NoSQL);   Скриптовые языки (Bash, Python);   Стек веб-технологий (Nginx, Apache, php-fpm);   Средства контейнеризации и виртуализации (Systemd-nspawn, KVM, Docker);   Мониторинг, опыт работы с Zabbix, Prometheus и VictoriaMetrics;   Infrastructure as Code (Ansible, Terraform);   Kubernetes, Gitlab CI, Helm, ArgoCD;   Опыт работы с облачными решениями Яндекс, Селектел, AWS.   Работать у нас хорошо, потому что:  Интересно: работаете с разными проектами и прокачиваете хард-скилы; Уровень дохода напрямую зависит от количества клиентов и навыков; У нас минимум бюрократии - мы работаем в первую очередь на результат; Можно проходить любые курсы нашего партнера «Слёрм» бесплатно; Мы работаем полностью удаленно, готовы предложить официальное трудоустройство в штат. ",Apache;NoSQL;PHP;Python;SQL;Администрирование серверов и рабочих станций;Аудит;Базовая работа с Linux;Взаимодействие с клиентами и заказчиками;Коммуникативная грамотность;Консультирование и ведение клиентов;Прием и обслуживание клиентов;Работа в команде;Чтение проектной документации,DevOps-инженер,0,3-6
115743023,Инженер Linux / Junior Devops,"Мы, Southbridge, работаем с 2007 года. Строим и поддерживаем ИТ-инфраструктуру средне и высоконагруженных проектов, более 1000 серверов на поддержке. Инженеры в Southbridge работают в командах по три человека. У нас нет проектных менеджеров, команды общаются с клиентами напрямую и сами организуют свой процесс, договариваясь внутри – для нас как компании в первую очередь важна стабильная работа проектов наших клиентов. Мы в поиске талантливых инженеров, которые хотят расти и развиваться вместе нами. Главное для нас - это строить и поддерживать различные решения для наших клиентов и обеспечивать высокий уровень обслуживания. Мы предоставляем возможность выбрать направление/технический стек или проекты. Мы за то, чтобы заниматься тем, что действительно нравится, и самостоятельно корректировать направление своего развития. Мы обычно работаем со следующим стеком:— Linux;— СУБД (SQL, NoSQL);— Cкриптовые языки (Bash, Python);— Cтек веб-технологий (Nginx, Apache, php-fpm);— Cредства виртуализации (Systemd-nspawn, OpenVZ, KVM);— Мониторинг, опыт работы с Zabbix или Prometheus;— Infrastructure as Code (Ansible, Terraform);— Gitlab.Вместе с командой вам предстоит:— Поддерживать и мониторить клиентские сервера;— Устранять узкие места в архитектуре проектов, участвовать в выработке решений;— Общаться и взаимодействовать с клиентами;— Строить и автоматизировать процессы, взаимодействовать с разработчиками;— Повышать отказоустойчивость систем и масштабировать проекты;— Изучать и внедрять новые технологии, сервисы и инструменты. Требования:  Опыт работы в технической поддержке (будет плюсом); Опыт работы с несколькими проектами; Опыт работы с аппаратным и софтовым RAID; Опыт траблшутинга Linux серверов; Опыт работы с веб-стеком LAMP/LEMP; Опыт работы с Nginx; Опыт работы с Ansible (будет плюсом); Грамотная письменная и устная речь; Желание расти и развиваться с командой.  Работать у нас хорошо, потому что:  Интересно: работаете с разными проектами и прокачиваете хард-скилы; Уровень дохода напрямую зависит от количества клиентов и навыков; Мы являемся аккредитованной IT компанией, есть возможность получения льготной ипотеки; У нас минимум бюрократии - мы работаем в первую очередь на результат; Можно проходить любые обучающие курсы нашего партнера «Слёрм» бесплатно; Мы работаем полностью удаленно, готовы предложить официальное трудоустройство в штат с первого дня.  При отборе кандидатов у нас предусмотрено тестовое задание, оно даст возможность оценить, насколько рабочие задачи вам будут интересны. Также выполненное задание позволит наглядно продемонстрировать ваши навыки и умения в работе. Это поможет сэкономить ваше и наше время и понять, подходим ли мы друг другу.  ","DevOps;Gitlab;Nginx;NoSQL;PHP;Python;SQL;Terraform;Администрирование серверов и рабочих станций;Базовая работа с Linux;Взаимодействие с клиентами и заказчиками;Виртуализация, облачная инфраструктура;Коммуникативная грамотность;Сетевой мониторинг и логирование;Системы управления конфигурацией;Техническая поддержка пользователей",DevOps-инженер,100000,1-3
106934557,"DevOps инженер / Администратор Linux, Middle","Buckle Quick - молодая, динамичная и прогрессивная IT-компания на аутсорсинге. Основное направление нашей деятельности - проектирование, поддержка и сопровождение отказоустойчивой инфраструктуры, готовой к высоким нагрузкам. Если вы готовы к развитию и вас не пугают сложные интересные задачи, присоединяйтесь к нашей команде профессионалов. Мы ищем DevOps инженера уровня Middle на полный 8 часовой рабочий день. Частичной занятости, подработки нет. Если у вас есть текущее место работы и вы не собираетесь его менять, обратите внимание на другие предложения. Не тратьте, пожалуйста, своё и наше время. Вместе с командой DevOps вам предстоит:Участие в текущих проектах по задачам сопровождения, администрирования и мониторинга. Работа с высоконагруженными системами. Изучение и внедрение новых технологий. Взаимодействие с отделом разработки заказчика. Для работы потребуется:Глубокое понимание работы системы Linux (опыт администрирования от 3 лет). Умение писать плейбуки Ansible. Знание Terraform. Знание систем мониторинга Prometheus, Zabbix. Опыт работы с Kubernetes обязателен. С каким стеком мы работаем:— Linux;— Mysql, Patroni cluster, ClickHouse, Redis/keyDB;— Kafka, RabbitMQ;— написание скриптов: Bash, Python;— стек web технологий: Nginx, Envoy, Haproxy.— виртуализация на базе KVM;— мониторинг: Zabbix, VictoriaMetrics;— Infrastructure as Code (Ansible, Terraform);— Gitlab, Github, Bitbucket;— logging и tracing: Vector, EFK, grafana stack, jaeger— k8s, helm, argocd;— платформы: bare metal, GCP, AWS, DO. Наши условия:Только удаленная работа. Полная занятость, 5/2. Уровень з.п. от 200 000 рублей/месяц. Возможность переключения на другие проекты внутри компании. Профессиональный рост. Отсутствие трека часов. Ежегодный пересмотр заработной платы. 28 дней оплачиваемого отпуска и 5 дней отгулов без оплаты. Помощь при оформлении самозанятости. Оплата налога по самозанятости и ИП. Готовы рассмотреть другие формы сотрудничества. У нас есть посменные дежурства. Необходимо реагировать на оповещения системы мониторинга и быть на связи в случае серьезной поломки. Обещаем приятную материальную мотивацию в виде дополнительных бонусов и премий по результату работы. ВАЖНО: На первом этапе интервью вам будет предложено тестовое задание. Задание не связано с текущими задачами по проектам. Это отдельная самостоятельная работа. Практическая часть должна быть оформлена в виде Ansible playbook. Срок выполнения сутки. Время дано с запасом. Если вы справляетесь, беседуем дальше. Друзья, ждем вас! У нас дружный молодой коллектив и много разных интересных задач. Мы готовы платить больше за ваш опыт и вовлеченность в проекты. С каждым кандидатом обсуждаем персонально в ходе интервью. Мы развиваемся, поэтому ищем ещё 3 человека в команду на новые проекты. Если вы уже откликались на нашу вакансию и не справились с тестовым заданием, обратите внимание на другие предложения о работе. Желаем вам успехов!   С уважением, команда Buckle Quick. Пишите в любое время @Marina_Lustova","Apache Kafka;AWS;C / C++;ClickHouse;Git;Gitlab;Grafana;HAProxy;Kubernetes;MySQL;Nginx;PostgreSQL;Python;RabbitMQ;Redis;Terraform;Администрирование серверов и рабочих станций;Аналитическое мышление;Базовая работа с Linux;Взаимодействие с клиентами и заказчиками;Виртуализация, облачная инфраструктура;Инициативность;Многозадачность;Работа в команде;Работа с платформами для распределенной трассировки;Сетевой мониторинг и логирование;Системы управления конфигурацией",DevOps-инженер,200000,3-6
106934601,"DevOps инженер / Администратор Linux, Middle","Buckle Quick - молодая, динамичная и прогрессивная IT-компания на аутсорсинге. Основное направление нашей деятельности - проектирование, поддержка и сопровождение отказоустойчивой инфраструктуры, готовой к высоким нагрузкам. Если вы готовы к развитию и вас не пугают сложные интересные задачи, присоединяйтесь к нашей команде профессионалов. Мы ищем DevOps инженера уровня Middle на полный 8 часовой рабочий день. Частичной занятости, подработки нет. Если у вас есть текущее место работы и вы не собираетесь его менять, обратите внимание на другие предложения. Не тратьте, пожалуйста, своё и наше время. Вместе с командой DevOps вам предстоит:Участие в текущих проектах по задачам сопровождения, администрирования и мониторинга. Работа с высоконагруженными системами. Изучение и внедрение новых технологий. Взаимодействие с отделом разработки заказчика. Для работы потребуется:Глубокое понимание работы системы Linux (опыт администрирования от 3 лет). Умение писать плейбуки Ansible. Знание Terraform. Знание систем мониторинга Prometheus, Zabbix. Опыт работы с Kubernetes обязателен. С каким стеком мы работаем:— Linux;— Mysql, Patroni cluster, ClickHouse, Redis/keyDB;— Kafka, RabbitMQ;— написание скриптов: Bash, Python;— стек web технологий: Nginx, Envoy, Haproxy.— виртуализация на базе KVM;— мониторинг: Zabbix, VictoriaMetrics;— Infrastructure as Code (Ansible, Terraform);— Gitlab, Github, Bitbucket;— logging и tracing: Vector, EFK, grafana stack, jaeger— k8s, helm, argocd;— платформы: bare metal, GCP, AWS, DO. Наши условия:Только удаленная работа. Полная занятость, 5/2. Уровень з.п. от 200 000 рублей/месяц. Возможность переключения на другие проекты внутри компании. Профессиональный рост. Отсутствие трека часов. Ежегодный пересмотр заработной платы. 28 дней оплачиваемого отпуска и 5 дней отгулов без оплаты. Помощь при оформлении самозанятости. Оплата налога по самозанятости и ИП. Готовы рассмотреть другие формы сотрудничества. У нас есть посменные дежурства. Необходимо реагировать на оповещения системы мониторинга и быть на связи в случае серьезной поломки. Обещаем приятную материальную мотивацию в виде дополнительных бонусов и премий по результату работы. ВАЖНО: На первом этапе интервью вам будет предложено тестовое задание. Задание не связано с текущими задачами по проектам. Это отдельная самостоятельная работа. Практическая часть должна быть оформлена в виде Ansible playbook. Срок выполнения сутки. Время дано с запасом. Если вы справляетесь, беседуем дальше. Друзья, ждем вас! У нас дружный молодой коллектив и много разных интересных задач. Мы готовы платить больше за ваш опыт и вовлеченность в проекты. С каждым кандидатом обсуждаем персонально в ходе интервью. Мы развиваемся, поэтому ищем ещё 3 человека в команду на новые проекты. Если вы уже откликались на нашу вакансию и не справились с тестовым заданием, обратите внимание на другие предложения о работе. Желаем вам успехов!   С уважением, команда Buckle Quick. Пишите в любое время @Marina_Lustova","Apache Kafka;AWS;C / C++;ClickHouse;Git;Gitlab;Grafana;HAProxy;Kubernetes;MySQL;Nginx;PostgreSQL;Python;RabbitMQ;Redis;Terraform;Администрирование серверов и рабочих станций;Аналитическое мышление;Базовая работа с Linux;Взаимодействие с клиентами и заказчиками;Виртуализация, облачная инфраструктура;Инициативность;Многозадачность;Работа в команде;Работа с платформами для распределенной трассировки;Сетевой мониторинг и логирование;Системы управления конфигурацией",DevOps-инженер,200000,3-6
114924087,DevOps engineer (Linux),"Чем предстоит заниматься:  Отвечать за работоспособность бизнес-приложения написанного на java; Развёртывание различных сред (разработка, тестирование); Обработка инцидентов, оперативное реагирование на возникающие неполадки и устранение аварий, поиск первопричин; Спроектировать мониторинг и алертинг так, чтобы узнавать о проблемах в минимальные сроки и минимизировать недоступность сервиса; Поддержание в актуальном состоянии текущей технической документации, написание статей для Базы Знаний.  Мы ожидаем от будущего члена команды:  Опыт работы с Linux системами (Ubuntu, Debian и Oracle Linux), опыт настройки типичных Linux-сервисов: firewalld, samba, nginx/apache, tomcat и т.д. Наличие навыков интеграции Linux хостов в Windows среду; Понимание концепций DevOps: CI/CD, IaC, GitOps; Знание ПО Gitlab (Bitbucket), Jenkins (TeamCity), SonarQube, Ansible; Artifactory; Kafka; RabbitMQ; Развертывание и обслуживание S3 хранилищ; Навыки построения инфраструктуры с использованием микросервисов (K8s, docker); Опыт работы с реляционными СУБД (PostgreSQL), базовые знание SQL, опыт работы с кластерами; Опыт построения системы мониторинга и логирования Zabbix/ Grafana / Prometheus(создание шаблонов, настройка элементов и триггеров); Хорошие коммуникативные навыки, умение ясно излагать мысли, как устно, так и письменно – придется взаимодействовать с многими людьми и специалистами. Выполнять обещания, уметь ставить задачи.  Будет плюсом:  Общее понимание принципов ITIL, навыки работы с ПО автоматизации Service Desk; Уверенный пользователь при работе с Atlassian Jirа и Confluence.    Будем рады вам предложить:    Стать частью крупной стабильной компании, разрабатывающей и производящей высокотехнологичное оборудование, а также ежегодно увеличивающей долю рынка и финансовые показатели; Возможность удалённой работы из дома на корпоративном ноутбуке; График работы с 10:00 до 19:00 с гибким началом и окончанием рабочего дня; Оформление по ТК РФ с первых дней работы; Конкурентный уровень заработной платы (готовы по достоинству оценить ваши знания и опыт) + премирование по результатам работы; Возможность расти горизонтально и вертикально, а также в зависимости от результатов и интересов перемещаться между проектами и командами; Программу поддержки инноваций: премии за научные достижения, публикацию статей, выступления на конференциях и регистрацию патентов; Обучение и развитие: учебный портал с курсами и лекциями от внешних и внутренних экспертов, дополнительное профессиональное обучение, изучение английского, участие в конференциях; Лекторий с выдающимися экспертами: инженерами, учеными и исследователями; Заботу о здоровье: ДМС с первых дней работы, льготные условия страхования близких; Поддержку в личных вопросах: консультации юристов, психологов, экспертов по ЗОЖ и управлению финансами; Открытое общение: регулярные онлайн-встречи всей команды YADRO. Работа в команде профессионалов, всегда готовой поддержать и поделиться опытом. ",Apache Kafka;API;Artifactory;CI/CD;Digital Security Office;Docker;Gitlab;Grafana;IaC-обработка;Java/Kotlin/Scala;Kubernetes;Nginx;Oracle Database;PostgreSQL;RabbitMQ;S3;Samba;SonarQube;Базовая работа с Linux;Коммуникативная грамотность;Написание статей;Проведение аварийно-восстановительных работ;Работоспособность;Сетевой мониторинг и логирование;Системы управления конфигурацией;Тестирование программного обеспечения,DevOps-инженер,0,3-6
117200222,Стажёр - Linux инженер,"АТОН - старейшая инвестиционная компания России.На протяжении вот уже 30 лет мы помогаем принимать верные инвестиционные решения и формируем сообщество успешных инвесторов. Мы приглашаем в том числе студентов последних курсов и выпускников принять участие в летней оплачиваемой стажировке в Управление инфраструктуры. Information Technology Talent Program (ITTP) – это возможность получить опыт работы в одной из лучших команд fintech-индустрии. СРОКИ СТАЖИРОВКИ: 2 месяца. Обязанности:  Установка и настройка ОС семейства Microsoft, Linux; Участие в развитии и настройки DevOps решений Kubernetes (Docker-compose,aks/yks/baremetal(kubeadm),Kafka,Mongo,Opensearch,Grafana,Prometheus,S3,Free IPA; Инструменты: git, Ansible, Terraform/Salt, FluxCD; Платформы: gitlab/jenkins; Практики: Gitops, CI-CD; Языки: powershell, bash, python, Go; Облака: Azure, Yandex, Среды виртуализации: vmware, spacevm; Работа с hardware (серверна, схд).  Что мы ждём от кандидата:  Высшее техническое образование (также рассмотрим ​​​студентов последних курсов); Желательно понимание принципов работы финансовых рынков.  Мы предлагаем:  Оплачиваемая стажировка сроком на 2 месяца; Официальное оформление по срочному трудовому договору; Интересные и ответственные задачи; Возможность учиться у профессионалов; Перспектива трудоустройства в компанию по окончании стажировки.  Что ценят наши сотрудники:  Мы поощряем инициативу – можно смело предлагать свои идеи и создавать продукты с нуля; Отсутствие бюрократии и гибкость компании позволяют нам быстро реализовывать проекты; Интересная сфера, в которой ты можешь быть частью крутых глобальных сделок; Много амбициозных целей, которые позволяют тебе расти и самореализовываться; Современные технологии, творческие задачи и нерутинная работа; Дружеская атмосфера и открытые двери к руководству – у нас все на «ты», вне зависимости от иерархии; «Главный актив – это люди». ",DevOps;Docker;Kubernetes;PowerShell;Python;Администрирование Windows;Базовая работа с Linux;Системы хранения данных,DevOps-инженер,0,0
115393685,Системный администратор Linux,"Мы — лидеры в области информационной безопасности, постоянно стремящиеся к совершенствованию. Наша команда разрабатывает уникальные продукты, используя передовые технологии и инновационные подходы. В настоящий момент приглашаем опытного Системного администратора, готового поднять наше техническое влияние на новый уровень! Обязанности:  Поддержка и развитие кластера Proxmox, включающего 5 серверов в дата-центре в Москве. Организация и поддержка внутренней корпоративной сети, включая DNS, SSL и домены. Управление виртуальными машинами с внутренним программным обеспечением, таким как Mattermost, Wiki, GitLab и др. Организация VPN/Email доступов для сотрудников. Помощь команде DevOps с их задачами, включая работу с GitLab, Kubernetes и др. Развитие и внедрение инструментов инфраструктуры как кода (IaC), включая Terraform и Ansible.  Требования:  Обладание опытом работы с кластером Proxmox. Умение организовывать внутреннюю корпоративную сеть. Практические навыки в управлении виртуальными машинами и внутренним ПО. Опыт создания VPN/Email доступов для сотрудников. Готовность к совместной работе с командой DevOps. Знание инструментов инфраструктуры как кода (IaC), таких как Terraform и Ansible.  Условия:   Аккредитованная IT компания;   Полная удаленка, работайте из любой точки мира;   Оформление в российское юр. лицо (ТК/ИП);   Выплаты зарплаты в рублях;   Гибкий график, сохраняйте баланс между работой и личной жизнью;   Молодой и дружный коллектив.  ","DevOps;DNS;Gitlab;IaC-обработка;Kubernetes;Proxmox;Terraform;VPN;Компьютерные сети, маршрутизация, протоколы;Криптографические протоколы;Организаторские навыки;Работа в команде;Системы управления конфигурацией",DevOps-инженер,300000,3-6
117523597,Linux инженер (облачные сервисы),"Мы разрабатываем и эксплуатируем облачные сервисы фирмы «1С», которыми пользуются сотни тысяч пользователей. Ищем в команду опытного специалиста, готового активно участвовать в развитии инфраструктуры и надежности облачных решений. Чем предстоит заниматься:  Администрирование и поддержка облачной и onprem-инфраструктуры (тысячи VM + аппаратные серверы) Построение и развитие CI/CD процессов для десятков сервисов Взаимодействие с разработчиками и участие в проектировании архитектуры приложений Внедрение и развитие SRE-практик и процессов в команде Развертывание и сопровождение инфраструктурных компонентов сервиса (системы мониторинга, оркестрации и т.д.) Конфигурирование, мониторинг, траблшутинг и оптимизация сервисов Автоматизация регулярно выполняемых действий  Ищем специалиста, который имеет обширный опыт работы:  с облачной инфраструктурой (IaaS, Terraform) с Linux, сетями и контейнеризацией (systemd, vxlan/bridge/etc., iptables, cgroups, Docker, K8s) c выстраиванием CI/CD-процессов (Gitlab CI/Jenkins/Github Actions/Teamcity/etc.) с reverse прокси (Nginx/HAProxy/etc.) с системами управления конфигурациями (Saltstack/Ansible/Chef/etc.) с observability-стэками (Prometheus, Loki/EFK, Tempo/Jaeger/OpenTelemetry) с разработкой на ЯП общего назначения (C++/Python/Java/Go  Дополнительно приветствуется экспертиза в:  эксплуатации СУБД (PostgreSQL/Mysql/Clickhouse и подобные) эксплуатации SDS (ceph, glusterfs, drbd/linstor) эксплуатации оркестраторов (Kubernetes/Swarm) администрировании платформы 1С:Предприятие (+ наличие сертификатов 1С)  Предлагаем:  офис в 5-ти минутах ходьбы от м. Тимирязевская гибридный график работы (команда встречается в офисе 2 раза в неделю) зоны отдыха и кофе-поинты стабильную и конкурентоспособную заработную плату расширенный социальный пакет (хорошо решены вопросы медицинского обслуживания (страхования), питания, проезда) тренажерный зал в офисе охраняемая парковка для сотрудников на территории офиса Отсутствие ночных дежурств ","CI/CD;DevOps;Docker;Git;Gitlab;Grafana;HAProxy;Java/Kotlin/Scala;Kubernetes;Nginx;Python;Terraform;Виртуализация, облачная инфраструктура;Использование моделей IaaS, PaaS, SaaS;Работа с платформами для распределенной трассировки;Разработка программного обеспечения;Сетевой мониторинг и логирование;Системы управления конфигурацией",DevOps-инженер,0,1-3
115716092,Senior DevOps-инженер в команду Network(-ish) Development [МТС Web Services (MWS)],"MTС Web Services (MWS) — облачные сервисы для решения задач вашего бизнеса. Мы предоставляем сетевые сервисы; продукты для вычисления, хранения и обработки данных; PaaS-решения; инструменты кибербезопасности; профессиональные сервисы и ИИ-решения. Мы также инвестируем в создание публичной облачной платформы собственной разработки, которая станет доступна в 2025 году. MWS — через облако к новым высотам. Команда Network(-ish) Development занимается сервисами на стыке сети и серверов, без которых невозможно представить масштабируемое и безопасное облако. В приоритетах высокая надежность и масштабируемость, заложенные на самых ранних этапах дизайна. Чем предстоит заниматься:  Развивать надежный, удобный и безопасный VPN-сервис для доступа разработчиков к облачной инфраструктуре; Заниматься построением software-defined firewall от А до Я (дизайн, контролплейн, датаплейн); Автоматизировать наливки и обновления конфигурации сетевого оборудования.  Что мы ждём от кандидатов:  Опыт построения балансировщиков нагрузки, оверлейных сетей, масштабируемых фаерволов или успешный опыт решения сетевых проблем (поделитесь, нам интересно!); Умение говорить на языке сетевых инженеров и небумажных безопасников, отличать BGP от PGP, т.к. будет много общения со смежными командами (NOC, ServerInfa, Security); Понимание принципов построения надежных высоконагруженных решений; Умение и готовность программировать на Go, Java или Python; Хорошее знание Linux (уверенно работаете с командной строкой).  Что мы предлагаем:  гибридный или полностью удалённый формат работы, с возможностью гибкого начала и окончания рабочего дня; профессиональные гильдии инженеров по направлениям, чтобы поддерживать друг друга и обмениваться опытом; участие во внешних IT конференциях; полезные курсы и вебинары в корпоративном университете и электронные библиотеки.  А ещё:   медицинскую страховку с 1 месяца со 100% покрытием расходов, включая стоматологию, страхование жизни и здоровья в поездках за рубеж. А еще можно застраховать родственников с корпоративной скидкой; доступ к сервису «Понимаю»: онлайн-консультации с психологом, юристом, экспертом по финансам или ЗОЖ; корпоративный и командный психолог в офисе и массажный кабинет; единую подписку МТС Premium — KION light в онлайн-кинотеатре KION, сервис МТС Music, 30 дней бесплатного пользования подпиской OZON Premium; скидки и предложения от партнеров на фитнес, занятия английским и прочее. ",FIrewall;Golang;Java/Kotlin/Scala;Python;VPN;Базовая работа с Linux;Коммуникативная грамотность;Маршрутизация,DevOps-инженер,0,3-6
117414623,Менеджер по разработке веб-проектов,"Postgres Professional — разработчик самой популярной российской СУБД Postgres Pro на базе свободно распространяемой PostgreSQL. А еще мы — один из крупнейших в мире контрибьюторов открытой СУБД: каждый год отправляем в сообщество PostgreSQL более 100 патчей. В Postgres Professional работают опытные эксперты в PostgreSQL — в нашей команде больше половины российских постгресистов, включая Major Contributors системы. Вместе мы решаем сложные задачи заказчиков, в том числе доработки в ядро PostgreSQL. Мы приглашаем на постоянную работу опытного менеджера, который будет осуществлять проектное и продуктовое управление развития веб-сайтами компании (внешними и внутренними).  Чем предстоит заниматься:   ре-дизайном, доработкой и развитием русскоязычного и англоязычного сайта компании, включая карьерные подсайты;   развитием сайта крупнейшей российской конференции по PostgreSQL;   развитием корпоративного интранет-портала;   интеграцией веб-проектов друг с другом и внутренними информационными системами компании - интранетом, 1С;   выявлением возможностей для улучшения веб-проектов.   Мы ожидаем:   опыт продуктового и проектного управления собственными сайтами компании, рассчитанными на широкую профессиональную аудиторию:   • сбор требований • ведение бэклога команды • постановка задач разработчикам и дизайнерам • ведение проектной документации • запуск проектов, сбор обратной связи   проактивное выявление возможностей для улучшения веб-проектов;   опыт использования веб-аналитики и умение интерпретировать данные для принятия решений;   анализ и оптимизация CJM для улучшения пользовательского опыта;   планирование А/Б тестирования для улучшения ключевых метрик;   развитые коммуникативные навыки и способность аргументировано отстаивать свои решения.   Мы предлагаем:   гибридный или офисный формат занятости в Москве (м. Академическая);   гибкое начало рабочего дня;   все возможности для профессионального развития;   обучение – оплачиваем внешние обучающие программы и компенсируем затраты на посещение конференций;   медицинское страхование сотрудника (+1), компенсацию спортивных активностей и затрат на оборудование удаленного рабочего места, занятия английским языком, технику для работы, обеды в офисе и др.    ",A/B-тестирование;Atlassian Jira;Веб-аналитика;Ведение документооборота;Знание английского языка;Проактивность;Сбор и анализ требований;Умение принимать решения;Управление проектами;Формирование технических заданий;Чтение проектной документации,DevOps-инженер,0,3-6
108256261,"IT-сорсер (направление Linux, SRE, DevOps)","В рамках временного проекта (минимум до конца года) мы ищем коллегу-сорсера, у которого есть опыт успешного закрытия вакансий направления Linux, SRE, DevOps и другие инженерные позиции. На протяжении нашего проекта ты будешь ежедневно общаться с интересными и успешными людьми, помогать ценным специалистам найти работу в одной из самых крутых ИТ-компаний на рынке и наблюдать, как они растут сами и двигают компанию вперед. И, наконец, сможешь ощутить, что реально влияешь на развитие бизнеса в получении нужных специалистов. ЧТО ОЖИДАЕМ ОТ ТЕБЯ:  Опыт работы сорсером в IT-отрасли от 2-х лет; Успешное закрытие вакансий из направлений Linux, SRE, DevOps; Проактивная жизненная позиция и открытость ко всему новому; Умение применять на практике различные нестандартные инструменты поиска; Слабость к хорошим шуткам (без юмора в подборе никуда).  ЧЕМ ПРЕДСТОИТ ЗАНИМАТЬСЯ:  Определение стратегии поиска кандидатов на открытые вакансии с применением различных инструментов и источников; Поиск, отбор и оценка резюме кандидатов по трекам: DevOps-инженер, SRE-инженер, Системный инженер, Пресейл-инженер и пр.; Назначение интервью, обсуждение кандидатов с рекрутерами и нанимающими менеджерами, участие в принятии финального решения; Проведение анализа рынка специалистов по запросу от бизнеса.  ЧТО ПРЕДЛАГАЕМ МЫ:  Широкий стек технологий и проектов; Официальное трудоустройство ТК РФ. Срочный трудовой договор на период работы; Зарплату, соответствующую опыту и навыкам, прозрачную систему мотивации; Работу в компании с аккредитацией в Минцифре; Удобный формат работы – мы доверяем друг другу, поэтому у нас гибкое начало рабочего дня и удалённый формат работы. Возможность делиться экспертизой.    Данное описание вакансии не является офертой</p>",Анализ рынка;Базовая работа с Linux;Подбор персонала;Проактивность;Проведение интервью;Умение принимать решения;Управление персоналом,DevOps-инженер,0,1-3
108256275,"IT-рекрутер (направление Linux, SRE, DevOps)","В рамках временного проекта (минимум до конца года) мы ищем коллегу-рекрутера, у которого есть опыт успешного закрытия вакансий направления Linux, SRE, DevOps и другие инженерные позиции. На протяжении нашего проекта ты будешь ежедневно общаться с интересными и успешными людьми, помогать ценным специалистам найти работу в одной из самых крутых ИТ-компаний на рынке и наблюдать, как они растут сами и двигают компанию вперед. И, наконец, сможешь ощутить, что реально влияешь на развитие бизнеса в получении нужных специалистов. ЧТО ОЖИДАЕМ ОТ ТЕБЯ:  Опыт работы рекрутером в IT-отрасли от 2-х лет; Успешное закрытие вакансий из направлений Linux, SRE, DevOps; Проактивная жизненная позиция и открытость ко всему новому; Умение применять на практике различные (в том числе нестандартные) инструменты поиска; Слабость к хорошим шуткам (без юмора в рекрутинге никуда).  ЧЕМ ПРЕДСТОИТ ЗАНИМАТЬСЯ:  Определение стратегии поиска кандидатов на открытые вакансии с применением различных инструментов и источников; Поиск, отбор и оценка резюме кандидатов по трекам: DevOps-инженер, SRE-инженер, Системный инженер, Пресейл-инженер и пр.; Проведение интервью, обсуждение кандидатов с нанимающими менеджерами, участие в принятии финального решения; Проведение анализа рынка специалистов по запросу от бизнеса.  ЧТО ПРЕДЛАГАЕМ МЫ:  Широкий стек технологий и проектов; Официальное трудоустройство ТК РФ. Срочный трудовой договор на период работы; Зарплату, соответствующую опыту и навыкам, прозрачную систему мотивации; Работу в компании с аккредитацией в Минцифре; Удобный формат работы – мы доверяем друг другу, поэтому у нас гибкое начало рабочего дня и удалённый формат работы. Возможность делиться экспертизой.    Данное описание вакансии не является офертой</p>",Анализ рынка;Базовая работа с Linux;Подбор персонала;Проактивность;Проведение интервью;Умение принимать решения;Управление персоналом,DevOps-инженер,0,3-6
115554402,Инженер Linux,"SberOS – операционная система для рабочих мест на базе репозитория Debian, собственная разработка Сбера. Эта ОС не зависит от вендоров, и полностью контролируется и изменяется под организацию. Дистрибутив SberOS следует правилам и открытости Debian-сообщества. В нем используются самые свежие пакеты из Debian и последнее стабильное ядро.Обязанности  создавать и собирать debian-пакеты (source-deb) писать bash-скрипты собирать образы ОС в контейнерах Troubleshooting системных компонентов ОС Linux ведение документации. Требования  знания coreutils умение писать bash скрипты базовые знания регулярных выражений умение работать с dpkg-deb, dpkg, apt умение работать с контейнерами понимание процесса загрузки ОС Linux умение собирать ПО из исходных текстов: autotools (configure, make, gcc) знание git, jira, confluence, markdown. Условия  офис м. Тульская, возможен гибридный формат конкурентоспособная заработная плата и социальный пакет. ДМС ипотека выгоднее до 7% для всех сотрудников корпоративная пенсионная программа корпоративные и благотворительные мероприятия («Зелёный марафон», Сбербанкиада, КВН, волонтёрские программы и т.д.); современный комфортный офис: столовые предлагают вкусные завтраки, обеды, кофе-пойнты, прекрасно оборудованный тренажёрами спортивный комплекс. ","Atlassian Confluence;Atlassian Jira;C / C++;Базовая работа с Linux;Ведение документооборота;Знание языков разметки;Компьютерные сети, маршрутизация, протоколы",DevOps-инженер,0,3-6
114937789,Системный администратор Linux,"Postgres Professional — разработчик самой популярной российской СУБД Postgres Pro на базе свободно распространяемой PostgreSQL. А еще мы — один из крупнейших в мире контрибьюторов открытой СУБД: каждый год отправляем в сообщество PostgreSQL более 100 патчей. В Postgres Professional работают опытные эксперты в PostgreSQL — в нашей команде больше половины российских постгресистов, включая Major Contributors системы. Вместе мы решаем сложные задачи заказчиков, в том числе доработки в ядро PostgreSQL.Наша компания активно растет и сейчас мы ищем Системного администратора Linux, который будет заниматься технической поддержкой ЦОДов и обслуживанием сетевой инфраструктуры.Чем предстоит заниматься:  выезжать в ЦОДЫ для монтажа/обслуживания сетевого и серверного оборудования; взаимодействовать с тех поддержкой ЦОДов и операторов; вести документацию; заниматься обслуживанием текущей сетевой инфраструктуры; настраивать и внедрять новое оборудование.  Мы ожидаем:  базовые навыки администрирования ОС Linux; базовые навыки работы с документацией/инвентаризацией в системе Netbox; опыт работы с системами мониторинга Zabbix и Nagios; умение настраивать mikrotik; понимание базовых принципов построения и работы ЛВС, сетевых сервисов и протоколов; понимание устройства сетевой модели OSI.  Будет плюсом:  навыки работы с Atlassian (Jira/Confluence); наличие профильных сертификатов (CCNA, MTCNA).  Условия:   работа в комфортном офисе в шаговой доступности от м. Академическая (Москва);   гибкое начало рабочего дня;   возможности для профессионального развития;   участие в профессиональных конференциях, продвижение в сообществе PostgreSQL;   медицинское страхование сотрудника (+1), компенсацию спортивных активностей и затрат на оборудование удаленного рабочего места, занятия английским языком, технику для работы, обеды в офисе и др.   ​​​​​​","Atlassian Confluence;Atlassian Jira;Анализ данных;Базовая работа с Linux;Ведение документооборота;Компьютерные сети, маршрутизация, протоколы;Проведение инвентаризаций;Сертификация в области информационных технологий;Сетевой мониторинг и логирование",DevOps-инженер,0,1-3
108183517,Ведущий инженер Linux,"СБЕР ЕАПТЕКА – одна из крупнейших интернет - аптек в России. Мы меняем индустрию, чтобы сделать здоровье доступным для всех.Сейчас компания работает по всей России от Калининграда до Владивостока. Собственная сеть аптек - хабов превышает 250, а сеть пунктов самовывоза – 14000. Сервис федерального масштаба в сегменте e - pharm строит сильная ИТ команда, разрабатывая надежную технологическую платформу, которая помогает клиентам заказывать лекарства и товары для здоровья онлайн. Мы ждем в команде ответственных, проактивных и надежных людей, чтобы вместе развивать сервис, который делает жизнь лучше! Обязанности:   Администрировать и развивать процессы автоматического управления и создания инфраструктуры при помощи таких инструментов как Ansible (AWX)/Jenkins/gitlab-ci   Администрировать Linux сервера (Almalinux, CentOS), систем виртуализации vCenter VMware на собственных гипервизорах и облака (VMware Cloud Director, Cloud.ru Advanced, Yandex cloud)   Администрировать серверную инфраструктуру (гипервизоры, СХД) Траблшутинг проблем с физическими и виртуальными серверами и их компонентами   Документировать свою работу, схемы, описание сервисов и т.д. Активно участвовать в развитии инфраструктуры, предлагать решения, обсуждать их с коллегами.   Требования:   Опыт работы с Ansible AWX/Jenkins/Gitlab/Nexus   Опыт работы с Linux на уровне администратора   Опыт работы с облачными платформами, у нас (cloud.ru, yandex cloud) и виртуализацией VMware Cloud Director   Знать что такое - Zabbix, Grafana, Prometeus, LVM, iptables, NAT, Git, TCP/IP стек   Понимать принципы работы Docker (будет плюсом K8s)   Уметь писать скрипты Bash, будет плюсом Python   Уметь вести документацию своей работы   Не бояться трудностей, хотеть развиваться и изучать что-то новое   Условия:  Работа в аккредитованной ИТ компании; Соблюдение ТК РФ, белая заработная плата; График: 5/2, гибкое начало рабочего дня; Формат работы: офис (мск)/гибридный/дистанционный (с тер-и РФ); Программы лояльности (скидки на обучение в СберУниверситете, Яндекс практикуме, Сбер прайм +); Расширенный ДМС, льготное страхование для членов семьи; Скидки от партнеров (фитнес, английский, недвижимость и пр.); Корпоративные мероприятия и подарки для сотрудников и их детей. ",,DevOps-инженер,0,3-6
110863825,Системный администратор Linux/DevOps,"Мы - компания по разработке ПО для сферы жилищно-коммунального хозяйства. Компания официально аккредитована. В соответствии с новыми мерами поддержки IT отрасли специалисты получают отсрочку от воинской обязанности. Вам предстоит участвовать в развитии инфраструктуры высоконагруженного SaaS-сервиса с объемным бэкендом в команде единомышленников. Развитие и поддержка только собственных продуктов на протяжении всего их жизненного цикла. Интересная и социально значимая тематика. Широкая география пользователей в РФ. Обязанности:  Поддержка инфраструктуры серверов в ЦОД (у нас Centos, Debian). Поддержка сети: Mikrotik, VyOS Ведение документации: redmine, netbox. Мониторинг средствами zabbix, prometheus, grafana. ELK.  В чем можно прокачаться:  Работа в команде разработчиков. Решение творческих задач, связанных с основным проектом; Поддержка CI/CD, наш стек: Docker, Ansible, GitLab, Kafka, MongoDB, Redis, ELK, Jenkins. Работа с системой виртуализация на основе QEMU/KVM.  Если Вам интересен наш долгосрочный проект и вы готовы расти и приобретать знания и опыт в серьезной команде - welcome. Условия:  Оформление по ТК РФ Уровень заработной платы обсуждается индивидуально Удобный новый офис (ул. Тарасова 12 ст. м. Ладожская / Новочеркасская) Дружный молодой коллектив Уютная кухня и вкусный кофе ","Docker;ElasticSearch;Grafana;Анализ данных;Базовая работа с Linux;Ведение документооборота;Виртуализация, облачная инфраструктура;Компьютерные сети, маршрутизация, протоколы;Креативное мышление;Работа в команде;Сетевой мониторинг и логирование;Управление проектами",DevOps-инженер,150000,3-6
117415315,DevOps-инженер (Build and Test),"В настоящий момент мы ведём поиск DevOps-инженера в инфраструктурный отдел Build and Test. Задачи, которые вам предстоит решать:  конфигурация и поддержка процесса непрерывной интеграции (CI/CD) на базе CI сервера Jenkins; поддержка инфраструктуры разработки GitLab; развитие и поддержка процессов развертывания продукта на стенды разработки; мониторинг работы продукта и сопровождающих систем на этапе разработки; взаимодействие с командами разработки; взаимодействие с DevOps инженерами CI/CD по конфигурации и поддержки процесса непрерывной интеграции;  Наши продукты рассчитаны на высокие нагрузки и высокую доступность (вплоть до миллиона пользователей единовременно) Для нас важно:  опыт администрирования RHEL Linux и его производных; уверенные знания системы управления конфигурациями Ansible; знание Jenkins pipeline, GitLab webhooks; отличные знания code management процессов и ПО (Git); умение писать скрипты и читать код (Python/Bash/Ruby/Groovy); знание систем сборок (Maven, Gradle, Grunt, Webpack); умение читать и желание писать документацию; базовые знания системы контейнеризации Docker; технический английский.  Будет плюсом:  опыт внедрения IaaS систем (openstack, cloudstack); базовые знания Java, JavaScript, Go; опыт fullstack разработки на Python или JS; опыт тонкой настройки высоконагруженных систем; понимание принципов high load и high availability, владение инструментарием; навыки работы с сетевым оборудованием, знание теоретических основ TCP/IP.  Наш стек:  groovy jenkins\ gitlab CI\ ansible\ terraform\ Linux-based OS\ OpenStack\ Kubernetes; стек разработки: Go, C++, JS, C#.  Мы предлагаем:  работу в стабильной ИТ-компании с государственной аккредитацией; оформление по ТК РФ, конкурентная заработная плата по результатам собеседования; возможность работать в крупном, постоянно развивающемся проекте с нетривиальными задачами; современные подходы к архитектуре и технологический стек; возможность предлагать свои идеи и влиять на проект – проработайте идею с командой и она воплотится в жизнь; наращивать экспертизу - в нашей команде принято совершенствоваться и делиться знаниями, коллеги готовы рассказать и научить тому, в чем отлично разбираются; выстроенные процессы с использованием гибких методологий разработки; комфортную атмосферу – мы уважаем друг друга, открыты к общению на любые темы и ценим увлеченных людей; профильные курсы, корпоративный английский, участие в конференциях (в том числе спикером, если есть желание и готовность); приятный социальный пакет – ДМС со стоматологией, оплачиваемое питание, завтраки и перекусы в офисе, частичную компенсацию спорта; гибридный график работы с частичным присутствием в офисе (3 дня из офиса, 2 дистанционно). ","Back-end разработка;CI/CD;Docker;Front-end разработка;Gitlab;Golang;Java/Kotlin/Scala;Javascript;Python;Ruby;Базовая работа с Linux;Базовые знания ПК;Веб-разработка;Виртуализация, облачная инфраструктура;Знание английского языка;Использование моделей IaaS, PaaS, SaaS;Исследование клиентского опыта;Компьютерные сети, маршрутизация, протоколы;Работа в команде;Системы управления конфигурацией;Управление продуктом",DevOps-инженер,0,3-6
111794245,Linux инженер (SberDevices),"SberDevices - команда, которая создает программные решения и цифровые устройства для жизни и бизнеса. От речевых технологий до видеоконференцсвязи, от Smart TV до оснащения умного дома. Мы - команда эксплуатации SberDevices, мы создаем отказоустойчивую инфраструктуру для умных устройств и высоконагруженных систем. Чем мы занимаемся:  строим инфраструктуру в 2-х облаках (SDN, VM, LB, CDN, IaaS/PaaS/SaaS) пишем Ansible роли, модули Terraform используем подход IaC. Весь код храним в GitLab пишем GitLab piplines/микросервисы для внутренних нужд на python/bash.  Обязанности  прорабатывать базовую архитектуру и реализовывать её внедрять новые сервисы для улучшения инфраструктуры покрывать мониторингом инфраструктуру и сервисы (сбор и анализ метрик, логирование, проактивный мониторинг) писать Ansible роли, Terraform модули, Gitlab piplines для автоматизации перевозить инфраструктуру в Openshift и поддерживать ее реагировать и решать проблемы на уровне ОС/сети (strace, tcpdump, etc).  Требования  уверенные знания Linux понимание принципов работы сети (TCP/IP) понимание принципов работы Web балансировщиков и опыт работы с ними опыт работы с системами управления конфигурациями (Ansible, Puppet, etc) опыт работы с системами мониторинга (Zabbix/Prometheus/VictoriaMetrics) опыт работы с Docker/Kubernetes/OpenShift опыт работы с системами контроля версий (git) опыт программирования (Bash, Python).  Будет плюсом:  опыт работы с менеджером очередей (RabbitMQ\Kafka) опыт работы с web серверами (Apache, Nginx, Traefik, HAProxy) опыт работы с Terraform.  Условия  комфортный современный офис рядом с м. Кутузовская гибридный формат работы ежегодный пересмотр зарплаты, годовая премия корпоративный спортзал и зоны отдыха система обучения для профессионального и карьерного развития расширенный полис ДМС с первого дня работы и страхование для семьи программа ипотеки для сотрудников бесплатная подписка СберПрайм+, скидки на продукты компаний-партнеров вознаграждение за рекомендацию друзей в команду Сбера. ","Docker;Git;Gitlab;Kubernetes;Terraform;Администрирование серверов и рабочих станций;Базовая работа с Linux;Компьютерные сети, маршрутизация, протоколы;Проактивность;Сетевой мониторинг и логирование;Системы управления конфигурацией",DevOps-инженер,0,3-6
117419346,Младший системный администратор Linux,"Кто мы Мы – команда МоегоСклада. Уже 17 лет развиваем и продаем веб-сервис, упрощающий жизнь малому и среднему бизнесу. У нас налажен и постоянно развивается процесс разработки. Сделанные в первый день работы тикеты могут уже завтра быть на проде. Продукт большой и сложный, пользователи активно делятся пожеланиями. Мы придумываем, как реализовать полезный для людей продукт – и делаем. Мы делаем совершенно разные вещи – создаем новые фичи, пилим интеграции с самыми популярными маркетплейсами, поддерживаем наши работающие решения, делаем инструменты аналитики более ценными, улучшаем онбординг и дизайн, исследуем пользователей, развиваем API и многое-многое другое. Мы ищем того, кто   Имеет навыки работы с ОС Linux от 1 года (установка и настройка, командная строка, знание основных приложений, настройка сетей)   Знает основы сетевых технологий   Умеет работать в команде   Будет плюсом Опыт работы с сервисами: atlassian / gsuite / mattermost / git / docker / ansible.А также опыт работы в техподдержке или на первой линии системных администраторов. Чему у нас можно обучиться OKD / Docker / Proxmox / PostgreSQL / GitLab / Jenkins / Nexus / Artifactory / Kafka / RabbitMQ / ELK / Graylog / Prometheus / Grafana / Ansible / Terrafrom / VPN Чем предстоит заниматься   Настройкой серверов на базе ОС Linux (AlmaLinux, Ubuntu, CentOS)   Мониторингом состояния оборудования, проведением первичной диагностики   Выполнять типовые запросы на обслуживание от пользователей систем (ServiceDesk)   Принимать участие в устранении аварий (отработке инцидентов)   Выполнять регламентные работы   Сбором информации и эскалацией сложных проблем на вторую линию поддержки   Взаимодействовать с инженерами других служб и подразделений   Поддерживать рабочие станции пользователей   Подбирать и приобретать новое оборудование, устанавливать новые рабочие места   Работать с поставщиками услуг, своевременно собирать документы и контролировать платежи   Вести системы учета ИТ активов, договоров, услуг   Что мы предлагаем   Официальное оформление и белую зарплату   Гибкое начало рабочего дня   Гибридный график работы (2 дня в офисе, 3 дня удаленно), офис в Москве в двух минутах от метро Автозаводская   Отсутствие бюрократии: все онлайн в удобном интранете   В офисе — компенсируем оплату обедов, закупаем фрукты и перекусы   Профессиональное развитие (оплата обучения, корпоративная библиотека, выступления на конференциях)   5 оплачиваемых “дней без больничного” в год   Компенсация больничного и отпуска — 100 % оклада   Компенсируем 50% затрат на спорт   Предоставляем скидку 50% на сервис онлайн-психотерапии   Возможность оформить отсрочку от призыва   А еще мы дарим классный фирменный мерч   Подключаем к ДМС со стоматологией после окончания испытательного срока.   Процесс отбора, если ваше резюме нам интересно 0. Предварительно нужно будет созвониться с рекрутером на 15-30 мин. 1. Назначаем собеседование со старшим системным администратором и старшим инженером DevOps ~ 1 час, затем с руководителем гильдии системных инженеров ~ 1 час. 2. Максимум через несколько дней (чаще – часов) принимаем решение и даем обратную связь.","Atlassian Jira;Docker;Gitlab;Базовая работа с Linux;Компьютерные сети, маршрутизация, протоколы;Обслуживание ПК;Построение компьютерных систем;Работа в команде;Системы управления конфигурацией",DevOps-инженер,0,1-3
117419532,DevOps-инженер/системный администратор linux,"Экзон Групп — ведущий разработчик и интегратор инновационных IT-решений в сфере строительства. Мы разрабатываем облачную платформу EXON, предназначенную для автоматизации и оптимизации строительных процессов. Наша миссия — объединить всех участников строительного процесса на одной платформе, обеспечивая прозрачность и ясность на каждом этапе работы. Ищем инженера администрирования инфраструктуры  в архитектурный отдел для нашего флагманского продукта. Ценим в своих сотрудниках ответственность и самостоятельность. Создаём комфортную и поддерживающую рабочую атмосферу, помогаем развиваться и инвестируем в обучение.Чем предстоит заниматься:  Обеспечение CI/CD подходов для команд разработки. Наш основной стек JS и Java. Обеспечение поддержки работоспособности нашего WEB-приложения на боевых и тестовых серверах, как собственных, так и заказчика. Мы работаем с Linux (Debian) серверами; Обеспечение мониторинга, прогнозирования и реагирования на инциденты; Обеспечение отказоустойчивости системы. Поддержка горячего резерва и бэкапов в актуальном состоянии. Главная задача по данному направлению - жизнеспособный продакшн сервер 24/7.  ЧТО НУЖНО ЗНАТЬ:  Linux на уровне администратора; Знание: • Bash scripting • PostgreSQL • ELK • Gitlab CI • Ansible, Docker, Docker swarm • Zabbix, Prometheus + Grafana • Traefik, Nginx • Rabbit MQБудет плюсом:• Keycloak • Mongo • Kubernetes  ЧТО МЫ ПРЕДЛАГАЕМ:  Официальное трудоустройство, полностью белая заработная плата. ДМС через полгода работы Мы предоставляем все льготы для сотрудников как аккредитованная IT-компания. Полный пакет социальных гарантий согласно Трудовому кодексу РФ. График работы: 5/2 с 09:30 до 18:30. У нас есть возможность гибкого начала рабочего дня, а также сокращённый день в пятницу! Удаленный формат работы: вы можете работать дистанционно из любой точки. У нас открытая корпоративная культура - мы поощряем инициативу и даем шанс реализовывать свои идеи! Прозрачный и гибкий карьерный трек - есть возможность вертикального и горизонтального роста. Обучение за счет компании. Насыщенная корпоративная жизнь - мы отмечаем все важные праздники, устраиваем мероприятия, тимбилдинги, спортивные состязания и многое другое. Уровень заработной платы обсуждается индивидуально по итогам интервью.  Присоединяйтесь к нашей команде мечты!  ",CI/CD;DevOps;Docker;ElasticSearch;Gitlab;Grafana;Java/Kotlin/Scala;Keycloak;Nginx;PostgreSQL;Базовая работа с Linux;Ответственность;Работоспособность;Самостоятельность;Сетевой мониторинг и логирование;Системы управления конфигурацией,DevOps-инженер,250000,1-3
110133305,Junior+/Middle Devops k8s Linux/Системный администратор удаленно,"Международной хостинговой компании требуется специалист в команду администрирования и DevOps.  Коротко о нас: Площадки в России, Нидерландах, США, Финляндии, Германии , Исландии и Турции. 8000+ физических серверов, кластеры виртуализации на 1000+ VPS, HPC кластер, своя сборка и проектирование серверов, 90+ человек в нескольких офисах. Работаем с 2008 года. Стек технологий: On Premise K8S, Bare metal, OpenStack, Golang, Ansible, Jenkins. Обязанности:  Разработка CI/CD-пайплайнов в GitLab; Написание Ansible-плейбуков; Создание консольных утилит на GoLang; Опыт взаимодействия с разработчиками для улучшения качества внутренних продуктов; Конфигурация мониторинга и сбора логов (ELK, Grafana, Coroot etc.); Управление инфраструктурой в стиле GitOps; Поддержка и ввод в эксплуатацию инфраструктуры для новых проектов.  Требования:  Опыт работы в качества Linux-администратора от 2 лет, хорошее понимание Unix-подобных систем; Базовое понимание сетевых моделей OSI/TCP/IP; Опыт работы с GitLab, Ansible, Grafana, ELK, PostgresSQL, MariaDB; Опыт построения системы мониторинга и ее поддержки.  Будет плюсом: • Опыт разработки Helm-чартов;• Развертывание и поддержка Kubernetes-кластеров;• Практический опыт работы с: FluxCD, ArgoCD, Istio, Terraform, HashiCorp Vault;• Опыт работы с системами виртуализации (KVM/Ovirt/OpenStack). --------------------------------------------------------------------------------------------- Мы рассматриваем только резюме заинтересованных кандидатов. Просим приложить сопроводительное письмо, начинающееся с «Работа в Hostkey». Условия:  Крутые проекты, возможность профессионального и личностного роста; Работа в команде с экспертами, вместе с которыми вы сможете реализовать свои идеи и инициативы; Обучение по профильным направлениям за счет компании; Performance Review каждые 6 месяцев (по итогам проводится грейд ап); Возможность влиять на выбор инструментов и решений в рамках продукта и всей компании; Отсутствие бюрократии, быстрое принятие решений внутри компании; Мы - аккредитованная IT-компания; Офис: город Москва, метро Электрозаводская 5 минут пешком или удаленная работа из произвольного места; Возможность оформления ИП или ТК РФ; Формат работы: удаленно, возможность не из Российской Федерации (офис, гибрид – по желанию); График работы: понедельник-пятница, 40 часов в рамках еженедельных спринтов. ","CI/CD;DevOps;Digital Security Office;Docker;ElasticSearch;Git;Gitlab;Golang;Grafana;Kubernetes;MariaDB;PHP;PostgreSQL;Python;Shell;SQL;Terraform;Администрирование серверов и рабочих станций;Базовая работа с Linux;Ввод оборудования в эксплуатацию;Виртуализация, облачная инфраструктура;Компьютерные сети, маршрутизация, протоколы;Разработка микросервисной архитектуры;Сетевой мониторинг и логирование;Системное мышление;Системы управления конфигурацией;Хранение и обработка данных",DevOps-инженер,150000,1-3
110627500,Linux инженер/Linux - администратор,"​​​​​​65apps – ведущий российский разработчик цифровых сервисов для лидеров финтеха, телекома, ритейла и страхования. Мы создаем мобильные приложения, сложные корпоративные системы, вэб-приложения, а также проводим исследования и аудиты, оказываем техническую поддержку. Заняли ТОП-7 в рейтинге веб-разработчиков/интеграторов Tagline. Наши стратегические партнеры - это МТС, Альфа Банк, ВТБ, Магнит, Лента, Яндекс, Тинькофф, ВКонтакте, X5 Group, Бургер Кинг, Детский мир и другие. Сейчас мы ищем Linux инженера в нашу команду на крупный foodtech проект. Работа с киосками для быстрого оформления заказа одной из крупнейших сетей ресторанов быстрого питания на рынке. Забота по бесперебойной работе всех киосков на территории РФ. Работа в команде с разработчиками и первой линией поддержки.  Нужно будет:   Поддерживать и консультировать сотрудников заказчика по продукту – платежным POS-терминалам на базе операционной системы Linux.   Разрабатывать документацию по продукту для внутренних нужд (база знаний для 1 линии поддержки, которая находится на стороне заказчика).   Дистанционно устанавливать, обновлять и настраивать программное обеспечение для POS-терминала.   Мониторить работоспособность, выявлять аварийные ситуации, заводить инциденты и их решение.   Разбирать обращения L1-инженеров, поступающих через нашу трекинговую систему.   Что мы ждем от тебя:   Знание операционных систем на базе Linux, предпочтительно CentOS.   Знание и опыт администрирования систем мониторинга (например, Zabbix, Nagios).   Понимание сетевых технологий и протоколов (TCP/IP).   Опыт работы с базами данных PostgreSQL, навыки администрирования и оптимизации.   Будет плюсом:   Опыт работы в роли тех.поддержки ( L1,L2 ).   Знание систем управления конфигурацией (Ansible, Puppet, Chef).   Опыт автоматизации задач администрирования с использованием скриптов (Bash, Python).   Опыт работы с высоконагруженными распределенными системами.   Опыт работы в команде DevOps.   Мы в свою очередь даём все возможности для развития:  Мощную команду, которая поддержит в работе и поможет развиваться. Интересные масштабные проекты с крупнейшими российскими компаниями, которые драйвят. Мы беремся только за те проекты, которые по-настоящему нравятся команде. У нас крупняк – интересный и разнообразный. Крутую технику для работы. Обучение и инициативы. Мы поддерживаем стремление сотрудников развиваться, пробовать новое и идти вперед. И даем все возможные ресурсы на воплощение в жизнь крутых инициатив и проектов. Корпоративную жизнь: мастер-классы, вечеринки и душевные посиделки в офисе. Гибрид или современный, уютный офис в Москве, Ижевске и Ульяновске. Оформление по ТК РФ, белую ЗП, ДМС и другие прелести официального трудоустройства. ",,DevOps-инженер,0,3-6
110627499,Linux инженер/Linux - администратор,"​​​​​​65apps – ведущий российский разработчик цифровых сервисов для лидеров финтеха, телекома, ритейла и страхования. Мы создаем мобильные приложения, сложные корпоративные системы, вэб-приложения, а также проводим исследования и аудиты, оказываем техническую поддержку. Заняли ТОП-7 в рейтинге веб-разработчиков/интеграторов Tagline. Наши стратегические партнеры - это МТС, Альфа Банк, ВТБ, Магнит, Лента, Яндекс, Тинькофф, ВКонтакте, X5 Group, Бургер Кинг, Детский мир и другие. Сейчас мы ищем Linux инженера в нашу команду на крупный foodtech проект. Работа с киосками для быстрого оформления заказа одной из крупнейших сетей ресторанов быстрого питания на рынке. Забота по бесперебойной работе всех киосков на территории РФ. Работа в команде с разработчиками и первой линией поддержки.  Нужно будет:   Поддерживать и консультировать сотрудников заказчика по продукту – платежным POS-терминалам на базе операционной системы Linux.   Разрабатывать документацию по продукту для внутренних нужд (база знаний для 1 линии поддержки, которая находится на стороне заказчика).   Дистанционно устанавливать, обновлять и настраивать программное обеспечение для POS-терминала.   Мониторить работоспособность, выявлять аварийные ситуации, заводить инциденты и их решение.   Разбирать обращения L1-инженеров, поступающих через нашу трекинговую систему.   Что мы ждем от тебя:   Знание операционных систем на базе Linux, предпочтительно CentOS.   Знание и опыт администрирования систем мониторинга (например, Zabbix, Nagios).   Понимание сетевых технологий и протоколов (TCP/IP).   Опыт работы с базами данных PostgreSQL, навыки администрирования и оптимизации.   Будет плюсом:   Опыт работы в роли тех.поддержки ( L1,L2 ).   Знание систем управления конфигурацией (Ansible, Puppet, Chef).   Опыт автоматизации задач администрирования с использованием скриптов (Bash, Python).   Опыт работы с высоконагруженными распределенными системами.   Опыт работы в команде DevOps.   Мы в свою очередь даём все возможности для развития:  Мощную команду, которая поддержит в работе и поможет развиваться. Интересные масштабные проекты с крупнейшими российскими компаниями, которые драйвят. Мы беремся только за те проекты, которые по-настоящему нравятся команде. У нас крупняк – интересный и разнообразный. Крутую технику для работы. Обучение и инициативы. Мы поддерживаем стремление сотрудников развиваться, пробовать новое и идти вперед. И даем все возможные ресурсы на воплощение в жизнь крутых инициатив и проектов. Корпоративную жизнь: мастер-классы, вечеринки и душевные посиделки в офисе. Гибрид или современный, уютный офис в Москве, Ижевске и Ульяновске. Оформление по ТК РФ, белую ЗП, ДМС и другие прелести официального трудоустройства. ",,DevOps-инженер,0,3-6
6b283941-8554-11ef-8511-25abf1fceba2,Системный администратор Linux (IaaS),"VK Cloud — это платформа облачных сервисов для бизнеса и разработчиков. С 2018 года мы развиваем облачные сервисы по модели as-a-service в публичных и частных инсталляциях. Наш продукт — собственная разработка компании. Мы стремимся построить платформу, которая встанет в один ряд с мировыми гиперскейлерами. Сейчас мы рады пригласить эксперта по виртуализации в команду инфраструктурной технической поддержки VK Cloud. Стек технологий: Linux (RH-based, Debian-based), KVM, OpenStack, Docker, K8s, Terraform, MySQL/MariaDB, PostgreSQL, ClickHouse, ArenaData, S3, Network (Neutron, Sprut), Ceph. Готовы предлагать формат работы на усмотрение кандидата: как полностью удалённо, так и в комфортных офисах в Москве, Санкт-Петербурге, Нижнем Новгороде, Казани, Сочи и Минске. Задачи:  решать сложные клиентские кейсы, связанные с платформой VK Cloud, в качестве эксперта по виртуализации; анализировать и решать инфраструктурные и клиентские инциденты по платформе VK Cloud; воспроизводить сложные клиентские проблемы в тестовой среде; взаимодействовать с разработкой, SRE, архитекторами; автоматизировать на Bash или Python; участвовать в плановых технологических работах на инфраструктуре сервиса VK Cloud.  Ищем в опыте коллеги:  опыт работы на должностях, связанных с администрированием ОС на базе Linux, не менее трёх лет; опыт администрирования прикладного и технологического ПО в Linux (RabbitMQ, HAProxy и другое); работа с виртуализацией: OpenStack, Proxmox, QEMU/KVM; знания сетевого стека (TCP, UDP, NAT/PAT, HTTP, DNS и так далее); опыт диагностики и анализа причин неисправностей и оптимизации производительности серверов и (или) виртуальных машин; опыт автоматизации типовых задач с помощью Bash или Python.  Будет плюсом:  опыт работы с Kubernetes; опыт работы с PostgreSQL, Redis, MongoDB. 
","DNS;FIrewall;HAProxy;Kubernetes;MongoDB;PostgreSQL;Proxmox;Python;RabbitMQ;Redis;S3;Базовая работа с Linux;Виртуализация, облачная инфраструктура;Компьютерные сети, маршрутизация, протоколы",DevOps-инженер,0,0
108476017,Build-инженер/программист,"Тензор – крупная российская аккредитованная IT-компания. Наш основной продукт – СБИС – сеть деловых коммуникаций. Систему СБИС придумали, создали и постоянно совершенствуют более 1500 разработчиков в 11 филиалах по стране. У нас есть фанаты дата-майнинга, эксперты в разработке кроссплатформенных приложений и высоконагруженных систем, разработчики мобильных, настольных и веб-приложений, специалисты по обработке, анализу и хранению больших массивов данных. Мы ищем Build-инженера/программиста в проект в отдел сервисный фреймворк платформы СБИС для развития и поддержки сборочной инфраструктуры собственной платформы компании для разработки серверных, десктопных и мобильных приложений. Ждем от вас:  глубокое понимание принципов работы систем сборки и пакетных менеджеров; опыт процесса сборки и пакетирования приложений на ЯП C++ под различные платформы (Windows, Linux, Mac); опыт работы с CMake, autotools и другими системами сборки; знание python и bash на уровне написания скриптов.  Желательно Опыт работы с пакетным менеджером Conan, базовое знание С++.   Мы предлагаем:  интересную работу в крупной и стабильной IT-компании; заработную плату в зависимости от квалификации и уровня ответственности; оформление по ТК РФ; премии от 5 до 20% по итогам работы за месяц; социальные гарантии, ДМС; возможности профессионального и карьерного роста, курсы иностранных языков; корпоративные праздники и различные совместные мероприятия.   ",C / C++;CMake;Python;Базовая работа с Linux,DevOps-инженер,167500,1-3
111805009,Build Engineer,"В крупную российскую IT-компанию, лидера в разработке программного обеспечения для моделирования нефтегазовых месторождений, требуется Build Engineer. Мы ищем профессионала, готового взять на себя задачи автоматизации сборки, деплоя и поддержки CI/CD-инфраструктуры. Обязанности:  Сборка используемых разработчиками библиотек на С++ для Linux и Windows в конфигурациях debug/release, static/dynamic; Поддержка процесса обновления приложений, библиотек и ОС; Обеспечение выпуска новых версий продукта, автоматизация публикации артефактов; Построение инфраструктуры для автоматического тестирования артефактов; Мониторинг и оптимизация CI/CD-процессов; Желание внедрять улучшения в процессы DevOps и разработки.  Требования:  Опыт работы в аналогичной должности от 3-х лет; Уверенное знание Python, bash, представление о PowerShell; Опыт построения CI/CD-пайплайнов с использованием Jenkins, GitLab CI или аналогичных инструментов для автоматизации сборки десктопного клиент-серверного ПО под Linux и Windows; Знание английского языка на уровне, достаточном для чтения и понимания технической документации; Опыт администрирования серверов на Linux; Высшее техническое или IT-образование; Приветствуется опыт работы с Docker, Kubernetes, Ansible или Terraform; Готовность посещать офис.  Условия:  Работа в динамично развивающейся крупной компании; Широкие возможности для профессионального и карьерного роста; Комфортный офис рядом с метро Профсоюзная; Доброжелательный коллектив: молодая, профессиональная и дружная команда; Свободная атмосфера (комнаты отдыха, массажное кресло, спортивные зоны с настольным теннисом, и т.д.); А также вкусный чай/кофе, печенье, фрукты, йогурты.  Здоровье и благосостояние сотрудников:  Достойная «белая» зарплата; Уровень заработной платы определяется с учетом пожеланий успешных кандидатов; Частичная компенсация затрат на спорт; ДМС для сотрудников и льготные условия по ДМС для членов семьи; Врач в офисе. ",C / C++;CI/CD;Docker;Gitlab;Kubernetes;PowerShell;Python;Terraform;Автоматическое тестирование;Администрирование серверов и рабочих станций;Базовая работа с Linux;Знание английского языка;Системы управления конфигурацией,DevOps-инженер,0,3-6
111861225,Системный администратор Dataflow (Linux),"Мы – компания Eastwind. Более 25 лет разрабатываем продукты для операторов сотовой и фиксированной связи. Наша команда помогает клиентам обрабатывать, хранить и анализировать главную ценность бизнеса – огромные объем данных. Мы создаем платформу, которая упрощает и автоматизирует работу с Большими Данными для data scientist’ов и data engineer’ов в больших корпорациях. Наша цель – дать клиентам возможность получать максимальную пользу от своих данных. В работе используем Linux-стек. Весь код храним в git, CI построена на базе Jenkins, код запаковывается в docker-контейнеры. Мы активно развиваемся, пробуем новые технологии и фреймворки, чтобы оставаться на передовой отрасли. Сейчас мы ищем в команды системного администратора с опытом работы от 3 лет. Обязательные требования:  Автономность и коммуникативные навыки. Способность самостоятельно решать проблемы и правильно формулировать вопросы. Хорошая трудовая этика. Поиск информации. Умение искать и анализировать информацию для решения проблем. Компетенции. Понимание принципов администрирования Linux/Unix систем. Свободно пользуетесь консолью. Можете написать простой Bash скрипт для автоматизации рутины. Можете прочитать Bash скрипт и понять, что он делает. Базовое понимание принципов работы Docker. Что-то слышали про Hadoop экосистемы, включая HDFS, YARN, MapReduce, Hive, Spark, HBase и другие компоненты. Что-то слышали про Ansible и IaC подход.  Будет плюсом:  Отличные коммуникативные навыки, хорошее владение устной и письменной речью Сильные аналитические способности. Опыт работы с Hadoop и Big Data технологиями. Умение устанавливать, настраивать и оптимизировать Hadoop кластеры. Дистрибутивы могут быть разными. Умение работать с мониторингом и алертингом, опыт применения для Hadoop кластера. Знание принципов безопасности данных и сетевой безопасности, способность настраивать доступ и управлять правами пользователей в Hadoop кластере. Навыки в области автоматизации задач с использованием скриптов (например, Bash, Python, Go) или инструментов управления конфигурациями (например, Ansible, Puppet). Опыт работы с БД (PostgreSQL, MySQL и т.д.). Желание изучать новые подходы и devops практики.  Обязанности:  Администрирование unix машин Просмотр и настройка производительности кластера Hadoop и планирования производственных мощностей Анализ логов Управление файловой системой и мониторингом Конфигурирование и тюнинг сервисов Выполнение анализа первопричин неисправностей и их устранение в рамках своих компетенций.  От нас:  Аккредитованная it-компания Трудоустройство по ТК РФ Гибридный или удаленный вариант работы Профессиональный рост Время работы с 9.30 до 18.00 с возможностью сдвига графика в пределах 2-х часов Интересный большой проект с передовыми технологиями и процессами Белая заработная плата Корпоративная скидка на занятия английским языком ",CI/CD;Docker;Gitlab;Hadoop;Kubernetes;Nginx;PostgreSQL;Администрирование серверов и рабочих станций;Аналитическое мышление;Базовая работа с Linux;Грамотная речь;Информационная грамотность;Коммуникативная грамотность;Системы управления конфигурацией,DevOps-инженер,200000,1-3
116034155,Системный администратор Linux/SRE (DevOps),"Привет! Мы развиваем и поддерживаем собственный высоконагруженный fintech-проект (обрабатываем миллионы платежей в день), а также сопутствующие сервисы.Сейчас мы находимся в поиске опытного инженера, который присоединится к команде и поможет управлять нашей инфраструктурой и развивать ее. Команда состоит из: SysOps/SRE, NetOps, DBA. Техника и технологии: - OS - Ubuntu GNU/Linux- Virtualization - KVM, Docker + K8s- Apps - Java + Kotlin, Python- DB - PostgreSQL, MongoDB, Redis, ClickHouse- Queue - Kafka, RabbitMQ- LB - HAProxy, Nginx- SCM - Ansible- CI/CD - GItlab-CI, TeamCity- Networking - Own ASN, ECMP, BGP, OSPF- Monitoring - Prometheus + Grafana, Zabbix- Logging - ELKСобственное серверное и сетевое оборудование, практически полный in-house. Чем у нас нужно заниматься:    Обеспечивать бесперебойное функционирование и развитие инфраструктуры.   Работать вместе с командами разработчиков над улучшением производительности и стабильности проекта.   Изучать и внедрять DevOps-практики.   Несколько фактов о нас:  У нашего проекта высокие нагрузки и высокая доступность. Постоянное технологическое развитие, R&amp;D и постоянное внедрение новинок. Собственная разработка. Роскошная команда.Наши специалисты могут совместно с разработчиками создать и развернуть новую платформу электронных кошельков за три месяца или обкатать и внедрить ECMP на работающей платформе с SLA 99.99.От вас мы ожидаем:    Отличное знание OS GNU/Linux, понимание POSIX;   Уверенные знания сетей TCP/IP (switching и routing);   Знание системы управление конфигурациями (Ansible);   Опыт работы с системами виртуализации (KVM);   Опыт работы с балансировщиками нагрузки(HAProxy) и Веб-серверами(Nginx/Apache);     Опыт работы с системой контроля версий Git;   Опыт работы с системами мониторинга Zabbix, Prometheus;   Умение автоматизировать рутинные процессы на Bash (Python, Go).   Мы предлагаем:   Работу в продуктовых командах, которые постоянно общаются с заказчиками и обсуждают решения; Начало рабочего дня не позднее 11.00 на командном мите. На нем мы обсуждаем текущие задачи и вопросы членов команды; Обсуждаемый уровень дохода индивидуально с успешным кандидатом; Работу удаленно и выходим в офис по желанию. Мы с радостью познакомимся, если вы из другого города. Готовы предложить удаленный формат или помочь с переездом в СПб. Офис располагается в комфортабельном БЦ Плаза г. Санкт-Петербург. Наш офис получил премию Best Office Awards 2024 в номинации «Комфорт и эргономика». А в Москве наш офис находится в Москва-Сити, БЦ Город Столиц; Подключение к программе ДМС с первого месяца работы; Спортивные активности не только в офисах, но и за пределами (пляжный волейбол, йога, онлайн поддержка тренера по бегу); Обучение и развитие (внутренние корпоративные курсы и техтолки, внешние конференции и обучения, английский язык, электронная библиотека МИФ); Участие в развивающих мероприятиях. Ежегодно проводим свою собственную выездную конференцию ЦУПИС TALKS, а также основали профессиональное сообщество ЦУПИС Intelligence, проводим митапы для экспертов; Официальное оформление, согласно ТК РФ; Спорт. Наши команды участвуют в самых популярных спортивных мероприятиях страны. Номинанты премии Спортивный коллектив года по версии Спорт и Россия, а также спонсоры и партнеры RRC Ski Race и Wild Trail; Корпоративную программу лояльности BestBenefits. Получать приятные бонусы и скидки в популярных магазинах и сервисах можно с первого рабочего дня.  Как проходит собеседование:   40-минутное знакомство с HR и CTO компании Собеседование с будущим руководителем и командой.  Если в тебе это откликается - пиши нам! Мы будем рады знакомству!</p>",DevOps;Docker;Gitlab;Kubernetes;MongoDB;Nginx;PostgreSQL;Базовая работа с Linux;Работа в команде;Системы управления конфигурацией,DevOps-инженер,0,3-6
114057173,Продуктовый менеджер веб-проектов,"Postgres Professional — разработчик самой популярной российской СУБД Postgres Pro на базе свободно распространяемой PostgreSQL. А еще мы — один из крупнейших в мире контрибьюторов открытой СУБД: каждый год отправляем в сообщество PostgreSQL более 100 патчей. В Postgres Professional работают опытные эксперты в PostgreSQL — в нашей команде больше половины российских постгресистов, включая Major Contributors системы. Вместе мы решаем сложные задачи заказчиков, в том числе доработки в ядро PostgreSQL. Мы приглашаем на постоянную работу опытного продуктового менеджера для развития веб-проектов компании.  Чем предстоит заниматься:   ре-дизайном, доработкой и развитием русскоязычного и англоязычного сайта компании, включая карьерные подсайты;   развитием сайта крупнейшей российской конференции по PostgreSQL;   развитием корпоративного интранет-портала;   интеграцией веб-проектов друг с другом и внутренними информационными системами компании - интранетом, 1С;   выявлением возможностей для улучшения веб-проектов.   Мы ожидаем:   опыт продуктового и проектного управления собственными сайтами компании, рассчитанными на широкую профессиональную аудиторию:   • сбор требований • ведение бэклога команды • постановка задач разработчикам и дизайнерам • ведение проектной документации • запуск проектов, сбор обратной связи   проактивное выявление возможностей для улучшения веб-проектов;   опыт использования веб-аналитики и умение интерпретировать данные для принятия решений;   анализ и оптимизация CJM для улучшения пользовательского опыта;   планирование А/Б тестирования для улучшения ключевых метрик;   развитые коммуникативные навыки и способность аргументировано отстаивать свои решения.   Мы предлагаем:   гибридный или офисный формат занятости в Москве (м. Академическая);   гибкое начало рабочего дня;   все возможности для профессионального развития;   обучение – оплачиваем внешние обучающие программы и компенсируем затраты на посещение конференций;   медицинское страхование сотрудника (+1), компенсацию спортивных активностей и затрат на оборудование удаленного рабочего места, занятия английским языком, технику для работы, обеды в офисе и др.    ",A/B-тестирование;Atlassian Jira;Веб-аналитика;Ведение документооборота;Знание английского языка;Проактивность;Сбор и анализ требований;Умение принимать решения;Управление проектами;Формирование технических заданий;Чтение проектной документации,DevOps-инженер,0,3-6
110242520,DevOps/linux/ansible," Команда Центра экспертизы разработки и сопровождения систем приглашает кандидатов в Стрим Качество на Роль DevOps   Наши ожидания от инженера:  хорошо знаком с linux-системами (на уровне администратора) может спроектировать пайплайн, отвечающий жизненному циклу приложения может с нуля разработать и поддерживать роль ansible / конфигурацию terraform разрабатывает скрипты на bash может написать утилиту на python/golang понимает, как работают разные MQ/distributed log системы имеет опыт работы с различными СУБД (предпочтение postgresql), может сделать запрос. имеет опыт работы с kubernetes/openshift  Будет плюсом:  Умение быстро ориентироваться в новых для себя языка программирования Знакомство с Kotlin/KotlinDSL Хороший скил по документированию собственной работы  Чем предстоит заниматься:  Разбор обращений пользователей в зоне ответственности. Поддержка и разработка кода в рамках IaaC Эксплуатация инструментов DevOps текущего стека: teamcity/bitbucket/nexus/sonarqube Исследование инцидентов производительности и безопасности в зоне ответственности. Практическое использование данных систем логирования и мониторинга. Создание и улучшение инструментов и процессов devops исследование и оптимизация пайплайнов и технологического стека  Нужна готовность работать дистанционно в режиме Мск времени Почему мы? У нас круто!• По-настоящему живая и увлечённая команда;• Премии и бонус к отпуску;• ДМС со стоматологией с первого месяца;• Внутреннее и внешнее обучение;• Отпуск 33 дня;• Скидки на фитнес, массаж, авиабилеты и многое другое ",DevOps;Git;Golang;Java/Kotlin/Scala;Kubernetes;PostgreSQL;Python;SonarQube;Terraform;Базовая работа с Linux;Сетевой мониторинг и логирование;Системы управления конфигурацией;Управление базами данных,DevOps-инженер,0,3-6
115723122,Product designer / Продуктовый дизайнер ЕЛК,"НЕМНОГО О КОМАНДЕ: У нас есть профессионалы разных профилей, с которыми всегда можно обменяться опытом и обсудить самые последние новости индустрии. Как одни из лидеров рынка финансирования жилищного строительства, мы уделяем пристальное внимание развитию удобных цифровых продуктов для людей. Мы активно растем и расширяем свою команду. У вас есть возможность стать участником команды профессионалов, объединенных амбициозными целями, принести свой опыт, влиять на результат и делать уникальный продукт. Позиция открыта в подразделении дизайна и клиентского опыта в Банке ДОМ.РФ. Направление работает над продуктами всей группы компаний ДОМ.РФ. Вакансия - в команде Дистанционного банковского обслуживание для физических лиц. О ПРОЕКТЕ: Мы - команда Проектного финансирования, проект Единый личный кабинет (ЕЛК). Наши клиенты - это сотрудники компании и компании-застройщики, которые работают с нами по блоку Проектного финансирования. Мы разрабатываем и внедряем удобные решения, заботясь о том, чтобы их работа была легкой и эффективной. Мы работаем с высоконагруженными интерфейсами и строим логически сложные сценарии, чтобы у пользователя не было шансов на ошибку. Сейчас над проектом трудятся два дизайнера. ЧЕМ ПРЕДСТОИТ ЗАНИМАТЬСЯ:  Разрабатывать digital-продукт Единого личного кабинета для юридических лиц. Стать активным членом команды, создавать продукт и его ценность для клиентов и банка Проектировать новые и развивать имеющиеся сервисы банка, основываясь на статистике и метриках в тесном взаимодействии с командой Понимать весь клиентский путь, уметь отрисовывать его в СJM и User Flow, выявлять точки роста и внедрять улучшения по нему Анализировать текущие решения, инициировать исследования, строить гипотезы и проверять их Презентовать разработанные макеты, аргументируя свои решения Готовить макеты для передачи в разработку и контролировать качество реализации интерфейсов Поддерживать и улучшать дизайн-систему в плотной связке с командой  НАШИ ПОЖЕЛАНИЯ К СОИСКАТЕЛЮ:  Коммерческий опыт работы в сложных продуктах от 2 лет (не фриланс) Опыт работы с высоконагруженными системами, CRM, табличными представлениями Наличие качественного, актуального и структурированного портфолио (высоконагруженные и сложные интерфейсы будут преимуществом) Готовность быстро погрузиться в специфику и цели продукта Продвинутый опыт работы в Figma: работа с UI-библиотеками (компоненты, варианты, стили и пр), чтение документации, следование гайдам Умение самостоятельно внедрять новые компоненты в уже существующую дизайн-систему при необходимости Забота о разработчиках и коллегах других направлений - соблюдение порядка в своих макетах Умение презентовать свою работу и обосновывать эффективность выбранных решений Инициативность и умение брать на себя ответственность за выполнение поставленных задач. Самостоятельность, проактивность и умение перформить Умение слушать и договариваться с заказчиками, коллегами и экспертами  БУДЕТ ПЛЮСОМ:  Знание BPMN/UML нотаций Разработка CJM для продукта Опыт в исследованиях по продукту  ВАЖНАЯ ИНФОРМАЦИЯ: Для нас важно увидеть не концептуальные и учебные работы, а реальный опыт, который можно показать без нарушения NDA. Нам интересно узнать какие задачи проекта стояли перед вами, как вы справились с этим и почему выбрали именно эти решения",UI/UX Дизайн;Исследование клиентского опыта;Контроль качества;Составление карты пути клиента (CJM);Статистическая обработка данных,DevOps-инженер,0,1-3
106826227,Системный инженер Windows/Linux,"  Наш подход в IT   По духу мы стартап, а в деле — энтерпрайз   Работаем в кросс-функциональных продуктовых командах: продакты,   аналитики, разработчики, QA инженеры   Используем гибкие методологии (agile у нас правда работает)   Развиваем процессы DevOps, которые реализованы через Gitlab CI/CD в инфраструктуре Kubernetes   Придерживаемся подходов ООП (объектно-ориентированного программирования)   Стремимся к принципам CI/CD — непрерывной интеграции и поставки кода   Пишем на: Go, NodeJS, Angular, PHP   Используем PostgreSQL, Redis, RabbitMQ для управления и хранения данных   Вопросы администрирования и поддержки лежат на инфраструктуре (сетевые инженеры, DBA, системные администраторы Linux)   Чем предстоит заниматься  Обеспечение непрерывной доступности ИТ систем компании за счёт настройки мониторинга Zabbix/Grafana/Prometheus Автоматизация рутинных задач - Ansible/Terraform/Скрипты Администрирование ОС Linux и Windows Обслуживание и настройка парка серверного и сетевого оборудования Развитие, настройка и администрирование систем системы видеонаблюдения. Администрирование систем СКУД, ЭДО, ЭЦП Взаимодействие с подрядными организациями, контроль выполнения работ Проектная деятельность Выполнение заявок 2-3 линии поддержки  Что мы хотим видеть в кандидате   Опыт работы от 3-х лет в роли системного инженера Linux   Технические навыки администрирования Linux, Windows   Уверенный опыт работы с системами мониторинга   Опыт работы с серверным оборудованием   Умение работать в команде   Проактивный подход в решении задач   Мы предлагаем   Официальное трудоустройство в аккредитованной IT-компании   Открытую культуру и команду, вместе с которой развиваешься   График работы 2/2 с 8.00 до 20.00   Обучение в академии 12 STOREEZ, скидки от партнеров Skillbox, Skyeng   Полис ДМС со стоматологией   Скидки на продукцию бренда и сертификат на день рождения   Комфортная среда: мягкие переговорные, фрукты и ароматный кофе на кухне, “пятница — день собак” и другие приятные мелочи   Офис в стиле лофт на Трехгорной Мануфактуре: 10-15 минут пешком от станций метро Улица 1905 года, Выставочная, Краснопресненская   Какие этапы предстоит пройти   Свяжемся, чтобы выбрать удобное время для интервью   На интервью с HR поговорим о ваших целях и опыте   На интервью с будущим руководителем обсудим задачи и приоритеты, расскажем, как устроен рабочий процесс   На интервью с амбассадором найма смотрим, насколько мы сходимся по ценностям   Запросим рекомендации у ваших предыдущих работодателей   Отправим оффер  ","Back-end разработка;Front-end разработка;Grafana;PHP;Redis;Terraform;Базовая работа с Linux;Выполнение производственного технического контроля;Компьютерные сети, маршрутизация, протоколы;Контроль качества;Проактивность;Работа с подрядчиками;Работа с системами видеонаблюдения;Сетевой мониторинг и логирование;Системы управления конфигурацией;Техническая грамотность;Управление проектами",DevOps-инженер,0,3-6
117531928,DevOps-инженер/системный администратор linux,"Являемся владельцами и разработчиками веб приложения для организации командировок Millennium. Завершаем переход на микро-сервисную архитектуру (CI/CD) в облаке Яндекса (сейчас работаем на виртуальных машинах в Селектеле). На данном этапе требуется специалист уровня «эксперт» с отличным опытом настроек и администрирования серверов веб-приложений (кастомных конфигураций Nginx), чтобы оценить созданные образы, правильно спроектировать нагрузку и все компоненты и запустить приложение в новой инфраструктуре. Приветствуется опыт работы с Яндекс. Cloud. Планируем следующую схему работы со специалистом: Единоразовый договор ГПХ на проект, который будет включать в себя следующие этапы: оценка новой инфраструктуры на Яндекс. Cloud, изучение существующей инфраструктуры на Селектеле и замер нагрузки, настройка новых серверов на Яндекс. Cloud с учетом потребностей, проведение нагрузочного тестирования, ввод в эксплуатацию. В последующем рассматриваем оплату за консультации или постоянную поддержку в оговоренном размере. Работа полностью удаленная и возможна по совместительству. Гарантируем полную конфиденциальность и быстрое принятие решений (вся команда состоит из профессионалов и работает на результат без пустых разговоров). Подчинение напрямую Генеральному директору. Требования   Возможность работать с 9-18:00 мск с командой в быстром темпе;   Практический опыт работы с инструментами CI/CD и деплоя GitLab CI от 5 лет;   Опыт администрирования Linux (Ubuntu) и Nginx от 5 лет;   Опыт работы с системой оркестрации Kubernetes;   Опыт конфигурирования нагруженных веб-систем (интернет магазины и др).   Опыт написания docker-файлов и скриптов автоматизации на ansible;   Опыт сопровождения СУБД MySQL, включая настройку кластеров и оптимизацию производительности;   Опыт настроек алертинга: Grafana, ELK;   Опыт настроек Rabbit MQ;   Опыт работы с S3;   Опыт работы с Redis.   Условия: - Удаленная работа. - Занятость на разовый проект с возможностью последующей поддержки/консультаций. - Оформление - договор ГПХ.  ","CI/CD;DevOps;Docker;Gitlab;Grafana;Kubernetes;MySQL;Nginx;RabbitMQ;Redis;Администрирование серверов и рабочих станций;Базовая работа с Linux;Ввод оборудования в эксплуатацию;Компьютерные сети, маршрутизация, протоколы;Нагрузочное тестирование;Работа с измерительными приборами и инструментами;Системы управления конфигурацией;Управление базами данных",DevOps-инженер,300000,6-
108482527,Linux инженер (SberDevices),"SberDevices - команда, которая создает программные решения и цифровые устройства для жизни и бизнеса. От речевых технологий до видеоконференцсвязи, от Smart TV до оснащения умного дома. Мы - команда эксплуатации SberDevices, мы создаем отказоустойчивую инфраструктуру для умных устройств и высоконагруженных систем. Чем мы занимаемся:  строим инфраструктуру в 2-х облаках (SDN, VM, LB, CDN, IaaS/PaaS/SaaS) пишем Ansible роли, модули Terraform используем подход IaC. Весь код храним в GitLab пишем GitLab piplines/микросервисы для внутренних нужд на python/bash.  Обязанности  прорабатывать базовую архитектуру и реализовывать её внедрять новые сервисы для улучшения инфраструктуры покрывать мониторингом инфраструктуру и сервисы (сбор и анализ метрик, логирование, проактивный мониторинг) писать Ansible роли, Terraform модули, Gitlab piplines для автоматизации перевозить инфраструктуру в Openshift и поддерживать ее реагировать и решать проблемы на уровне ОС/сети (strace, tcpdump, etc).  Требования  уверенные знания Linux понимание принципов работы сети (TCP/IP) понимание принципов работы Web балансировщиков и опыт работы с ними опыт работы с системами управления конфигурациями (Ansible, Puppet, etc) опыт работы с системами мониторинга (Zabbix/Prometheus/VictoriaMetrics) опыт работы с Docker/Kubernetes/OpenShift опыт работы с системами контроля версий (git) опыт программирования (Bash, Python).  Будет плюсом:  опыт работы с менеджером очередей (RabbitMQ\Kafka) опыт работы с web серверами (Apache, Nginx, Traefik, HAProxy) опыт работы с Terraform.  Условия  комфортный современный офис рядом с м. Кутузовская гибридный формат работы ежегодный пересмотр зарплаты, годовая премия корпоративный спортзал и зоны отдыха система обучения для профессионального и карьерного развития расширенный полис ДМС с первого дня работы и страхование для семьи программа ипотеки для сотрудников бесплатная подписка СберПрайм+, скидки на продукты компаний-партнеров вознаграждение за рекомендацию друзей в команду Сбера. ","Apache Kafka;DevOps;Docker;Git;Gitlab;HAProxy;Kubernetes;Nginx;Python;RabbitMQ;Terraform;Администрирование серверов и рабочих станций;Базовая работа с Linux;Компьютерные сети, маршрутизация, протоколы;Проактивность;Сетевой мониторинг и логирование;Системы управления конфигурацией",DevOps-инженер,0,3-6
117534310,SRE/Linux администратор,"Компания Servicepipe — разработчик решений для анализа и фильтрации нежелательного трафика. С 2015 года мы создаём продукты высокоточной защиты от DDoS-атак и фуллстек-ботов, помогая компаниям предотвращать автоматизированные кибератаки как на сетевом уровне, так и на уровне веб-приложений. Сегодня нам доверяют более 500 клиентов из различных отраслей и в связи с активным ростом мы ищем Системного администратора Linux/SRE в нашу команду эксплуатации продукта. Про проект: мы разрабатываем свой сервис предотвращения DDoS-атак, защиты от ботов и интернет мошенничества. Процессинг трафика происходит в реальном времени, поэтому мы стараемся создать не только эффективное с точки зрения защиты, но и быстрое с точки зрения производительности решение. Обязанности:  Эксплуатация инфраструктуры проекта; Совершенствование систем мониторинга и логирования; Обеспечение безопасности инфраструктуры; Участие в жизни проекта на многих этапах — разработка, внедрение, обновление, улучшение, поддержка; Поддержка и развитие системы CI/CD, взаимодействие с разработчиками; Вторая линия технической поддержки; Активно взаимодействовать со смежными отделами; Участие в устранении и расследовании причин инцидентов.  Требования:  Имеете опыт администрирования Unix/Linux — более 3 лет (CentOS, Ubuntu); Администрировали open source приложения (веб-серверы, базы данных т.д.); Знаете сетевые технологии TCP/IP; Имеете опыт программирования на скриптовых языках (shell, python, php, perl); Работали с системами мониторинга (zabbix, etc); Умеете перенимать опыт коллег и делиться с ними собственным; Последний год вы работали в аналогичной должности; Опыт с nginx/haproxy, знание различных версий HTTP/HTTPS, принципов работы прокси-серверов, веб-сервисов, основных протоколов прикладного уровня.  Будет плюсом, если вы:  Знаете английский язык; Имеете опыт проектирования систем, работающих непрерывно и бесперебойно (24х7х365); У Вас есть аналитические навыки предотвращения и быстрого устранения неисправностей.  Условия:  Работа в аккредитованной IT-компании; Современный офис в центре Москвы с фруктами, кофе и печеньками; Свобода в выборе формата работы: удаленный ,гибридный ,из офиса; ДМС со стоматологией по итогу прохождения испытательного срока; Частичная компенсация расходов на фитнес и сервис психологических консультаций Alter; Оплата профессиональных курсов и конференций, а также доступ к корпоративной библиотеке МИФ; Насыщенная корпоративная жизнь: корпоративы, митапы и клубы по интересам. ","Apache;CI/CD;Nginx;Perl;PHP;Python;Администрирование серверов и рабочих станций;Базовая работа с Linux;Компьютерные сети, маршрутизация, протоколы;Обеспечение информационной безопасности;Сетевой мониторинг и логирование",DevOps-инженер,0,3-6
111610436,Системный администратор Linux / Kubernetes (Middle DevOps инженер),"В нашу компанию требуется хороший человек - и при этом DevOps инженер:) Наш профиль - это in-house разработка массовых онлайн-сервисов и софтов, а также инструментов для партнёрского маркетинга. Мы занимаем лидирующие позиции на рынке дистрибуции софта в странах СНГ. Эта вакансия для человека с опытом - системного администратора Linux, которому интересно развиваться в сторону DevOps. Или для специалиста, который уже позиционирует себя как DevOps-инженер. Кратко: Linux admin, DevOps, full-time, гибкий график, удалённая работа. Гарантируем крутой рабочий процесс, современный стек технологий, помощь в освоении нового, интересные задачи и, конечно, достойную оплату. Обязанности:   Администрирование и поддержка инфраструктуры компании: Kubernetes-кластер и несколько dedicated-серверов (legacy).   Взаимодействие с разработчиками для решения инцидентов и текущих задач.   Переезд приложений с legacy-инфраструктуры в Kubernetes;   Написание документации:   Локальная разработка и деплой приложений;   Сетап инфраструктуры с нуля;   Разбор инцидентов.     Инициатива в дальнейшем развитии и автоматизации инфраструктуры.   Используемые технологии:   Облачные провайдеры: Kubernetes в Google Cloud, выделенные серверы в OVH (legacy), Droplets и Spaces в DigitalOcean.   Управление конфигурацией: Helm, Ansible (legacy).   Изоляция приложений: Docker-контейнеры, немного LXC (legacy).   Логи и мониторинг: Prometheus, Loki.   Визуализация: Grafana.   CI/CD: Jenkins.   Базы данных: MySQL, MongoDB, Redis.   Разработка веб-приложений: Node.js, Python (Django/Flask), Next.js.   Kubernetes Ingress: Nginx.   Условия:  Оклад 180 000 - 250 000 руб при full-time. Определяется вашими начальными навыками. Премии за успешное выполнение стратегически важных этапов. Удалённая работа. Гибкий график. Вы сможете разбить свой день на удобные интервалы работы и работать в привычной обстановке. Современные процессы разработки (Docker + Kubernetes, CI/CD + GitOps). Востребованные и качественно реализованные проекты, в которых уже есть микросервисная архитектура, либо идёт переезд на неё. Классная команда - мы умеем и любим работать с людьми. Гарантируем “правильный” менеджмент и содействие в прокачке недостающих компетенций. У нас выверенный годами баланс между дисциплиной и свободой.  Дополнительные инструкции: Мы будем признательны, если к отклику вы приложите:  небольшой рассказ о себе в свободной форме: напишите об интересах в DevOps (или работе в целом) и о том, что зацепило в нашей вакансии; примеры своих Helm chart&#39;ов или Docker config&#39;ов: GitHub, Bitbucket, ссылка на облако. ",Docker;Kubernetes;Администрирование серверов и рабочих станций;Базовая работа с Linux;Разработка документации;Системы управления конфигурацией;Управление продуктом,DevOps-инженер,215000,1-3
107140902,Инженер-Технический писатель (Linux),"TVIP labs — это российская аккредитованная IT-компания, создающая программное обеспечение для IPTV/OTT бизнеса. Входит в группу компаний TVIP, работающих над следующими проектами:  IPTV/OTT медиацентры TVIP S-Box. платформа для управления IPTV/OTT сервисами. модульное решение для вещания в сетях IPTV/OTT. интерактивный IPTV сервис для операторов связи. Контроллеры для автоматизации (IoT, Smarthome).  Внимание! Компания не рассматривает удаленный вариант работы. Перед тем, как откликнуться, убедитесь, что вам такой вариант подходит!   Мы ищем инженера с навыками технического писателя. В этой роли вам предстоит:  предоставлять техническую поддержку клиентам на русском и английском языках. Наши продукты разрабатываются на языках Java и C++ для ОС Linux, поэтому вам потребуется опыт работы с Linux, понимание работы компьютерных сетей, а также умение анализировать логи и делать на их основе выводы. Преимуществом будет способность читать программный код оказывать помощь менеджерам проектов в составлении проектной документации и сопровождать процесс публикации нашего ПО в магазинах приложений поддерживать актуальность и дополнять публичную документацию компании (docs.tvip.tv). Для документирования продуктов мы используем Sphinx, поэтому опыт работы с этой системой будет преимуществом.  Условия:  Работа в комфортном офисе в Санкт-Петербурге, (10 минут пешком от ст.м. Пионерская / Комендантский проспект.) Официальное трудоустройство Современное, индивидуальное, оборудованное рабочее место Работа в молодом и дружном коллективе (не удаленно) Социальный пакет, ДМС (после испытательного срока) Возможность профессионального и карьерного развития Достойный уровень дохода, который обсуждается индивидуально с каждым кандидатом Частичная компенсация питания Чай, кофе, снеки и фрукты в неограниченном кол-ве ","Sphinx;Базовая работа с Linux;Знание английского языка;Компьютерные сети, маршрутизация, протоколы;Техническая поддержка пользователей;Чтение проектной документации",DevOps-инженер,0,1-3
107469189,DevOps/Linux Инженер,"Отдел услуг администрирования - команда инженеров, разработчиков и архитекторов, мы занимаемся построением и сопровождением информационных систем для клиентов компании, а также придерживаемся современных практик (DevOps - наше все!), не боимся сложностей (а сколько сервисов у тебя в кластере?) и обожаем все автоматизировать. Мы любим потестить что-нибудь новенькое, но в прод пускаем только то, в чем железобетонно уверены! Приглашаем SRE инженера в нашу команду, с которым вместе пройдем огонь, воду и СI-пайплайны и вместе затащим не один классный проект!   Основные задачи  Проектирование, развертывание и перенос инфраструктур клиентов на мощности Selectel  Развитие и поддержка инфраструктур клиентов на базе Linux   Развитие инструментов автоматизации   Внедрение и развитие средств защиты информации   Построение процессов постоянной интеграции и разработки (CI/CD)   Разработка и поддержка внутренних сервисов отдела   Создание документации по инфраструктуре и процессам, а также поддержка её актуальности   Мы ожидаем  Опыт работы с облачными провайдерами Опыт работы со средствами защиты информации (Usergate, Secret Net Studio, vGate) Опыт администрирования систем Linux (Debian-based) Опыт администрирования кластеров СУБД (PostgreSQL/MySQL) Опыт администрирования web-серверов (Nginx/Apache) Опыт автоматизация настройки серверов с помощью ansible Ansible Опыт описания инфраструктуры проекта при помощи Terraform Понимание работы сетей (OSI, TCP/IP, VPN, VLAN, маршрутизация) и навыки траблшутинга Понимание работы систем контроля версий Git Владение скриптовыми языками для автоматизации  +100 к резюме  Опыт работы с Gitlab CI Опыт работы с продуктами компании Astra (ОС Astra Linux, ALD Pro, Termidesk, Tantor) Опыт работы с системами мониторинга и сбора диагностических данных (ELK/Grafana/Prometheus/Zabbix) Уверенное знание Docker, а также понимание основных принципов CI/CD Базовые знания k8s  Условия:   Оформление в официально аккредитованную IT-компанию   Белая заработная плата   Годовая премию по результатам работы до 15% от суммарного оклада за 12 месяцев   30 000 бонусных рублей на услуги компании ежегодно   Релокационный бонус при переезде   Бесплатные обеды и кофе-брейки   Гибкое начало рабочего дня (до 12:00)   Современный офис в 10 минутах пешком от м. Московские ворота и своя парковка (и для велосипедов тоже)   Гибридный формат работы (офис/удаленка)  ","Apache;CI/CD;Docker;ElasticSearch;Gitlab;Grafana;Kubernetes;MySQL;Nginx;PostgreSQL;Terraform;vGate;VPN;Администрирование серверов и рабочих станций;Базовая работа с Linux;Компьютерные сети, маршрутизация, протоколы;Маршрутизация;Поиск и привлечение новых клиентов;Сетевой мониторинг и логирование;Системы управления конфигурацией;Техническая поддержка пользователей",DevOps-инженер,0,1-3
108236512,Middle / Senior DevOps (WebCAT),"Solar webProxy - шлюз веб-безопасности (SWG). Гибко разграничивает доступ к веб-ресурсам, приложениям и файлам, защищает от зараженных и фишинговых сайтов, блокирует утечки через веб-канал. Что нужно будет делать:  Проектирование, реализация и поддержка масштабируемой и надежной инфраструктуры с использованием облачных технологий Kubernetes; Проектирование, реализация систем мониторинга, отслеживание инцидентов и восстановление работоспособности систем (Prometheus, Zabbix, VictoriaMetrics, Grafana); Проектирование, реализация систем логирования (OpenSearсh, ElasticSearch); Разработка автоматизации процессов сборки и доставки кода (Jenkins, Nexus, Deb, RPM, Docker, Helm, Ansible); Работа с системами виртуализации (Openstack, Proxmox, VmWare); Работа с системами на базе Linux (Redhat, Centos, Ubuntu, Debian, РедОС, Astra Linux, Alt Linux); Написание bash/sh/python/groovy скриптов для автоматизации процессов.  Что мы ожидаем:  Опыт работы с системами Linux (Debian/Ubuntu/Centos) на уверенном уровне; Опыт работы с системами хранения секретов/паролей; Опыт работы с системами хранения артефактов (Nexus, Jfrog Artifactory); Опыт поддержки SQL/noSQL баз данных (Postgresql, MariaDB, MongoDB); Опыт использования инструментов автоматизации (Ansible, Puppet); Опыт работы с git; Опыт работы с Jenkins и опыт работы с groovy кодом; Опыт работы с системами мониторинга и логирования; Prometheus/Zabbix/Grafana/ElasticSearch/OpenSearch; Опыт написания скриптов на bash/sh/python; Опыт работы с системами виртуализации Openstack/Proxmox/VmWare; Опыт работы с контейнеризацией Docker/Podman; Опыт работы с Kubernetes/Rancher; Опыт написания документации по проделанной работе.  Плюсом будет:  Опыт программирования на языках GO/JavaScript, опыт работы с HTML/CSS; Опыт работы с HELM; Опыт работы с DEB/RPM пакетами; Знание UNIX систем, таких как FreeBSD; Опыт работы с распределенными системами хранением данных CEPH, GlusterFS, DRBD.  Мы предлагаем:  Официальное оформление в аккредитованную ИТ-компанию со всеми льготами (ипотека, отсрочка и тп); Конкурентный оклад, премии по результатам работы; Сильная команда экспертов, которые всегда готовы помочь и поделиться знаниями; Возможность работать над передовыми продуктами в сфере кибербезопасности; Перспективы для профессионального и карьерного продвижения; Корпоративные мероприятия, путешествия, спортивные активности онлайн и оффлайн (онлайн-марафоны, бег, йога, волейбол, лыжи, и др.);  Социальный пакет  ДМС со стоматологией в лучших клиниках России, возможность подключить родственников по корпоративным ценам; Доплата больничных до 100% от оклада (28 дней в году), 10 оплачиваемых day-off на случай форс-мажора; Возможность бесплатного обучения: внешние обучения, профильные конференции, а также наши внутренние курсы и электронная корпоративная библиотека с сотнями книг; Скидки от компаний-партнеров: спорт, английский, психолог, интернет и многое другое; Материальная помощь при важных событиях в жизни (заключение брака, рождение детей и другое); Удаленный формат работы либо современный офис рядом с м.Охотный ряд/Савёловская; График работы: 5/2 с 9:00 до 17:30, либо с 10:00 до 18:30. ","Artifactory;CI/CD;Docker;ElasticSearch;Grafana;HTML/CSS;Java/Kotlin/Scala;Javascript;Kubernetes;MariaDB;MongoDB;NoSQL;OpenSearch;PostgreSQL;Proxmox;Python;Администрирование серверов и рабочих станций;Базовая работа с Linux;Ведение документооборота;Виртуализация, облачная инфраструктура;Доставка товаров и заказов;Контейнеризация;Работоспособность;Разработка документации;Сетевой мониторинг и логирование;Системы управления конфигурацией;Системы хранения данных;Хранение и обработка данных",DevOps-инженер,0,3-6
109671668,Build Engineer,"Вы – наш человек, если у вас есть:   уверенное знание C#, Python   написание скриптов автоматизации сборки Unity-проекта под Android, iOS и Windows   опыт построения пайплайнов на Jenkins/Gitlab CI   опыт настройки и использования систем мониторинга/алертинга с помощью Prometheus/AlertManager/Grafana   опыт настройки и использования систем централизованного сбора логов на базе стеков ELK/Graylog2/Loki   способность и желание непрерывно учиться   знание английского языка на уровне, достаточном для чтения и понимания документации без словаря, прослушивания технических докладов с субтитрами, а также для общения с разработчиками в баг-трекерах/хелп-десках   желание постоянно улучшать работу команды DevOps и разработки   Пригодится:    опыт администрирования Linux-серверов (Debian/Ubuntu, CentOS)   понимание парадигмы IaC и навыки её применения, включая такие инструменты, как: Terraform, Docker, Bash   общее понимание принципов работы, а также навыки администрирования различных СУБД SQL/NoSQL   Кое-что о задачах:   автоматизация процессов заливки и публикации билда и его метаданных в сторы   автоматизация и улучшение сборок/деплоя   построение инфраструктуры для автоматического тестирования билдов   Помимо работы:  лекции от топовых спикеров нашего профиля воркшопы с лучшими специалистами индустрии крутые внутренние ивенты среда - день, посвящённый играм и саморазвитию геймифицированная бонусная система собственная медицинская диагностическая клиника  Само собой:  мощное железо  удаленное сотрудничество  оформление по ТК РФ ",AlertManager;CI/CD;C#/.NET;Docker;ElasticSearch;Gitlab;Grafana;IaC-обработка;NoSQL;Python;SQL;Terraform;Unity;Автоматическое тестирование;Администрирование серверов и рабочих станций;Базовая работа с Linux;Желание развиваться;Знание английского языка;Классификация данных;Коммуникативная грамотность;Мобильная разработка (Android);Мобильная разработка (IOS);Обучаемость и адаптивность;Работа в команде;Сетевой мониторинг и логирование,DevOps-инженер,0,3-6
110643318,DevOps-инженер/системный администратор linux,"Экзон Групп— российская ИТ-компания, лидер продуктовой разработки в строительной сфере. Есть аккредитация Минцифры. Ищем инженера администрирования инфраструктуры  в архитектурный отдел для нашего флагманского продукта. Exon — это облачная платформа для автоматизации строительных процессов всех участников строительства: заказчиков, проектировщиков и подрядчиков. Ценим в своих сотрудниках ответственность и самостоятельность. Создаём комфортную и поддерживающую рабочую атмосферу, помогаем развиваться и инвестируем в обучение.Чем предстоит заниматься:  Обеспечение CI/CD подходов для команд разработки. Наш основной стек JS и Java. Обеспечение поддержки работоспособности нашего WEB-приложения на боевых и тестовых серверах, как собственных, так и заказчика. Мы работаем с Linux (Debian) серверами; Обеспечение мониторинга, прогнозирования и реагирования на инциденты; Обеспечение отказоустойчивости системы. Поддержка горячего резерва и бэкапов в актуальном состоянии. Главная задача по данному направлению - жизнеспособный продакшн сервер 24/7.  ЧТО НУЖНО ЗНАТЬ:  Linux на уровне администратора; Знание: • Bash scripting • PostgreSQL • ELK • Gitlab CI • Ansible, Docker, Docker swarm • Zabbix, Prometheus + Grafana • Traefik, Nginx • Rabbit MQБудет плюсом:• Keycloak • Mongo • Kubernetes  ЧТО МЫ ПРЕДЛАГАЕМ:  Официальное трудоустройство, полностью белая заработная плата. ДМС через полгода работы Мы предоставляем все льготы для сотрудников как аккредитованная IT-компания. Полный пакет социальных гарантий согласно Трудовому кодексу РФ. График работы: 5/2 с 09:30 до 18:30. У нас есть возможность гибкого начала рабочего дня, а также сокращённый день в пятницу! Удаленный формат работы: вы можете работать дистанционно из любой точки. У нас открытая корпоративная культура - мы поощряем инициативу и даем шанс реализовывать свои идеи! Прозрачный и гибкий карьерный трек - есть возможность вертикального и горизонтального роста. Обучение за счет компании. Насыщенная корпоративная жизнь - мы отмечаем все важные праздники, устраиваем мероприятия, тимбилдинги, спортивные состязания и многое другое. Уровень заработной платы обсуждается индивидуально по итогам интервью.  Присоединяйтесь к нашей команде мечты!  ",CI/CD;DevOps;Docker;ElasticSearch;Gitlab;Grafana;Keycloak;Kubernetes;MongoDB;Nginx;PostgreSQL;Базовая работа с Linux;Ответственность;Работоспособность;Самостоятельность;Сетевой мониторинг и логирование;Системы управления конфигурацией,DevOps-инженер,250000,1-3
115620512,Системный Администратор Linux,"Привет, давай знакомиться!Мы — Cloud, аккредитованная ИТ-компания, разработавшая высокотехнологичную платежную инфраструктуру для бизнеса. Да, мы общаемся на ты, поэтому привыкай :) Немного о нас: Были основаны в 2014 году, а уже в 2017 году мы стали частью Т-Банка, поэтому поддержка банка и лучшие технологии нам обеспечены. В нашей команде уже более 300 человек. Надеемся, скоро эта цифра увеличится:) В состав Cloud сейчас входят:   CloudPayments — интернет-эквайринг для любых магазинов и сервисов   CloudTips — сервис для приема безналичных чаевых и донатов   CloudKassir — аренда облачных онлайн-касс для фискализации платежей по 54-ФЗ   СloudSoft — программное обеспечение для приема онлайн-платежей по всему миру   С нами работают 15 000 компаний, и останавливаться на достигнутом мы не собираемся. Бесконечность — не предел!Чтобы захватить рынок интернет-эквайринга, нам нужна большая и сильная команда, поэтому мы находимся в поисках единомышленников и активно расширяем нашу команду. Какие задачи предстоит решать:  Развитие и автоматизация существующей инфраструктуры; Настройка сетевого оборудования (мы используем Huawei, Fortinet); Автоматизация рутины; Взаимодействие с командой разработчиков и совместное решение задач; Ведение технической документации; Наши инструменты: Ansible, Prometheus, Nginx, Consul, Gitlab, ELK, Docker (swarm).  Ты точно справишься, если у тебя есть:  Опыт администрирования Linux (мы используем CentOS и Debian); Отличные знания сетей, умение траблшутить сетевые проблемы; Умение писать скрипты (bash или python); Опыт автоматизации (ansible); Опыт администрирования распределенных систем и веб-серверов, серверов приложений, серверов БД.  Что мы предлагаем:  Полностью удаленный формат работы; Гибкое начало рабочего дня; ДМС с чекапом, стоматологией, психологом и массажем; Дополнительные плюшки: корпоративный ноутбук, скидки у партнеров, оплачиваемое обучение; Молодая команда, объединенная общими интересами и стремлением стать экспертами в своей области. ","Администрирование серверов и рабочих станций;Базовая работа с Linux;Компьютерные сети, маршрутизация, протоколы;Работа в команде;Разработка технической документации;Системы управления конфигурацией",DevOps-инженер,0,3-6
107467921,SRE-инженер в команду Server Infrastructure Team (МТС Web Services (MWS),"МТС — это мультисервисная цифровая экосистема. Мы создаем и развиваем сервисы в сфере мобильной связи, больших данных, искусственного интеллекта, облачного хранения, медиа и финансов – все они делают жизнь людей проще и интереснее. MTС Web Services (MWS) — облачные сервисы для решения задач вашего бизнеса. Мы предоставляем сетевые сервисы; продукты для вычисления, хранения и обработки данных; PaaS-решения; инструменты кибербезопасности; профессиональные сервисы и ИИ-решения. Мы также инвестируем в создание публичной облачной платформы собственной разработки, которая станет доступна в 2025 году. MWS — через облако к новым высотам. Команда Server Infrastructure Team связана с потребностями облачной платформы: автоматизацией жизненного цикла и эксплуатацией железных серверов. Мы используем infrastructure as code, там где это возможно, пишем свой инструментарий, если это необходимо, любим взаимодействие с API/CLI большем, чем с UI. В зоне ответственности нашей команды: жизненный цикл оборудования, runtime серверного оборудования, безопасность.   Чем предстоит заниматься:  заниматься заведением серверов в inventory заниматься обновлением прошивок проводить стресс тесты железа осуществлять Bootstrap ОС принимать участие в процессах, связанных с заменой оборудования отслеживать метрики здоровья и производительности серверного оборудования (в т.ч. работа с дашбордами) заниматься сбором логов в центральное хранилище заниматься сбором coredump файлов заниматься внедрением системы для обеспечения контролируемого доступа на серверы по ssh и в сервисные кластеры k8s (интеграция её в инфраструктуру и расширение функциональности).  Что мы ждём от кандидатов:  опыт работы с Linux от 5 лет на продвинутом уровне хорошие знания в сетевых технологиях (вы знаете: для чего нужна таблица маршрутизации на сервере, чем tcp отличается от udp, как происходит установка соединения по tcp) знание скриптовых языков bash/powershell использование в работе python/golang хотя бы иногда готовность и умение читать чужой код.  Что мы предлагаем:  гибридный или полностью удалённый формат работы, с возможностью гибкого начала и окончания рабочего дня; собственную платформу MTS Ocean для получения ИТ-ресурсов, а это значит, что деплой, мониторинг, observability - не будут для вас проблемой, вы сможете сосредоточиться на фичах; профессиональные гильдии инженеров по направлениям, чтобы поддерживать друг друга и обмениваться опытом; участие во внешних IT конференциях. Мы выступаем на HighLoad++, DataFest, Mobius, Test Driven Conf, Joker, DevOps, Матемаркетинг и даже проводим собственную конференцию по архитектуре Hello, conference! полезные курсы и вебинары в корпоративном университете и электронные библиотеки.  А еще:  медицинскую страховку с 1 месяца со 100% покрытием расходов, включая стоматологию, страхование жизни и здоровья в поездках за рубеж. А еще можно застраховать родственников с корпоративной скидкой; доступ к сервису «Понимаю»: онлайн-консультации с психологом, юристом, экспертом по финансам или ЗОЖ; корпоративный и командный психолог в офисе и массажный кабинет; единую подписку МТС Premium — KION light в онлайн-кинотеатре KION, сервис МТС Music; скидки и предложения от партнеров на фитнес, занятия английским и прочее.   ","Code review;Golang;HTML/CSS;Kubernetes;PowerShell;Python;Администрирование серверов и рабочих станций;Базовая работа с Linux;Компьютерные сети, маршрутизация, протоколы;Маршрутизация",DevOps-инженер,0,6-
107468265,DevOps-инженер в команду Software Development Factory Team (МТС Web Services (MWS),"МТС — это мультисервисная цифровая экосистема. Мы создаем и развиваем сервисы в сфере мобильной связи, больших данных, искусственного интеллекта, облачного хранения, медиа и финансов – все они делают жизнь людей проще и интереснее. MTС Web Services (MWS) — облачные сервисы для решения задач вашего бизнеса. Мы предоставляем сетевые сервисы; продукты для вычисления, хранения и обработки данных; PaaS-решения; инструменты кибербезопасности; профессиональные сервисы и ИИ-решения. Мы также инвестируем в создание публичной облачной платформы собственной разработки, которая станет доступна в 2025 году. MWS — через облако к новым высотам. Команда Software Development Factory Team предоставляет базовые сервисы, обеспечивающие полный цикл SDLC для продуктов нашего облака. Мы пишем и внедряем решения, которые позволяют командам разработки интегрироваться с инфраструктурной платформой. Также, мы предоставляем внутренние security сервисы и обеспечиваем интеграцию с ними. Чем предстоит заниматься:  писать kubernetes операторы для управлением ресурсами через CR писать IaC/DSL код для развертки и конфигурирования внутренних сервисов писать экспортеры для метрик и правила алертинга писать Terraform HCL конфигурации для развертки инфраструктурных сущностей заниматься эксплуатацией инфраструктуры, написанием скриптов и инструментов для упрощения Ops, работать с инцидентами. Стек технологий: Kubernetes stateless+stateful ops Разработка k8s операторов (Operator SDK, Kopf) Развертка, конфигурирование IaC/DSL: Helm/ArgoCD/Ansible/Terraform Сборка, доставка - GitLab CI, shell scripting Мониторинг и алертинг - Victoriametrics, PromQL, Alertmanager SDLC-специфичная инфра &amp; security services - GitLab, Harbor, Nexus, HC Vault, FreeIPA, Keycloak.  Что мы ждём от кандидатов:  более 5 лет опыта работы с практиками DevOps умение писать скрипты на любом языке программирования понимание концепций DevOps, включая CI/CD, управление инфраструктурой с использованием подхода Infrastructure as code (IaC) и GitOps хорошее понимание устройства и принципов работы Kubernetes опыт работы с K8s-операторами знание основ технологии СУБД (SQL и noSQL) понимание архитектуры облачных сервисов.  Что мы предлагаем:  гибридный или полностью удалённый формат работы из России, с возможностью гибкого начала и окончания рабочего дня; собственную платформу MTS Ocean для получения ИТ-ресурсов, а это значит, что деплой, мониторинг, observability - не будут для вас проблемой, вы сможете сосредоточиться на фичах; профессиональные гильдии инженеров по направлениям, чтобы поддерживать друг друга и обмениваться опытом; участие во внешних IT конференциях. Мы выступаем на HighLoad++, DataFest, Mobius, Test Driven Conf, Joker, DevOps, Матемаркетинг и даже проводим собственную конференцию по архитектуре Hello, conference! полезные курсы и вебинары в корпоративном университете и электронные библиотеки.  А еще:  медицинскую страховку с 1 месяца со 100% покрытием расходов, включая стоматологию, страхование жизни и здоровья в поездках за рубеж. А еще можно застраховать родственников с корпоративной скидкой; доступ к сервису «Понимаю»: онлайн-консультации с психологом, юристом, экспертом по финансам или ЗОЖ; корпоративный и командный психолог в офисе и массажный кабинет; единую подписку МТС Premium — KION light в онлайн-кинотеатре KION, сервис МТС Music; скидки и предложения от партнеров на фитнес, занятия английским и прочее. ",CI/CD;DevOps;Digital Security Office;Gitlab;IaC-обработка;Kubernetes;NoSQL;SQL;Terraform;Разработка мобильных приложений;Сетевой мониторинг и логирование;Системы управления конфигурацией,DevOps-инженер,0,6-
107471441,Senior Java/Kotlin-разработчик в команду Compute (МТС Web Services (MWS),"МТС — это мультисервисная цифровая экосистема. Мы создаем и развиваем сервисы в сфере мобильной связи, больших данных, искусственного интеллекта, облачного хранения, медиа и финансов – все они делают жизнь людей проще и интереснее. MTС Web Services (MWS) — облачные сервисы для решения задач вашего бизнеса. Мы предоставляем сетевые сервисы; продукты для вычисления, хранения и обработки данных; PaaS-решения; инструменты кибербезопасности; профессиональные сервисы и ИИ-решения. Мы также инвестируем в создание публичной облачной платформы собственной разработки, которая станет доступна в 2025 году. MWS — через облако к новым высотам. Команда Compute разрабатывает проект infrastructure-as-a-service (IaaS). Это базовый компонент Облака (MWS), который позволяет пользователю получить виртуальные машины и использовать их. Мы создаем для пользователей базовую ценность по получению вычислительных ресурсов. Чем предстоит заниматься:  работать над слоем управляющих сервисов, написанных на kotlin (и java), использовать spring, популярные open source библиотеки, а в качестве базы данных - PostgreSQL работать с агентом управления - хостом, написанным на go, тесно взаимодействовать с системными компонентами заниматься виртуализацией - мы используем QEMU, Control Groups (cgroups) и другие механизмы ядра linux.  Что мы ждём от кандидатов:  опыт разработки на Java или Kotlin больше трех лет опыт написания и оптимизации SQL запросов знакомство со средствами анализа и хранения больших данных - hadoop, spark, clickhouse и тп будет плюсом опыт работы с k8s и другими инструментами infrastructure as a code, например teraform также будет плюсом ответственность, умение работать самостоятельно и в команде готовность погрузиться в предметную область построения облачной инфраструктуры.  Что мы предлагаем:  гибридный или полностью удалённый формат работы из России, с возможностью гибкого начала и окончания рабочего дня; собственную платформу MTS Ocean для получения ИТ-ресурсов, а это значит, что деплой, мониторинг, observability - не будут для вас проблемой, вы сможете сосредоточиться на фичах; профессиональные гильдии инженеров по направлениям, чтобы поддерживать друг друга и обмениваться опытом; участие во внешних IT конференциях. Мы выступаем на HighLoad++, DataFest, Mobius, Test Driven Conf, Joker, DevOps, Матемаркетинг и даже проводим собственную конференцию по архитектуре Hello, conference! полезные курсы и вебинары в корпоративном университете и электронные библиотеки.  А еще:  медицинскую страховку с 1 месяца со 100% покрытием расходов, включая стоматологию, страхование жизни и здоровья в поездках за рубеж. А еще можно застраховать родственников с корпоративной скидкой; доступ к сервису «Понимаю»: онлайн-консультации с психологом, юристом, экспертом по финансам или ЗОЖ; корпоративный и командный психолог в офисе и массажный кабинет; единую подписку МТС Premium — KION light в онлайн-кинотеатре KION, сервис МТС Music, 30 дней бесплатного пользования подпиской OZON Premium; скидки и предложения от партнеров на фитнес, занятия английским и прочее. ","Apache Spark;ClickHouse;Golang;Hadoop;Java/Kotlin/Scala;Kubernetes;PostgreSQL;Анализ данных;Виртуализация, облачная инфраструктура;Работа в команде;Самоорганизованность;Самостоятельность",DevOps-инженер,0,6-
107471651,Senior Golang разработчик в команду Network And Network Services (МТС Web Services / MWS),"МТС — это мультисервисная цифровая экосистема. Мы создаем и развиваем сервисы в сфере мобильной связи, больших данных, искусственного интеллекта, облачного хранения, медиа и финансов – все они делают жизнь людей проще и интереснее. MTС Web Services (MWS) — облачные сервисы для решения задач вашего бизнеса. Мы предоставляем сетевые сервисы; продукты для вычисления, хранения и обработки данных; PaaS-решения; инструменты кибербезопасности; профессиональные сервисы и ИИ-решения. Мы также инвестируем в создание публичной облачной платформы собственной разработки, которая станет доступна в 2025 году. MWS — через облако к новым высотам. Команда Network And Network Services отвечает за виртуальную сеть Облака (MWS), которую без преувеличения можно назвать кровеносной системой любого облачного сервиса, а также за набор сетевых сервисов, крайне необходимых для построения современных производительных, отказоустойчивых и безопасных приложений. Это различные балансировщики нагрузки, DNS-сервисы, VPN-шлюзы, защита от DDoS и многое другое. Мы решаем огромное количество задач на разных уровнях - от проектирования и реализации публичных API для управления облачной сетью пользователем и API взаимодействия с другими службами нашего Облака до хардкорного процессинга IP пакетов в user space. Ведем постоянный поиск решений, имеющих потенциал повторного использования в других частях нашей большой системы, и их переносу в общую библиотеку решений платформы разработки Облака. Код и сборка - Git и GitLab CI, развертывание в k8s и в виде Infrastructure as Code. Что нужно делать:  Разрабатывать компоненты для control plane и data plane нашей виртуальной сети.  Что мы ждём от кандидатов:  Более 3-х лет опыта разработки на Golang: Опыт разработки многопоточного кода; Опыт разработки сетевых и многопоточных приложений; Умение быстро читать существующий код и давать четкие комментарии на код-ревью; Умение качественно и полно писать unit-тесты, хорошо их структурировать; Ответственность, умение работать самостоятельно и в команде; Готовность погрузиться в предметную область построения облачной инфраструктуры.  Что мы предлагаем:  Собственную платформу MTS Ocean для получения ИТ-ресурсов, а это значит, что деплой, мониторинг, observability - не будут для вас проблемой, вы сможете сосредоточиться на фичах; Профессиональные гильдии инженеров по направлениям, чтобы поддерживать друг друга и обмениваться опытом; Участие во внешних IT конференциях. Мы выступаем на HighLoad++, DataFest, Mobius, Test Driven Conf, Joker, DevOps, Матемаркетинг и даже проводим собственную конференцию по архитектуре Hello, conference!; Полезные курсы и вебинары в корпоративном университете и электронные библиотеки.  А еще:  Гибридный или полностью удаленный формат работы из России; Медицинскую страховку с 1 месяца со 100% покрытием расходов, включая стоматологию, страхование жизни и здоровья в поездках за рубеж. А еще можно застраховать родственников с корпоративной скидкой; Доступ к сервису «Понимаю»: онлайн-консультации с психологом, юристом, экспертом по финансам или ЗОЖ; Корпоративный и командный психолог в офисе и массажный кабинет; Единую подписку МТС Premium — KION light в онлайн-кинотеатре KION, сервис МТС Music, 30 дней бесплатного пользования подпиской OZON Premium; Скидки и предложения от партнеров на фитнес, занятия английским и прочее. ",API;C / C++;CI/CD;Code review;Git;Gitlab;Golang;Kubernetes;Работа в команде;Самостоятельность,DevOps-инженер,0,1-3
107472181,Senior Java/Kotlin-разработчик в команду Development Platform (МТС Web Services (MWS),"МТС — это мультисервисная цифровая экосистема. Мы создаем и развиваем сервисы в сфере мобильной связи, больших данных, искусственного интеллекта, облачного хранения, медиа и финансов – все они делают жизнь людей проще и интереснее. MTС Web Services (MWS) — облачные сервисы для решения задач вашего бизнеса. Мы предоставляем сетевые сервисы; продукты для вычисления, хранения и обработки данных; PaaS-решения; инструменты кибербезопасности; профессиональные сервисы и ИИ-решения. Мы также инвестируем в создание публичной облачной платформы собственной разработки, которая станет доступна в 2025 году. MWS — через облако к новым высотам. Команда Development Platform создает базовую инфраструктуру для разработчиков Облака. Это общие библиотеки и фреймворки, практики и подходы разработки, различная автоматизация рутинных задач разработчиков по созданию и запуску сервисов. Наша цель - сделать так, чтобы разработчик в первую очередь решал задачи сервиса, а не отвлекался на рутину. Основные языки поддерживаемые нашей платформой это: C, C++, Golang, Java, Kotlin. Чем предстоит заниматься:  разрабатывать API Gateway сервиса для построения UI и публичного API; создавать общие подходы к построению API Облака, например, локализацию сообщений с учетом цепочки сервисов; работать над сервисом Storage CPL при создании системы управления сетевыми дисками в Облаке; реализовывать универсальные клиентские библиотеки к сервисам облака поверх существующих библиотек для работы c HTTP; исследовать возможности использовать R2DBC и неблокирующего драйвера к базе данных, поддержки корутин в Kotlin и virtual threads; прорабатывать механизмы сборки и разрешения зависимостей между компонентами платформы и кодом других сервисов Облака; решать прочие инфраструктурные задач для разработчиков CloudMTS.  Что мы ждём от кандидатов:  опыт разработки на Java или Kotlin больше трех лет; опыт написания и оптимизации SQL запросов; ответственность, умение работать самостоятельно и в команде; готовность погрузиться в предметную область построения облачной инфраструктуры.  Что мы предлагаем:  гибридный или полностью удалённый формат работы из России, с возможностью гибкого начала и окончания рабочего дня; собственную платформу MTS Ocean для получения ИТ-ресурсов, а это значит, что деплой, мониторинг, observability - не будут для вас проблемой, вы сможете сосредоточиться на фичах; профессиональные гильдии инженеров по направлениям, чтобы поддерживать друг друга и обмениваться опытом; участие во внешних IT конференциях. Мы выступаем на HighLoad++, DataFest, Mobius, Test Driven Conf, Joker, DevOps, Матемаркетинг и даже проводим собственную конференцию по архитектуре Hello, conference! полезные курсы и вебинары в корпоративном университете и электронные библиотеки.  А еще:  медицинскую страховку с 1 месяца со 100% покрытием расходов, включая стоматологию, страхование жизни и здоровья в поездках за рубеж. А еще можно застраховать родственников с корпоративной скидкой; доступ к сервису «Понимаю»: онлайн-консультации с психологом, юристом, экспертом по финансам или ЗОЖ; корпоративный и командный психолог в офисе и массажный кабинет; единую подписку МТС Premium — KION light в онлайн-кинотеатре KION, сервис МТС Music, 30 дней бесплатного пользования подпиской OZON Premium; скидки и предложения от партнеров на фитнес, занятия английским и прочее. ","API;Java/Kotlin/Scala;SQL;UI/UX Дизайн;Компьютерные сети, маршрутизация, протоколы;Навыки оценки эффективности рекламных инструментов;Оценка эффективности рекламных инструментов;Работа в команде;Самоорганизованность;Самостоятельность",DevOps-инженер,0,6-
111612129,Linux инженер/Инженер средств защиты информации,"Отдел услуг администрирования - команда инженеров, разработчиков и архитекторов, мы занимаемся построением и сопровождением информационных систем для клиентов компании, а также придерживаемся современных практик (DevOps - наше все!), не боимся сложностей (а сколько сервисов у тебя в кластере?) и обожаем все автоматизировать. Мы любим потестить что-нибудь новенькое, но в прод пускаем только то, в чем железобетонно уверены! Приглашаем SRE инженера в нашу команду, с которым вместе пройдем огонь, воду и СI-пайплайны и вместе затащим не один классный проект!   Основные задачи  Проектирование, развертывание и перенос инфраструктур клиентов на мощности Selectel  Развитие и поддержка инфраструктур клиентов на базе Linux   Развитие инструментов автоматизации   Внедрение и развитие средств защиты информации   Построение процессов постоянной интеграции и разработки (CI/CD)   Разработка и поддержка внутренних сервисов отдела   Создание документации по инфраструктуре и процессам, а также поддержка её актуальности   Мы ожидаем  Опыт работы с облачными провайдерами Опыт работы со средствами защиты информации (Usergate, Secret Net Studio, vGate) Опыт администрирования систем Linux (Debian-based) Опыт администрирования кластеров СУБД (PostgreSQL/MySQL) Опыт администрирования web-серверов (Nginx/Apache) Опыт автоматизация настройки серверов с помощью ansible Ansible Опыт описания инфраструктуры проекта при помощи Terraform Понимание работы сетей (OSI, TCP/IP, VPN, VLAN, маршрутизация) и навыки траблшутинга Понимание работы систем контроля версий Git Владение скриптовыми языками для автоматизации  +100 к резюме  Опыт работы с Gitlab CI Опыт работы с продуктами компании Astra (ОС Astra Linux, ALD Pro, Termidesk, Tantor) Опыт работы с системами мониторинга и сбора диагностических данных (ELK/Grafana/Prometheus/Zabbix) Уверенное знание Docker, а также понимание основных принципов CI/CD Базовые знания k8s  Условия:   Оформление в официально аккредитованную IT-компанию   Белая заработная плата   Годовая премию по результатам работы до 15% от суммарного оклада за 12 месяцев   30 000 бонусных рублей на услуги компании ежегодно   Релокационный бонус при переезде   Бесплатные обеды и кофе-брейки   Гибкое начало рабочего дня (до 12:00)   Современный офис в 10 минутах пешком от м. Московские ворота и своя парковка (и для велосипедов тоже)   Гибридный формат работы (офис/удаленка)  ","Apache;CI/CD;MySQL;Nginx;PostgreSQL;Terraform;vGate;VPN;Администрирование серверов и рабочих станций;Базовая работа с Linux;Компьютерные сети, маршрутизация, протоколы;Маршрутизация;Поиск и привлечение новых клиентов;Системы управления конфигурацией;Техническая поддержка пользователей",DevOps-инженер,0,1-3
117512048,Senior Java/Kotlin-разработчик в команду Development Platform [МТС Web Services (MWS)],"MTС Web Services (MWS) — облачные сервисы для решения задач вашего бизнеса. Мы предоставляем сетевые сервисы; продукты для вычисления, хранения и обработки данных; PaaS-решения; инструменты кибербезопасности; профессиональные сервисы и ИИ-решения. Мы также инвестируем в создание публичной облачной платформы собственной разработки, которая станет доступна в 2025 году. MWS — через облако к новым высотам. Команда Development Platform создает базовую инфраструктуру для разработчиков Облака. Это общие библиотеки и фреймворки, практики и подходы разработки, различная автоматизация рутинных задач разработчиков по созданию и запуску сервисов. Наша цель - сделать так, чтобы разработчик в первую очередь решал задачи сервиса, а не отвлекался на рутину. Основные языки поддерживаемые нашей платформой это: C, C++, Golang, Java, Kotlin. Чем предстоит заниматься:  разрабатывать API Gateway сервиса для построения UI и публичного API; создавать общие подходы к построению API Облака, например, локализацию сообщений с учетом цепочки сервисов; работать над сервисом Storage CPL при создании системы управления сетевыми дисками в Облаке; реализовывать универсальные клиентские библиотеки к сервисам облака поверх существующих библиотек для работы c HTTP; исследовать возможности использовать R2DBC и неблокирующего драйвера к базе данных, поддержки корутин в Kotlin и virtual threads; прорабатывать механизмы сборки и разрешения зависимостей между компонентами платформы и кодом других сервисов Облака; решать прочие инфраструктурные задач для разработчиков CloudMTS.  Что мы ждём от кандидатов:  опыт разработки на Java или Kotlin больше трех лет; опыт написания и оптимизации SQL запросов; ответственность, умение работать самостоятельно и в команде; готовность погрузиться в предметную область построения облачной инфраструктуры.  Что мы предлагаем:  гибридный или полностью удалённый формат работы из России, с возможностью гибкого начала и окончания рабочего дня; профессиональные гильдии инженеров по направлениям, чтобы поддерживать друг друга и обмениваться опытом; участие во внешних IT конференциях; полезные курсы и вебинары в корпоративном университете и электронные библиотеки.  А еще:  медицинскую страховку с 1 месяца со 100% покрытием расходов, включая стоматологию, страхование жизни и здоровья в поездках за рубеж. А еще можно застраховать родственников с корпоративной скидкой; единую подписку МТС Premium — KION light в онлайн-кинотеатре KION, сервис МТС Music, 30 дней бесплатного пользования подпиской OZON Premium; скидки и предложения от партнеров на фитнес, занятия английским и прочее. ","API;Java/Kotlin/Scala;SQL;UI/UX Дизайн;Компьютерные сети, маршрутизация, протоколы;Навыки оценки эффективности рекламных инструментов;Ответственность;Оценка эффективности рекламных инструментов;Работа в команде;Самоорганизованность;Самостоятельность",DevOps-инженер,0,6-
111867687,Linux engineer,"У меня есть вакансия Hadoop администратор/DevOps в одной из российских компаний. Проект Амбициозный проект по построению собственного хранилища данных на базе Hadoop и GreenPlum. Команда‍  DevOps - 12 человек Hadoop администратор - 2 человека + 1 открытая позиция (на расширение отдела) Руководитель отдела  Чем предстоит заниматься  Администрирование серверов на ОС семейства Linux; Установка, настройка и администрирование кластера Hadoop (apache bigtop) Установка, настройка и администрирование кластера Greenplum (open source); RnD работоспособности собственной сборки Hadoop (big top), Greenplum; Установка, настройка и администрирование инструментов по работе с данными – Apache Spark.   Что ожидаем от тебя  Профильное образование: техническое (информатика, математика) Опыт администрирование серверов на ОС семейства Linux от 5 лет. Опыт автоматизации Ansible\Terraform. Опыт написания скриптов на Python. Опыт администрирования приложений на Java. Понимание SQL. Желание и мотивация включиться в задачи по администрированию промышленных кластеров Hadoop и Greenplum.   Что готовы предложить  Оклад + годовой бонус; Компания входит в реестр ИТ компаний Удаленный формат работы (в пределах РФ). При желании можно работать в офисе класса А (г. Москва, ст. м. Павелецкая, Шлюзовая набережная); ДМС со стоматологией (с 1 рабочего дня, РЕСО, +полис путешественника); Частичная компенсация фитнеса / обучения / доп. мед. услуг (лимит-25 тыс. рублей в год); Льготная ипотека (от Сбербанк), в том числе рефинансирование (ставка по ипотеке на 2 пункта ниже); Дополнительные дни к ежегодному отпуску (всего 31 день в году); Современное оборудование (техника Windows)  Как мы проводим собеседования   15-20 минут - общение с рекрутером (tg аудио);   60 минут - техническое интервью (гугл мит, видео встреча)   Проверка документов-1-2 дня (анкета в электронном виде);   Оффер, обсуждение даты выхода на работу;  ",Apache;Apache Spark;Hadoop;Java/Kotlin/Scala;PostgreSQL;Python;SQL;Terraform;Администрирование серверов и рабочих станций;Базовая работа с Linux;Системы управления конфигурацией,DevOps-инженер,0,3-6
111426213,DevOps Engineer / Системный администратор Linux,"Сейчас мы ищем в команду человека, который присоединится к нам в качестве DevOps-инженера. Он не побоится лицом к лицу столкнуться с запутанной архитектурой и внезапно возникшими проблемами. Сможет подружить разработку и администрирование, выбрать оптимальные решения для реализации задуманных клиентом идей. Под его неусыпным оком клиенты будут выходить в production и спать спокойно. А порой ему придётся и удалённо спасать клиентов, бывает и такое. Требования:  образование: среднее или высшее техническое — желательно, но не обязательно график работы: полный рабочий день стаж работы: от года место работы: Академгородок  Что тебе предстоит:  работа на серверах клиентов обслуживание внутренней инфраструктуры и сервисов командная работа с производственными отделами оценка и выработка предложений в рамках новых проектов творческая автоматизация рутинных операций  Что мы ждём от тебя:  продвинутых знаний Linux и опыт работы с Ubuntu, RHEL, CentOS владения скриптовыми языками для автоматизации: Bash, Python и т.д. знания популярных open-source продуктов: веб-серверов, баз данных, почтовых серверов знания систем управления конфигурацией: Ansible и т.д. опыта настройки и поддержки систем мониторинга: Zabbix, Nagios, Cacti и т.д. опыта экспертизы и решения проблем производительности на серверах опыта работы с облачными провайдерами: AWS, Azure, GCP, DO опыта развёртки контейнизированных приложений: Docker опыта работы с системами контроля версий: Git понимания организации системы бекапа  Будет круто, если ты:  разбираешься в развертывании приложений: frontend, backend, mobile имел опыт с высоконагруженными приложениями имел опыт работы с сетевым оборудованием MikroTik имел опыт работы с виртуализаторами ESXi и т.д.  И будь готов к траблшутингу :) Нашим сотрудникам мы предоставляем:  трудоустройство по ТК в аккредитованной IT-компании участие в интересных и нестандартных проектах для иностранных заказчиков гибкий график для ранних пташек и сов семинары, сертификации и прозрачные возможности для повышения грейда стабильную заработную плату и ежемесячные бонусы бесплатные курсы английского языка частичную компенсацию питания и спорта неприличное множество корпоративов в году молодой, дружный и приветливый коллектив — а что поделать, именно так и есть.  Вакансия открыта только в Академгородке, вариант удаленной работы не предусмотрен.  ",AWS;Azure;Docker;Git;Python;Базовая работа с Linux;Взаимодействие с клиентами и заказчиками;Консультирование и ведение клиентов;Прием и обслуживание клиентов;Сетевой мониторинг и логирование;Системы управления конфигурацией,DevOps-инженер,0,1-3
108500591,Эксперт по Linux,"Чем предстоит заниматься  Работать в команде, отвечающей за развитие, поддержку, мониторинг и траблшутинг геораспределенной платформы для микросервисов с большой нагрузкой Развертывать и поддерживать кластеры k8s Автоматизировать и улучшать существующую инфраструктуру Работать в качестве 3 линии поддержки разработчиков  Что для этого нужно  Знание ОС Linux на уровне администратора системы, тонкая настройка Опыт работы с инструментами управления конфигурацией Terraform, Puppet Навык написания скриптов Shell, Python Опыт работы с Docker и Kubernetes не только локально, но и в системах с высокой нагрузкой Знание сетевого стека ",API;Docker;Kubernetes;Python;Shell;Terraform;Базовая работа с Linux;Системы управления конфигурацией,DevOps-инженер,0,1-3
115624204,Системный администратор Linux (Специалист по виртуализации),"ПРОТЕЙ - группа российских ИТ-компаний полного цикла. С 2002 года мы разрабатываем и производим продукты для операторов мобильной и фиксированной связи в России и за рубежом, государственных заказчиков, корпораций. Мы расширяем отдел DevOps и для наращивания собственных компетенций в части облачных решений приглашаем специалиста по виртуализации. Ваши задачи:  Разворачивание Cloud ПО на серверы заказчиков. Проработка инструмента Изучения проблем и багов между ПО и железом Настройка и тюнинг Linux для установки Cloud ПО. Сборка ядра, модулей и т.д. Экспертиза облачного решения Анализ и определение требований к облаку от других команд. Оценка функциональных возможностей Автоматизация типичных задач по управлению стеком. Согласование HLD и LLD  Наши ожидания:  Глубокое знание ОС Linux Понимание основ виртуализации Опыт работы с Cloud решениями Знание стека TCP-IP  Будет плюсом:  Знакомство с Ansible, Terraform Знание основ Python Использование GIT Знакомство с Jenkins  Мы предлагаем:  Оформление по ТК РФ, белая заработная плата Формат работы: гибкое начало и окончание рабочего дня (40 часов в неделю) Офис: в пешей доступности от метро Выборгская, оборудованная кухня, зоны отдыха, душевая, парковка для велосипедов Здоровье: расширенный ДМС со стоматологией с начала работы Доплата на питание в офисе Спорт: 50% компенсации фитнеса, корпоративные занятия йогой в офисе, команды по футболу, волейболу Обучение: участие в конференциях, профильные курсы, внутренние тренинги Яркие корпоративные праздники ","Git;Python;Terraform;Базовая работа с Linux;Виртуализация, облачная инфраструктура;Компьютерные сети, маршрутизация, протоколы;Разработка архитектурных решений;Сбор и анализ требований;Системы управления конфигурацией",DevOps-инженер,0,1-3
109540983,Системный администратор Linux/DevOps,"Иви — один из лидеров рынка онлайн-кинотеатров в России и странах СНГ, №1 в рейтинге Лучших работодателей России 2023 и компания в списке ТОП-10 рейтинга Хабр Карьеры 2023. Уже 14 лет мы работаем на рынке профессионального легального видеоконтента, каждый день решая интересные задачи в атмосфере свободы, доверия, открытости. Наша команда не только предоставляет миллионам пользователей доступ к кино и сериалам, но и создает их сама.Разыскиваем коллегу в команду для участия в настройке процессов, технических (CI/CD) и в части взаимодействия с коллегами. Активное участие в разворачивании и эксплуатации k8s. Помогаем командам разработки строить CI/CD-пайплайны. Некоторые из нас это делают в составе кросс-команд, другие помогают командам, оставшиеся обеспечивают всех нас необходимыми приложениями и инфраструктурой. Что нужно будет делать:  Развивать и настраивать процессы ci/cd. Периодически проводить аудит используемого стека технологий; Планировать и участвовать в рефакторинге процессов, инфраструктуры, приложений; Заниматься сопровождением сервисов от разработки до эксплуатации, участвовать в эксплуатации; Дорабатывать текущие и разрабатывать новые сценарии конфигурирования серверов и приложений; Заниматься администрированием приложений по результатам выполненной работы подготавливать документацию, если это необходимо;  Вы нам подходите, если:  Имеете положительный и продолжительный опыт работы CI/CD-системами (у нас gitlab и jenkins); Умеете хорошо готовить docker; Имеете опыт программирования на скриптовых языках (shell, python); Имеете опыт администрирования linux и веб-приложений Понимаете сетевые технологии TCP/IP; Имеете опыт работы с системами управления версиями (у нас git) Имеете опыт работы с системами управления конфигурациями;  Как мы работаем:  Учим команды использовать контейнеры (docker) для подготовки разрабатываемых приложений, осваиваем использование k8s для оркестрации. Используем Ubuntu, Linux. Храним код и разрабатываем pipeline-ы с помощью gitlab+artifactory. Для мониторинга серверов и сервисов используем zabbix и statsd, заправляем grafana. Наши сервисы написаны на python, golang и немного php и java. Любим и активно используем jenkins для решения самых разнообразных задач. Используем много open source (и не только) приложений: nginx, redis, postgresql, mongodb, rabbitmq, clickhouse, openstack, gitlab, kafka, hdfs, jira, opennebula.  Ну и самое приятное. Со своей стороны Иви обещает с первых дней:  Официальное трудоустройство и конкурентную заработную плату. Мы аккредитованная ИТ-компания! Современный офис в шаговой доступности от станций метро Дмитровская, Савеловская, рядом с Флаконом и Хлебозаводом. Предоставление современной рабочей техники, дополнительный монитор и многое другое для комфортной работы. Гибкое начало рабочего дня по согласованию с руководителем. Заботу о здоровье: возможность получать консультации психолога, юриста, финансового консультанта и специалиста по ЗОЖ, а после испытательного срока - ДМС (со стоматологией) и страховку для выезда за рубеж. Поддержку в обмене знаниями и идеями: поощряем выступления на митапах и помогаем с подготовкой докладов. Бесплатную подписку на сервис корпоративных скидок и предложений BestBenefits, а также доступ к онлайн-библиотеке издательства «МИФ». Вишенка на торте: специальное предложение по подписке Иви.  Увидимся, твой Иви!</p>",,DevOps-инженер,0,1-3
108611664,"DevOps Инженер / SRE (Полная занятость, Гибкий график)","Вакансия: DevOps Инженер / SRE (Полная занятость, Гибкий график) Позиция: Мы ищем DevOps инженера / SRE, чтобы поддерживать и развивать нашу инфраструктуру, настраивать мониторинг и предотвращать инциденты. Вы будете участвовать в интересных нестандартных задачах, что обеспечит Ваш профессиональный рост и накопление бесценного опыта. Ждём Вашего отклика! Следующий этап - ЗУМ встреча с тех. лидом компании.  Что мы предлагаем:   Конкурентная заработная плата. ( с учетом Вашего опыта )   Оформление по ТК РФ и полностью «белая» зарплата (оклад + премия).   Оплата бизнес-ланчей. Работа в комфортном офисе, расположенном в шаговой доступности от м. Маяковская.   Гибкий график начала рабочего дня для оптимального баланса между работой и личной жизнью.   Ваши знания и навыки:   ОС: Linux (Debian, CentOS).   Виртуализация: Proxmox.   Контейнеризация: Kubernetes, Docker.   Мониторинг: Zabbix, Prometheus.   CI/CD: GitLab CI.   Навыки написания shell-скриптов обязательны   Навыки работы с оборудованием обязательны   Знакомство с эксплуатацией кластеров Postgres (репликация, HA) обязательно   Знакомство с эксплуатацией кластеров ClickHouse (репликация, HA) будет плюсом   Ваши задачи:   Поддержка команды разработчиков с непрерывной интеграцией и доставкой релизов.   Поддержка production, stage и dev-окружений продукта в Kubernetes.   Администрирование кластеров Kubernetes и виртуализации для Dev и Stage окружений.   Администрирование системы мониторинга.   О нас: Мы — IT команда , работающая над созданием и развитием Медицинской Информационной Системы, обеспечивающей эффективное управление бизнес-процессами лечебных учреждений. В нашей компании сотрудники не только реализуют свои знания и опыт, но и вносят значимый вклад в общество, помогая улучшать качество медицинских услуг.  ","CI/CD;ClickHouse;Docker;Gitlab;Kubernetes;PostgreSQL;Proxmox;Shell;Базовая работа с Linux;Виртуализация, облачная инфраструктура;Ответственность;Сетевой мониторинг и логирование",DevOps-инженер,200000,3-6
108501357,Системный администратор Linux,"About the Team We are Quadcode, a fintech company excelling in financial brokerage activities and delivering advanced financial products to our global clientele. Our flagship product, an internal trading platform, is offered as a Software-as-a-Service (SaaS) solution to other brokers. We are a dynamic and innovative team responsible for building and supporting a cutting-edge private cloud infrastructure based on OpenStack and Kubernetes. Our infrastructure supports the stable operation of our trading platform, utilizing various Linux systems and services such as DNS, Gitlab, Artifactory, and Vault. Tasks:  Oversee various services and associated infrastructure components, including DNS, Gitlab, Artifactory, Vault, etc; Perform day-to-day operational tasks such as upgrades, CVE patching, backup and restore, security scans, and monitoring; Manage and support private clouds (Openstack and Kubernetes); Resolve incidents, provide support coverage, categorize issues, conduct post-mortems, and perform root cause analysis; Ensure environments are stable and adhere to availability SLAs; Work towards reducing operational effort; Engage in constant upskilling to stay updated with industry best practices.  Requirements:  Minimum of 5 years of experience as a Linux system administrator, DevOps Engineer, or Site Reliability Engineer; Extensive experience in designing, building, configuring, and troubleshooting Linux servers across various environments (bare metal, container, cloud); Familiarity with process control and logging; Proficiency with automation tools such as Ansible, Salt, or Chef; Good understanding of Docker and ideally Kubernetes; Experience with monitoring and log aggregation tools like Grafana, ELK, or Graylog; Hands-on experience in deploying and maintaining systems on cloud solutions such as AWS, GCP, Azure, or OpenStack; Skilled in scripting languages such as Bash and Python; Familiarity with configuring various servers and databases, including Apache Tomcat, Nginx, MySQL DB, PostgreSQL, Kafka, RabbitMQ, etc; Ideally, some exposure to DevOps tools like Gitlab CI/CD, Jenkins, or GitHub Actions; At least B2 in Russian and B1 in English.  What we offer:  Remote work model; Competitive remuneration; Training and development; Corporate life: master classes, lectures and incredible parties (now online); Friendly, enjoyable and positive environment.  Currently, over 700 employees and service providers are stationed across its seven global offices located in the UK, Gibraltar, the UAE, the Bahamas, Australia, and the headquarters in Cyprus. By broadening its international presence, Quadcode presents a myriad of intriguing tasks and challenges for professionals like developers, market research analysts, and PR marketing specialists, among others.   Join us today, and let&#39;s shape the future of fintech together!   Note: All applications will be treated with strict confidence. We thank all applicants for their interest, however, only those candidates selected for interviews will be contacted.","API;Artifactory;DevOps;DNS;Docker;Gitlab;Kubernetes;Базовая работа с Linux;Виртуализация, облачная инфраструктура;Компьютерные сети, маршрутизация, протоколы;Обеспечение информационной безопасности;Сетевой мониторинг и логирование;Системы управления конфигурацией;Хранение и обработка данных",DevOps-инженер,0,3-6
108501412,Системный администратор Linux,"About the Team We are Quadcode, a fintech company excelling in financial brokerage activities and delivering advanced financial products to our global clientele. Our flagship product, an internal trading platform, is offered as a Software-as-a-Service (SaaS) solution to other brokers. We are a dynamic and innovative team responsible for building and supporting a cutting-edge private cloud infrastructure based on OpenStack and Kubernetes. Our infrastructure supports the stable operation of our trading platform, utilizing various Linux systems and services such as DNS, Gitlab, Artifactory, and Vault. Tasks:  Oversee various services and associated infrastructure components, including DNS, Gitlab, Artifactory, Vault, etc; Perform day-to-day operational tasks such as upgrades, CVE patching, backup and restore, security scans, and monitoring; Manage and support private clouds (Openstack and Kubernetes); Resolve incidents, provide support coverage, categorize issues, conduct post-mortems, and perform root cause analysis; Ensure environments are stable and adhere to availability SLAs; Work towards reducing operational effort; Engage in constant upskilling to stay updated with industry best practices.  Requirements:  Minimum of 5 years of experience as a Linux system administrator, DevOps Engineer, or Site Reliability Engineer; Extensive experience in designing, building, configuring, and troubleshooting Linux servers across various environments (bare metal, container, cloud); Familiarity with process control and logging; Proficiency with automation tools such as Ansible, Salt, or Chef; Good understanding of Docker and ideally Kubernetes; Experience with monitoring and log aggregation tools like Grafana, ELK, or Graylog; Hands-on experience in deploying and maintaining systems on cloud solutions such as AWS, GCP, Azure, or OpenStack; Skilled in scripting languages such as Bash and Python; Familiarity with configuring various servers and databases, including Apache Tomcat, Nginx, MySQL DB, PostgreSQL, Kafka, RabbitMQ, etc; Ideally, some exposure to DevOps tools like Gitlab CI/CD, Jenkins, or GitHub Actions; At least B2 in Russian and B1 in English.  What we offer:  Remote work model; Competitive remuneration; Training and development; Corporate life: master classes, lectures and incredible parties (now online); Friendly, enjoyable and positive environment.  Currently, over 700 employees and service providers are stationed across its seven global offices located in the UK, Gibraltar, the UAE, the Bahamas, Australia, and the headquarters in Cyprus. By broadening its international presence, Quadcode presents a myriad of intriguing tasks and challenges for professionals like developers, market research analysts, and PR marketing specialists, among others.   Join us today, and let&#39;s shape the future of fintech together!   Note: All applications will be treated with strict confidence. We thank all applicants for their interest, however, only those candidates selected for interviews will be contacted.","API;Artifactory;DevOps;DNS;Docker;Gitlab;Kubernetes;Базовая работа с Linux;Виртуализация, облачная инфраструктура;Компьютерные сети, маршрутизация, протоколы;Обеспечение информационной безопасности;Сетевой мониторинг и логирование;Системы управления конфигурацией;Хранение и обработка данных",DevOps-инженер,0,3-6
107953503,Инженер внедрения и сопровождения ПО (Linux),"Компания «ЭвриТег» с 2008 года делает этот мир безопаснее и честнее. Мы ищем инженера внедрения и сопровождения программного обеспечения нашей линейки продуктов. Эвритег — это ИТ продукты, которые позволяют компаниям из РФ и СНГ безопасно работать с корпоративными документами. Благодаря собственной уникальной и запатентованной технологии, наши решения позволяют проводить автоматизированные расследования по фрагментам утекших документов, чем мы особенно гордимся.. Если вы хотите с нами менять этот мир и не боитесь сложных, но при этом интересных вызовов, — присоединяйтесь к нашей команде! Чем предстоит заниматься:  Устанавливать и настраивать ПО EveryTag на различных платформах; Разворачивать и настраивать ПО EveryTag в облачной инфраструктуре на базе Яндекс Облако; Исследовать поведения ПО в зависимости от изменений в ОС или аппаратных платформах; Принимать участие в проведении тестовых и нагрузочных испытаний в рамках разработки ПО; Принимать участие в подготовке отчетов по результатам проведения испытаний; Принимать участие в подготовке технической документации.  Наши пожелания к кандидату:  Навыки установки/настройки/администрирования серверов на базе семейства ОС Linux (Ubuntu/RHEL) обязательно, знание различных менеджеров пакетов, умение проводить установки без доступа к репозиториям, с учетом зависимостей и т.д. Навыки работы с Docker, Docker-Compose, Kubernetes горячо приветствуются; Опыт написания скриптов на Bash, Python и прочих так же будет полезен; Опыт работы с Nginx; Понимание что такое LDAP (MS Active Directory, OpenLDAP etc.); Опыт взаимодействия с разработчиками ПО и владение инструментами мониторинга и отладки желателен.  Что мы предлагаем:  Достойный уровень заработной платы (обсуждается с успешными кандидатами); Официальное оформление по ТК РФ; На испытательный срок график работы в офисе 5/2, после испытательного срока гибрид 2 дня в неделю (вт-чт, на выбор); Уютный, комфортабельный офис в новом бизнес центре в шаговой доступности от парка Поклонная гора и станции метро Минская; В офисе вкусный чай, кофе, шоколад, печенье, свежие фрукты для создания и поддержания тонуса и хорошего настроения; Завтраки до начала рабочего дня; Компенсация сотовой связи всем сотрудникам; Ежегодная индексация заработной платы; Оплата 100% больничного листа (14 календарных дней в год); Подарки от компании на День Рождения сотрудников, значимые даты; Подарки детям сотрудников на НГ; Новогодняя премия (по итогам работы компании); Яркая корпоративная жизнь: выездные мероприятия, совместные праздники, квизы, мастер-классы и корпоративы; Компенсация обучений, необходимых для развития профессиональных компетенций; Молодой и дружный коллектив; Работа в аккредитованной ИТ-компании. У нас хорошо и много работы!   ","Active Directory/LDAP;Docker;Kubernetes;Nginx;Python;Администрирование серверов и рабочих станций;Базовая работа с Linux;Ведение отчетности;Виртуализация, облачная инфраструктура;Испытания приборов и оборудования;Компьютерные сети, маршрутизация, протоколы;Проведение испытаний образцов;Разработка программного обеспечения;Разработка технической документации",DevOps-инженер,150000,3-6
109679633,Инженер внедрения и сопровождения ПО (Linux),"Компания «ЭвриТег» с 2008 года делает этот мир безопаснее и честнее. Мы ищем инженера внедрения и сопровождения программного обеспечения нашей линейки продуктов. Эвритег — это ИТ продукты, которые позволяют компаниям из РФ и СНГ безопасно работать с корпоративными документами. Благодаря собственной уникальной и запатентованной технологии, наши решения позволяют проводить автоматизированные расследования по фрагментам утекших документов, чем мы особенно гордимся.. Если вы хотите с нами менять этот мир и не боитесь сложных, но при этом интересных вызовов, — присоединяйтесь к нашей команде! Чем предстоит заниматься:  Устанавливать и настраивать ПО EveryTag на различных платформах; Разворачивать и настраивать ПО EveryTag в облачной инфраструктуре на базе Яндекс Облако; Исследовать поведения ПО в зависимости от изменений в ОС или аппаратных платформах; Принимать участие в проведении тестовых и нагрузочных испытаний в рамках разработки ПО; Принимать участие в подготовке отчетов по результатам проведения испытаний; Принимать участие в подготовке технической документации.  Наши пожелания к кандидату:  Навыки установки/настройки/администрирования серверов на базе семейства ОС Linux (Ubuntu/RHEL) обязательно, знание различных менеджеров пакетов, умение проводить установки без доступа к репозиториям, с учетом зависимостей и т.д. Навыки работы с Docker, Docker-Compose, Kubernetes горячо приветствуются; Опыт написания скриптов на Bash, Python и прочих так же будет полезен; Опыт работы с Nginx; Понимание что такое LDAP (MS Active Directory, OpenLDAP etc.); Опыт взаимодействия с разработчиками ПО и владение инструментами мониторинга и отладки желателен.  Что мы предлагаем:  Достойный уровень заработной платы (обсуждается с успешными кандидатами); Официальное оформление по ТК РФ; На испытательный срок график работы в офисе 5/2, после испытательного срока гибрид 2 дня в неделю (вт-чт, на выбор); Уютный, комфортабельный офис в новом бизнес центре в шаговой доступности от парка Поклонная гора и станции метро Минская; В офисе вкусный чай, кофе, шоколад, печенье, свежие фрукты для создания и поддержания тонуса и хорошего настроения; Завтраки до начала рабочего дня; Компенсация сотовой связи всем сотрудникам; Ежегодная индексация заработной платы; Оплата 100% больничного листа (14 календарных дней в год); Подарки от компании на День Рождения сотрудников, значимые даты; Подарки детям сотрудников на НГ; Новогодняя премия (по итогам работы компании); Яркая корпоративная жизнь: выездные мероприятия, совместные праздники, квизы, мастер-классы и корпоративы; Компенсация обучений, необходимых для развития профессиональных компетенций; Молодой и дружный коллектив; Работа в аккредитованной ИТ-компании. У нас хорошо и много работы!   ","Active Directory/LDAP;Docker;Kubernetes;Nginx;Python;Администрирование серверов и рабочих станций;Базовая работа с Linux;Ведение отчетности;Виртуализация, облачная инфраструктура;Испытания приборов и оборудования;Компьютерные сети, маршрутизация, протоколы;Проведение испытаний образцов;Разработка программного обеспечения;Разработка технической документации",DevOps-инженер,150000,3-6
107147322,"DevOps инженер/Системный администратор (Linux, DBA)","Стабильная компания, более 10 лет на рынке.Входит в крупнейшую банковскую группу России по M&amp;A.Компания аккредитованная в Минцифры как разработчик ПО, имеется возможность оформить ипотеку по ставке 5%.Компания является резидентом Сколково.Внутренние бонусы компании. Возможно временное оформление: договор услуг, подряда, ГПХ, самозанятые, ИП PAYMO – международный процессинговый центр с гибкими платежными решениями. Предлагаем прием платежей на сайте и разрабатываем приложения для различных организаций: финансовых и государственных учреждений, ритейл и ЖКХ компаний.   Требования:  Опыт на релевантной должности (системный администратор, DevOPS инженер) от 3 лет; Администрирование серверов под управлением Linux; Уверенные знания работы Nginx; Уверенный опыт администрирования СУБД PostgreSQL; Понимание современных практик SRE; Навыки администрирования сетевого оборудования; Администрирование прикладного ПО, в том числе самописного – в сотрудничестве с разработчиками; Знание стандартов безопасности индустрии платёжных карт (PCI DSS), нормативной базой ИБ и практический опыт в ИБ - как преимущество;    Обязанности:  Работа с высоконагруженными серверами (установка, настройка, администрирование, резервное копирование), работающими под linux (Debian/Centos); Обеспечение бесперебойной работы IT инфраструктуры, управление инцидентами; Участие в мероприятиях по обеспечению ИБ, внедрение и сопровождения СЗИ; Настройка и поддержка продуктива и тестовых стендов; Управление интеграцией с внешними процессингами (банками и сервис-провайдерами); Участие во внешних аудитах и переговорах с заказчиками.  Необходимые технические навыки:  Linux (Debian, CentOS) – установка, настройка, обновление, администрирование; Nginx – установка, обновление, настройка конфигураций; Системы мониторинга - Zabbix, Graylog, другие – настройка, администрирование; СУБД PostgreSQL – администрирование, резервное копирование, оптимизация; Опыт работы с RabbitMQ, VMware, Redis\Redis-cluster, Memcached; Автоматизация и управление конфигурацией (Ansible, Gitlab-ci); Экспертиза диагностики и решения проблем сетей. ","CI/CD;DevOps;Gitlab;Memcached;Nginx;PostgreSQL;RabbitMQ;Redis;Администрирование серверов и рабочих станций;Аудит;Базовая работа с Linux;Коммуникативная грамотность;Компьютерные сети, маршрутизация, протоколы;Резервное копирование;Сетевой мониторинг и логирование;Системы управления конфигурацией;Управление базами данных",DevOps-инженер,0,3-6
117306012,System administrator Linux / DevOps engineer,"WinTech успешно развивает бизнес в сфере iGaming уже 13 лет, разрабатывая софт и продукты для международного рынка, постоянно расширяя свое присутствие в Европе и Латинской Америке. Свои продукты мы ведем от создания и разработки стратегии продвижения до технической поддержки существующих пользователей и привлечения новых. Уже несколько iGaming продуктов, построенных на базе нашей платформы, успешно запущены и развиваются на зарубежных рынках. Платформа WinTech B2B - это набор решений, необходимых для успешного функционирования бизнеса онлайн-игр. Нашим приоритетом и главным конкурентным преимуществом является гибкий индивидуальный подход к клиенту, ориентированный на развитие долгосрочных и взаимовыгодных отношений, а также быстрое выполнение SLA и фокус на развитие нашей платформы с учетом динамичных потребностей индустрии. Сейчас мы ищем опытного специалиста, который будет отвечать за администрирование инфраструктуры, обеспечивать надежность и решать сложные кейсы. Нам нужен тот, кто готов к челленджам!  Чем предстоит заниматься:   Администрировать парк серверов компании на Linux (10+ физических и 100+ виртуальных серверов);   Обеспечивать надежность и безопасность работы технической инфраструктуры;   Поддерживать работоспособность инфраструктуры - решать возникающие проблемы и заниматься проектированием и расширением на перспективу   Масштабировать серверные мощности и обеспечивать отказоустойчивость;   Troubleshooting инцидентов с программными продуктами компании;   Заниматься построением системы CI/CD, настройкой workflow согласно требованиям, доработкой существующих pipelines, поиском и исправлением ошибок;   Заниматься построением инфраструктуры на отдельных инстансах новых продуктов компании и для b2b клиентов;   Поддерживать текущий стек Terraform скриптов и разрабатывать новые   Профессиональный опыт и навыки:   Опыт работы в роли Cloud инженер AWS от 2-х лет;   Опыт администрирования Linux от 3-х лет (Debian/Ubuntu);   Опыт работы в высоконагруженных проектах;   Глубокие знания по администрированию СУБД (PostgreSQL 12+ / ClickHouse), включая знания практик по распределению нагрузки и репликации данных (PgBouncer / PgCat), обеспечения системы непрерывного бекапа и валидации бекапов;   Умение настраивать и администрировать сервера с Nginx, HAProxy, php7/8, Java, nodeJS;   Опыт сопровождения продуктов на PHP: конфигурирование php-fpm, Node.js 20, pm2   Умение в Troubleshooting (читать логи, выяснить где проблема, что сломалось и как исправить)   Знание подхода IaC и и опыт управления инфраструктурой на основе Terraform + Ansible;   Способность развернуть инфраструктуру и поддерживать ее актуальность через Terraform + Ansible;   Опыт работы с CI/CD конвейерами: GitLab CI/CD;   Опыт работы с системами контейнеризации Docker, Kubernetes;   Понимание работы почтовых протоколов и серверов Postfix/Dovecot, обеспечение доставляемости больших почтовых рассылок. Знание практик в настройке почтовых доменов (DKIM/SPF/DMARC);   Знание базовых видов атак, и умение от них защищаться на уровнях layer 3 4 7.   Умение настраивать сети: маршрутизация, CDN, network load balancing (vrrp/keepalived), Iptables.   Будет большим плюсом:   Наличие сертификата AWS;   Опыт работы с Openstack;   Знание дополнительных языков - Python, Bash;   Опыт работы с CloudFlare;   Опыт в настройке систем мониторинга: Zabbix / Prometheus / Grafana / Graylog / AWS CloudWatch / Sentry;   Навыки работы с системами виртуализации, построение кластерных систем на основе Proxmox/VMware ESXi;   Умение настраивать сети: VPN (L2TP/IPsec / OpenVPN / Shadowsocks / XRay).   Мы готовы предложить:   Удаленный формат работы в графике 5/2 с гибким началом рабочего дня (с 8-10.00 по Мск.);   Занятия английским языком с корпоративным преподавателем 2 раза в неделю;   Индивидуальный трек развития при поддержке CorpUniversity, бюджеты на внешние обучения/конференции;   Свободу в принятиях решений в рамках своей зоны ответственности, никакого микроменеджмента;   Активную корпоративную жизнь, прозрачный онбординг, поддерживающее комьюнити;   Сильную команду профессионалов, где можно серьезно прокачать свои скиллы и внедрять свои идеи!    ","AWS;CI/CD;Docker;Kubernetes;PostgreSQL;Python;SAP;Terraform;Базовая работа с Linux;Компьютерные сети, маршрутизация, протоколы;Продажи;Работоспособность",DevOps-инженер,0,3-6
115250927,DevOps / Build engineer (Ведущий специалист),"Области применения и сферы деятельности, которыми предстоит заниматься: Мы разрабатываем встроенное (embedded) программное обеспечение на языке C/C++ для инженерных измерительных приборов СВЧ-диапазона, имеющих модульную архитектуру, аппаратные узлы которых имеют различные процессорные архитектуры, такие как ARM (TI и STM), VLIW (DSP TI), RISC-V(WCH) и x86 (одноплатные компьютеры) и соответственно разные системы кроссплатформенной сборки, которые мы используем в работе:  Среды для разработки: STM32CubeIDE, TI Code Composer Studio, MS Visual Studio Code, Visual GDB; GCC/GDB под различные архитектуры Систему контроля версий Git (GitLab);  Мы ищем человека с опытом DevOps, которому предстоит задача наладить и автоматизировать систему CI для наших инструментов сборки и тестирования. Хорошо если вы умеете работать с тем, что указано в требованиях, но окончательный выбор инструментов и стека технологий остается за Вами. Также Вам скорее всего придётся писать много скриптов для поддержки и адаптации существующих инструментов CI к embeded. У вас будет время на освоение нужных технологий и инструментов, а от разработчиков отдела обязательно будет помощь по освоению сборки и запуска встроенного ПО, его тестированию, логированию и мониторингу на новых для Вас вычислительных платформах. А также помощь в создании требований и правил для системы CI. В дальнейшем надо будет поддерживать и улучшать эту систему, и следить за выполнением разработчиками её правил (что входит в обязанности ведущего специалиста отдела). А также поддерживать наших коллег из других отделов, систематизировать и предоставлять им информацию от разработчиков по нашему ПО, получать от них обратную связь и помогать со стороны ПО в наладке испытательных стендов и опытных образцов приборов и по возможности постепенно автоматизировать эти процессы. В общем, мы ищем того, кто имея даже начальные навыки готов изучать новые для себя нестандартные платформы и создавать CI инфраструктуру, получая профессиональный и карьерный рост по мере её внедрения и развития. Обязанности:  Проектирование, организация и настройка отказоустойчивой системы CI для встроенного и специального ПО; Поддержка и сопровождение структуры СI, организация безопасного доступа к ней разработчиков с учётом сетевой инфраструктуры предприятия; Развертывание и настройка сред разработки и тестирования, участие в наладке стендов для тестирования и проверки, систематизация данных в ходе тестирования о версиях ПО, исправлениях, доработках; Поддержка и систематизация взаимодействия отделов разработчиков ПО и инженеров-испытателей и инженеров ЦОС; Контроль выполнения требований систем автоматизации разработчиками; Постановка задач появляющимся со временем подчинённым и контроль их выполнения.  Требования: Обязательно:  Опыт работы в должности DevOps-инженера от 2 лет; Хорошие знания Gitlab CI, Docker, Vargant; Хорошие знания и опыт администрирования Linux-систем; Опыт сетевого администрирования; Опыт разработки CI/CD пайплайнов; Умение спроектировать техническое решение/инфраструктуру и формализовать процесс; Развитые навыки коммуникации и высокая степень самостоятельности.  Будет плюсом:  Владение скриптовыми языками bash, python; Опыт настройки и использования VirtualBox, VmWare; Опыт работы с QEMU; Владение UML, опыт составления документации;Опыт составления и выполнения планов, формулировки задач, работы с подчинёнными.  Условия:  Трудоустройство в стабильной компании (более 30 лет на рынке); Интересная работа в команде специалистов на значимом Предприятии оборонно-промышленного комплекса; Офис шаговой доступности от м. Калужская и м. Воронцовская; Оформление по ТК РФ с первого дня; Гибридный график работы; Возможность обучения за счет Предприятия.   ","CI/CD;DevOps;Docker;Gitlab;Виртуализация, облачная инфраструктура;Испытания приборов и оборудования;Программирование микроконтроллеров и микропроцессоров;Работа с автоматизированными системами управления;Сетевой мониторинг и логирование;Тестирование программного обеспечения",DevOps-инженер,0,6-
110266450,Devops/Build Engineer,"Команда отвечает за инфраструктуру автоматизации для разработки систем на кристалле. Мы разрабатываем, развиваем и сопровождаем внутренние сервисы и CI/CD процессы. Чем предстоит заниматься:    Принимать участие в разработке единой системы сборки RTL; Мигрировать сервисы автоматизации в корпоративное облако; Принимать участие в разработке высоконагруженных отказоустойчивых сервисов автоматизации.  Что мы ожидаем от будущего члена команды:    Опыт работы в роли DevOps/Build/Release инженера от 3 лет; Знание ОС Linux на уровне администратора; Опыт работы с основными инструментами автоматизации (Jenkins, Gitlab CI, Argo CD); Опыт работы с системами сборки make, maven, bazel; Понимание принципов герметичности, кэширования и распределенной сборки и тестирования; Знание одного или нескольких языков программирования (Python, Go); Практические навыки работы с k8s, контейнерами(Docker, podman); Практические навыки работы с Ansible, Helm, TF.  Будет плюсом:    Опыт аппаратной разработки, знакомство с EDA инструментами (САПР для цифровой микроэлектроники); Опыт настройки хранилищ секретов (Vault), включение в процесс автоматизации; Опыт работы с системами Task/Bug-трекинга. ",Apache;CAD/САПР;CI/CD;CMake;DevOps;Docker;Gitlab;Golang;Java/Kotlin/Scala;Kubernetes;Python;Базовая работа с Linux;Контейнеризация;Системы управления конфигурацией;Хранение и обработка данных,DevOps-инженер,0,3-6
111400971,Системный администратор Linux/DevOps,"Компания KVINT – ведущая компания по разработке и внедрению голосовых роботов. Основной продукт – голосовые виртуальные операторы, способные заменить живого человека на телефоне на входящих и исходящих звонках, во время которых роботы полностью имитируют живое человеческое общение по телефону, и люди не догадываются, что общаются с роботом. Решение построено на нейронных моделях, содержит технологии синтеза и распознавания речи, обработки естественного языка и управления диалогом. Среди наших клиентов - крупнейшие компании: операторы сотовой связи, банки, ритейл, микрофинансовые организации и коллекторские компании. Обязанности:Разработка высоконагруженных сервисов в области инфраструктурных задач;Пользовательская разработка API для внешних и внутренних интеграций;Масштабирование: подготовка к запускам крупных клиентов и выстраивание нестандартных процессов под них, включая CI/CD;Поддержкой и развитием существующей инфраструктуры сервисов.Требования:Уверенные знания языка программирования Python;Владение многопоточным multiprocessing и асинхронными подходами asyncio, aiohttp, concurrent.futures;Опыт применения Mongo, docker, nginx, Redis, RabbitMQ, MinIO, gitЗнания ELK-стека;Знание сетевых технологий (L2/L3/L7 уровень).Будет плюсом:Понимание принципов DataScience Pipeline;Опыт разработки на Go;Практические навыки траблшутинга DB (Postgres, MongoDB, Mysql);Работа с GitLab и поддержка CI/CD pipelines;Опыт работы с k8s;Знание Unix-like операционных систем и работа в командной строке.   Мы предлагаем:  Работа в аккредитованной IT компании в команде профессионалов. Резиденты Сколково; Достойный уровень заработной платы; Официальное оформление в штат компании с первого дня работы и полностью «белая» заработная плата; Независимость и самостоятельность в реализации задач, поощрение инициативы, гибкий менеджмент и отсутствие бюрократии; Крупный перспективный проект федерального масштаба с возможностями для профессионального развития; Полностью удаленная работа; Интересные задачи и самые современные технологии Зарплатные ожидания обсуждаются на собеседовании и всегда принимаются во внимании про оффере. ","API;CI/CD;Docker;ElasticSearch;Git;Gitlab;Golang;Kubernetes;MongoDB;MySQL;Nginx;PostgreSQL;Python;RabbitMQ;Redis;S3;Администрирование серверов и рабочих станций;Базовая работа с Linux;Знание базовых принципов разработки;Исследование клиентского опыта;Компьютерные сети, маршрутизация, протоколы;Работа в команде",DevOps-инженер,0,3-6
108694342,Product designer / Продуктовый дизайнер в команду Цифровой ипотеки,"НЕМНОГО О КОМАНДЕ И ПРОЕКТЕ: У нас есть профессионалы разных профилей, с которыми всегда можно обменяться опытом и обсудить самые последние новости индустрии. Как одни из лидеров рынка финансирования жилищного строительства, мы уделяем пристальное внимание развитию удобных цифровых продуктов для людей. Мы активно растем и расширяем свою команду. У вас есть возможность стать участником команды профессионалов, объединенных амбициозными целями, принести свой опыт, влиять на результат и делать уникальный продукт. Позиция открыта в подразделении дизайна и клиентского опыта в Банке ДОМ.РФ. Направление работает над продуктами всей группы компаний ДОМ.РФ. Вакансия - в команде Личного кабинета партнера, направления Ипотека. О ПРОЕКТЕ: Личный кабинет Партнера - это сервис, который позволяет партнеру Банка подать заявку клиента на ипотеку, отслеживать статус, готовить клиента на сделку. Наш клиент в этом случае - это партнер Банка. Наша цель - сделать работу Партнера максимально удобной, понятной и логичной. Личный кабинет неразрывно связан с кредитным конвейером, в котором работают сотрудники Банка, с которым тебе также придется соприкоснуться. ЧЕМ ПРЕДСТОИТ ЗАНИМАТЬСЯ: Разрабатывать digital-продукт личного кабинета партнера, направления ипотека. Стать активным членом команды, создавать продукт и его ценность для клиентов и банка  Проектировать новые и развивать имеющиеся сервисы банка, основываясь на статистике и метриках в тесном взаимодействии с командой Понимать весь клиентский путь, уметь отрисовывать его в СJM и User Flow, выявлять точки роста и внедрять улучшения по нему Анализировать текущие решения, инициировать исследования, строить гипотезы и проверять их Презентовывать разработанные макеты, аргументируя свои решения Готовить макеты для передачи в разработку и контролировать качество реализации интерфейсов Поддерживать и улучшать дизайн систему в плотной связке с командой  НАШИ ПОЖЕЛАНИЯ К СОИСКАТЕЛЮ:  Коммерческий опыт работы в сложных продуктах от 3 лет (не фриланс) Опыт работы с высоконагруженными системами, CRM, табличными представлениями Наличие качественного, актуального и структурированного портфолио (высоконагруженные интерфейсы и мобильные приложения) Готовность быстро погрузиться в специфику и цели продукта Продвинутый опыт работы в Figma: работа с UI-библиотеками (компоненты, варианты, стили и пр), чтение документации, следование гайдам Умение самостоятельно внедрять новые компоненты в уже существующую дизайн систему при необходимости Забота о разработчиках и коллегах других направлений - соблюдение порядка в своих макетах Умение презентовать свою работу и обосновывать эффективность выбранных решений Инициативность и умение брать на себя ответственность за выполнение поставленных задач. Самостоятельность, проактивность и умением перфомить Умение слушать и договариваться с заказчиками, коллегами и экспертами  БУДЕТ ПЛЮСОМ:  Знание BPMN/UML нотаций Разработка CJM для продукта Опыт в исследованиях по продукту  ВАЖНАЯ ИНФОРМАЦИЯ:  Для нас важно увидеть не концептуальные и учебные работы, а реальный опыт, который можно показать без нарушения NDA. Нам интересно узнать какие задачи проекта стояли перед вами, как вы справить с этим и почему выбрали именно эти решения ",Figma;UI/UX Дизайн;Инициативность;Исследование клиентского опыта;Контроль качества;Поддержание чистоты и порядка;Работа в CRM-системах;Работа в команде;Составление карты пути клиента (CJM);Статистическая обработка данных;Умение принимать решения,DevOps-инженер,0,3-6
110889988,Системный администратор Linux,"Network Technologies — официальный дилер «Элтекс», крупнейшего производителя сетевого и телекоммуникационного оборудования в России. Вся продукция разработана и произведена в России, сертифицирована и включена в реестры Минпромторга. Сейчас мы в поисках Devops-инженера для задач, направленных на поддержание и улучшение ИТ-инфраструктуры в компании. Обязанности:   Подготовка ПО с корректировками заказчика для конечной передачи продукта в работу заказчика; Сопровождение текущих информационных систем; Мониторинг, логирование и обеспечение высокой доступности сервисов; Обеспечение безопасности и соответствия стандартам; Выявление и устранение узких мест в производительности и надежности систем; Внедрение и поддержка процессов автоматизации тестирования и деплоя; Работа с базами данных (MySQL, PostgreSQL и др.)   Стек, с которым нужно уметь работать:  GitLab Nginx PostgeSQL Docker Kubernetes Linux Bash Git Redis  Условия, которые мы предлагаем:   Прозрачное сотрудничество: официальное трудоустройство с первого дня, стабильная белая заработная плата;   Соцпакет: компенсация спортзала, ДМС со стоматологией;   Возможность выбрать удобный адрес для работы: Ядринцевская 23 или Промкирпичная 22;   Возможность гибридного графика - совмещение работы в офисе с работой из дома;   Корпоративное обучение и профессиональный рост внутри компании;   Карьера в активно развивающейся сфере телеком. оборудования;   Работа с узнаваемой торговой маркой российского производства.Заработную плату обсуждаем индивидуально на собеседовании  ",DevOps;Docker;Git;Kubernetes;MySQL;Nginx;PostgreSQL;Redis;Автоматическое тестирование;Администрирование серверов и рабочих станций;Базовая работа с Linux;Взаимодействие с клиентами и заказчиками;Работа с базами данных;Сетевой мониторинг и логирование,DevOps-инженер,180000,1-3
115771953,UX\UI-дизайнер,"GARPIX – это крупнейший Digital-интегратор с собственными инновационными продуктами и крупными проектами для федеральных и международных компаний. 14 лет мы успешно разрабатываем и развиваем IT-проекты в различных доменных областях.Сегодня мы крупнейший диджитал-интегратор на Российском рынке с более чем 300+ сотрудниками, тремя офисами в Москве, Санкт-Петербурге, Иваново, лицензированным образовательным центром GARPIX «Цифровая академия» и R&amp;D лабораторией. Наши основные направления развития:1. Заказная разработка веб, мобильных приложений и ПО2. Продуктовая разработка• Garpix Load System – веб-сервис моделирующий загрузку транспорта.• Garpix 3D scan – измерительный складской инструмент, выпуск и продажа оборудования.3. Outstaffing IT-специалистов (Предоставляем специалистов как отдельно, так и командами)4. Внедрение 1С систем• внедрение всех видов учета для компаний.• согласование бизнес-процессов их автоматизация.• разработка веб-ресурсов и программного обеспечения.5. Информационная безопасность (Защита вашего бизнеса от утечек информации с помощью DLP-системы). Нам доверяют крупные коммерческие и государственные организации, потому что мы умеем и любим выполнять нестандартные задачи, требующие большой ответственности. В связи с расширением мы находимся в поиске UX\UI-дизайнера. Чем предстоит заниматься:  Проектировать дизайн сайтов, различных интерфейсов и мобильных приложений; Презентовать дизайн внутри команды и клиентам; Участвовать в развитии внутренних продуктов компании; Работа с UI-китом, дизайн-системой, гайдлайнами; Проведение UX-исследований, повышение юзабилити сайтов; Участие в планерках, обсуждении задач и решений с командой; Дизайн внутренних маркетинговых материалов (баннеры, презентации, листовки и тд).  Что мы ждем от кандидата:  Коммерческий опыт работы UX/UI дизайнером от 3 лет - опыт работы в компании/команде, не фриланс; Портфолио - желательно показать изнутри хотя бы один проект в Figma; Знание всех функций Figma - auto layout, components, aligns, text styles, variables, ect; Понимание принципов UI/UX и верстки - как устроены интерфейсы с точки зрения фронтенда; Tilda - хорошее знание функций, нулевые блоки, адаптив, эффекты; Самостоятельность - вашу работу не нужно проверять 10 раз в день; Ответственность - грамотная оценка сроков и соблюдение дедлайнов; Насмотренность - знание современных тенденций в дизайне; Аккуратность - делать чистый дизайн, готовый к передаче разработчикам;  Что мы предлагаем:  Работу в комфортабельном просторном офисе с современным оборудованием или из дома; Высокую конкурентную заработную плату (выплаты 2 раза в месяц) + официальное оформление (Трудовой Договор, СМЗ или ИП); Дружный и позитивный коллектив, адекватное руководство, открытость и поощрение инициатив; Работу над крупными проектами наших партнеров в России и за рубежом (фарма, ритейл, логистика, медицина и многие другие).  Будем рады видеть в нашей команде!</p>",DLP - системы;Figma;UI/UX Дизайн;UI/UX Исследования,DevOps-инженер,110000,3-6
114976979,UX/UI дизайнер,"Postgres Professional — разработчик самой популярной российской СУБД Postgres Pro на базе свободно распространяемой PostgreSQL. А еще мы — один из крупнейших в мире контрибьюторов открытой СУБД: каждый год отправляем в сообщество PostgreSQL более 100 патчей. В Postgres Professional работают опытные эксперты в PostgreSQL — в нашей команде больше половины российских постгресистов, включая Major Contributors системы. Вместе мы решаем сложные задачи заказчиков, в том числе доработки в ядро PostgreSQL.Сейчас мы ищем к нам в команду опытного Продуктового дизайнера, которому предстоит работа над интерфейсами продуктов для профессионального использования в сфере баз данных. Чем предстоит заниматься:   работать над интерфейсами веб-приложений для профессионального использования в сфере баз данных;   самостоятельно писать и редактировать тексты интерфейса;   проектировать новые и развивать текущие продукты компании;   самостоятельно уточнять пользовательские сценарии и изучать предметную область;   обсуждать, демонстрировать и аргументировать решения, при необходимости собирать прототипы;   улучшать решения, используя фидбеки заказчиков, разработчиков и пользователей;   принимать участие в создании и развитии дизайн-системы вместе с командой разработки;   осуществлять авторский контроль;   рисовать простые иконки в заданной стилистике компании;   участвовать в улучшении процессов команды.   Мы ожидаем:  коммерческий опыт от 5ти лет: web и mobile; опыт работы в Figma и с дизайн-системами; понимание принципов исследования и построения пользовательских сценариев; умение презентовать и защищать свою работу, обосновать решения, работать с критикой; опыт работы в продуктовых командах, умение взаимодействовать с разработчиками, специалистами тестирования, техническими писателями и менеджерами; опыт написания интерфейсных текстов.  Будет плюсом:   опыт работы с B2B клиентами; опыт создания дизайн-систем; умение работать в Adobe Illustrator, Adobe Photoshop и 3D-редакторах; навык проведения интервью и тестирований с пользователями; техническое высшее образование.  Условия:   удаленка либо комфортный офис в шаговой доступности от м. Академическая (Москва);   гибкое начало рабочего дня;   возможности для профессионального развития;   участие в профессиональных конференциях, продвижение в сообществе PostgreSQL;   медицинское страхование сотрудника (+1), компенсацию спортивных активностей и затрат на оборудование удаленного рабочего места, занятия английским языком, технику для работы, обеды в офисе и др.   ​​​​​​",Figma;UI/UX Дизайн;Авторский надзор;Работа в команде,DevOps-инженер,0,3-6
117547283,DevOps - инженер 0xFEEDC0DE / системный администратор Linux / shaмастер,"Это ты? ...ты...точно ты...ты, который скитался от одного унылого корпората к другому...но везде хандра и тоска были твоими верными друзьями...а тебе хочется свершений, хочется целей, свободы, хочется самому управлять своей судьбой...хочется быть нужным...хочется быть другом...товарищем...тем, кто спасает...и вот ты тут, читаешь, быть может у тебя темно и лишь подсветка на клавиатуре подает признаки жизни, бросая тусклый свет на пальцы...глаза не моргают...если так, то тебе к нам, ведь то, что ты тут... думаешь совпадение? ведь череда событий произошла и произошла в нужной последовательности...сделай шаг - пришли в письме mov eax, [DEADBEEF] и доверься потоку... а пока иди под кат. отклик на слова: k8s, linux, wsl, docker, pwsh, bash, git, gitlab, teamcity, ci/cd, nginx, vault, redis, postgresql и все дальше по списку обязательное условие быть ленивым на обезьяний подход, в начале код, скрипт, конфиг, потом мышь ждем...надеемся...ищем... Да прибудет с тобой Адун и благословит Джон Кармак",CI/CD;Docker;Git;Gitlab;Java/Kotlin/Scala;Kubernetes;Nginx;PostgreSQL;Redis;Базовая работа с Linux;Лидерство;Хранение и обработка данных,DevOps-инженер,155000,3-6
115775748,Системный администратор Linux / junior DevOps,"Компания ОРИОН ТЕХНОЛОДЖИЗ предлагает решения в области компьютерного зрения и искусственного интеллекта.  Среди решений Компании системы мониторинга дорожного трафика, автономные комплексы контроля нарушений ПДД и системы интеллектуального анализа результатов аэровидеосъемки.  Орион занимается комплексной разработкой решений, включающей проектирование и производство аппаратного обеспечения информационных систем, обеспечение всех этапов жизненного цикла программного обеспечения поставляемых решений, а так же техническую поддержку коммерческих инсталляций. Компания ОРИОН ТЕХНОЛОДЖИЗ приглашает кандидатов на новую позицию Системный администратор Linux / junior DevOps Обязанности:  Развертывание виртуальных машин на KVM Настройка маршрутизации и коммутации на базе Mikrotik и Linux Настройка систем мониторинга на базе Zabbix Troubleshooting и оптимизация работы БД postgresql Настройка систем бэкапирования (BorgBackup + MinoS3) Работа в ОС Ubuntu, jetson, jetpack 4.6.2 и выше, знание bash, troubleshooting работы ПО (Python3 + PHP), написанного как нашими разработчиками, так и OpenSource продукты  Возможности для роста в DevOps:Наша компания плотно работает с инструментами ML разработки, что является перспективным направлением на рынке, это позволит получить интересные и полезные навыки. В перспективе перевод внутренних сервисов на Docker контейнеризацию.Плотная работа с Gitlab, ci\cd, написание пайплайнов, развертывание runner.Обеспечение автоматизации процессов интеграций (gitflow): DEV -&gt; QA -&gt; PROD Требования:  Знание Mikrotik L2, L3 + routerOS scripts Знание ОС Ubuntu от 1 года Знание Zabbix\Grafana+Prometheus Знание Ansible\Puppet Понимание принципов работы DNS Опыт работы с KVM, GitLab  Условия:  Удаленная работа Трудоустройство по ТК РФ Итоговая заработная плата оговаривается с руководителем по результатам собеседования Компания состоит в реестре минцифры, возможно оформление отсрочки  Ключевые навыки:Linux UbuntuАдминистрирование серверов LinuxAnsible or PuppetZabbix or Grafana + PrometheusKVM (PROXMOX)GitLab + Gitlab CIBashPython","CI/CD;Docker;Gitlab;Grafana;PHP;PostgreSQL;Proxmox;Python;Администрирование серверов и рабочих станций;Базовая работа с Linux;Виртуализация, облачная инфраструктура;Компьютерные сети, маршрутизация, протоколы;Маршрутизация;Микроконтроллеры и микропроцессоры;Мобильная разработка (Android);Работа с базами данных;Сетевой мониторинг и логирование;Системы управления конфигурацией;Тестирование программного обеспечения",DevOps-инженер,60000,1-3
114978816,Senior UI/UX дизайнер,"Postgres Professional — разработчик самой популярной российской СУБД Postgres Pro на базе свободно распространяемой PostgreSQL. А еще мы — один из крупнейших в мире контрибьюторов открытой СУБД: каждый год отправляем в сообщество PostgreSQL более 100 патчей. В Postgres Professional работают опытные эксперты в PostgreSQL — в нашей команде больше половины российских постгресистов, включая Major Contributors системы. Вместе мы решаем сложные задачи заказчиков, в том числе доработки в ядро PostgreSQL.Для развития нашего нового продукта мы ищем талантливого UX/UI-дизайнера.Чем предстоит заниматься: Проектированием интерфейсов десктопного приложения и адаптивной верстке;   Изучать и улучшать пользовательский опыт;   Доводить идеи и задачи до финала, отвечать за их качество;   Выстраивать коммуникацию с коллегами: дизайнерами, продакт и проджект менеджерами, аналитиками, разработчиками и исследователями.   Мы ожидаем:   Опыт работы UX/UI дизайнером от 3 лет и опыт работы в Figma;    Опыт с приложениями для бизнеса, для enterprise и и B2B компаний;   Вы хотите создавать красивый и удобный продукт;   Готовы работать с нетривиальным пользовательским опытом и глобальными продуктами с огромной аудиторий;   Умеете системно мыслить, выдвигать гипотезы и формировать продуктовое видение;   Хотите влиять на продукты на всех уровнях от стратегии до реализации   Понимание языка React (понимание его ограничений) - будет плюсом.      Условия:   удаленка либо комфортный офис в шаговой доступности от м. Академическая (Москва);   гибкое начало рабочего дня;   возможности для профессионального развития;   участие в профессиональных конференциях, продвижение в сообществе PostgreSQL;   медицинское страхование сотрудника (+1), компенсацию спортивных активностей и затрат на оборудование удаленного рабочего места, занятия английским языком, технику для работы, обеды в офисе и др.   ​​​​​​",HTML/CSS;Коммуникативная грамотность;Продажи;Управление продуктом,DevOps-инженер,0,3-6
116156770,Системный администратор Linux / Kubernetes (Middle DevOps инженер),"В нашу компанию требуется хороший человек - и при этом DevOps инженер:) Наш профиль - это in-house разработка массовых онлайн-сервисов и софтов, а также инструментов для партнёрского маркетинга. Мы занимаем лидирующие позиции на рынке дистрибуции софта в странах СНГ. Эта вакансия для человека с опытом - системного администратора Linux, которому интересно развиваться в сторону DevOps. Или для специалиста, который уже позиционирует себя как DevOps-инженер. Кратко: Linux admin, DevOps, full-time, гибкий график, удалённая работа. Гарантируем крутой рабочий процесс, современный стек технологий, помощь в освоении нового, интересные задачи и, конечно, достойную оплату. Обязанности:   Администрирование и поддержка инфраструктуры компании: Kubernetes-кластер и несколько dedicated-серверов (legacy).   Взаимодействие с разработчиками для решения инцидентов и текущих задач.   Переезд приложений с legacy-инфраструктуры в Kubernetes;   Написание документации:   Локальная разработка и деплой приложений;   Сетап инфраструктуры с нуля;   Разбор инцидентов.     Инициатива в дальнейшем развитии и автоматизации инфраструктуры.   Используемые технологии:   Облачные провайдеры: Kubernetes в Google Cloud, выделенные серверы в OVH (legacy), Droplets и Spaces в DigitalOcean.   Управление конфигурацией: Helm, Ansible (legacy).   Изоляция приложений: Docker-контейнеры, немного LXC (legacy).   Логи и мониторинг: Prometheus, Loki.   Визуализация: Grafana.   CI/CD: Jenkins.   Базы данных: MySQL, MongoDB, Redis.   Разработка веб-приложений: Node.js, Python (Django/Flask), Next.js.   Kubernetes Ingress: Nginx.   Условия:  Оклад 180 000 - 250 000 руб при full-time. Определяется вашими начальными навыками. Премии за успешное выполнение стратегически важных этапов. Удалённая работа. Гибкий график. Вы сможете разбить свой день на удобные интервалы работы и работать в привычной обстановке. Современные процессы разработки (Docker + Kubernetes, CI/CD + GitOps). Востребованные и качественно реализованные проекты, в которых уже есть микросервисная архитектура, либо идёт переезд на неё. Классная команда - мы умеем и любим работать с людьми. Гарантируем “правильный” менеджмент и содействие в прокачке недостающих компетенций. У нас выверенный годами баланс между дисциплиной и свободой.  Дополнительные инструкции: Мы будем признательны, если к отклику вы приложите:  небольшой рассказ о себе в свободной форме: напишите об интересах в DevOps (или работе в целом) и о том, что зацепило в нашей вакансии; примеры своих Helm chart&#39;ов или Docker config&#39;ов: GitHub, Bitbucket, ссылка на облако. ",Docker;Kubernetes;Администрирование серверов и рабочих станций;Базовая работа с Linux;Разработка документации;Системы управления конфигурацией;Управление продуктом,DevOps-инженер,215000,1-3
115776856,NetOps - автоматизатор в команду сетевых инженеров (#MTC Web Services (MWS)),"MTC Web Services (MWS) — сервисы и продукты Enterprise-уровня для ИИ-экспериментов и цифровой трансформации бизнеса. Мы предлагаем передовые технологии, глубокую экспертизу, комплексную поддержку и надежную инфраструктуру, чтобы вы достигали новых высот. Среди наших решений: сетевые сервисы, сервисы по хранению, вычислению и информационной безопасности, PaaS-решения, корпоративные сервисы, приложения для разработчиков. MWS — больше, чем облако. Мы ищем талантливого NetOps-специалиста для автоматизации процессов в команде сетевых инженеров. Ваша роль будет заключаться в создании и оптимизации CI/CD процессов, а также в автоматизации управления сетевой инфраструктурой для нашего облачного провайдера. Чем предстоит заниматься:  Разработка и поддержка скриптов и автоматизированных решений с использованием Python, Bash, Ansible (знание Go будет плюсом). Построение и оптимизация CI/CD процессов в GitLab. Применение принципов DevOps и подхода Infrastructure as Code (IaC) для управления сетевой инфраструктурой. Сотрудничество с сетевыми инженерами для интеграции автоматизации в повседневные процессы.  Что мы ждём от кандидатов:  Уверенные знания и опыт работы с Python, Bash, Ansible. Умение выстраивать и поддерживать CI/CD процессы в GitLab. Понимание концепций DevOps и управление инфраструктурой с использованием подхода IaC. Базовое понимание устройства сетей в ЦОД.  Будет плюсом:  Уверенные знания и опыт работы с Go. Опыт работы с виртуальной и облачной сетевой инфраструктурой, понимание архитектуры облачных сервисов. Опыт работы сетевым инженером или архитектором. ","CI/CD;DevOps;Gitlab;Golang;IaC-обработка;Python;Анализ данных;Базовая работа с Linux;Компьютерные сети, маршрутизация, протоколы;Системы управления конфигурацией",DevOps-инженер,0,3-6
115776878,Сетевой инженер Kubernetes [#MTC Web Services (MWS)],"MTC Web Services (MWS) — сервисы и продукты Enterprise-уровня для ИИ-экспериментов и цифровой трансформации бизнеса. Мы предлагаем передовые технологии, глубокую экспертизу, комплексную поддержку и надежную инфраструктуру, чтобы вы достигали новых высот. Среди наших решений: сетевые сервисы, сервисы по хранению, вычислению и информационной безопасности, PaaS-решения, корпоративные сервисы, приложения для разработчиков. MWS — больше, чем облако. Мы ищем сетевого инженера с опытом работы в Kubernetes для создания и поддержки сетевой инфраструктуры в нашей облачной платформе. Ваша роль будет заключаться в обеспечении надежной и масштабируемойсетевой среды, поддерживающей контейнерные приложения. Чем предстоит заниматься:  Управление и оптимизация сетей в Kubernetes с использованием CNI. Применение принципов DevOps и подхода Infrastructure as Code (IaC) для управления инфраструктурой. Автоматизация процессов и задач с использованием Bash, Go или Python. Сотрудничество с командами разработчиков и инженеров для улучшения сетевой архитектуры и внедрения новых технологий.  Что мы ждём от кандидатов:  Понимание принципов функционирования программно-определяемых сетей и CNI Kubernetes. Понимание концепций DevOps и управление инфраструктурой с использованием подхода IaC. Умение автоматизировать процессы и задачи с использованием Bash, Go или Python. Базовое понимание устройства сетей в ЦОД.  Будет плюсом:  Глубокое понимание принципов работы сети в Linux. Опыт работы с виртуальной и облачной сетевой инфраструктурой, понимание архитектуры облачных сервисов. Желание и умение покрывать все мониторингом с использованием Prometheus, Grafana, Kafka. Владение инструментами конфигурации сети Netplan, ifupdown, Network Manager. Знание инструментов логирования, мониторинга и аудита. ","Apache Kafka;DevOps;Golang;Grafana;IaC-обработка;Kubernetes;Python;Анализ данных;Базовая работа с Linux;Компьютерные сети, маршрутизация, протоколы;Сетевой мониторинг и логирование",DevOps-инженер,0,3-6
111437443,Системный администратор Linux/DevOps (DevOps-инженер middle),"ПКР является лидером на рынке разработки инвестиционных проектов, бизнес-аналитики, финмоделирования, инжиниринга. В работе на сегодня более 80 инвестпроектов в 15 регионах страны на общую сумму более 45 млрд руб. Цифровая платформа Investprojects.info является информационно-аналитической платформой инвестиционных проектов России и стран ЕАЭС. «Инвестиционные проекты» — уникальный интернет-ресурс, позволяющий получить доступ к более чем 100 000 заявленным к реализации и реализуемым инвестиционным проектам в промышленном и гражданском строительстве.Наши подписчики: Северсталь, Альфастрахование, МТС, Мегафон, ЕВРАЗ, Ростелеком, Peri, Технониколь, Пеноплэкс, KPMG, Сбербанк (Группа Сбер), Промсвязьбанк и другие. Более 400 платных подписчиков с 3500 аккаунтами. Обязанности:  Администрирование и участие в развитии ИТ-инфраструктуры организации; Администрирование ОС семейства Linux (LEMP стек); Обеспечение бесперебойной работы сервисов и серверов платформы; Настройки и поддержка систем мониторинга для обеспечения высокой доступности сервисов; Внедрения и настройка новых программных решений для повышения эффективности работы системы; Техническая поддержка и сопровождение работы платформы, оперативное решение инцидентов, веб серверов LEMP; Навыки настройки сетевого оборудования; Администрировать облачные ресурсы; Знание и понимание работы сетевых протоколов.  Требования:  Опыт администрирования серверов на базе Linux(Ubuntu/centos) от 3 лет; Уверенное знание LEMP (Linux, Nginx, MySQL, PHP) стека; Понимание и опыт администрирования WEB-серверов; Понимание и опыт тюнинга Nginx и php-fpm; Понимание и опыт работы с системами мониторинга и управления доступностью сервисов (Prometheus, Zabbix или аналогичные); Работа с базами данными - настройка, репликация, бэкап, оптимизировать мониторинг, резервирование; Опыт написание скриптов на bash; Опыт работы с Docker; Работа с GitLab; Опыт работы с ELK стеком; Навыки настройки сетевого оборудования; Опыт внедрения программных продуктов; Опыт работы с виртуализацией; Опыт работы с крупными и высоконагруженными проектами; Способность оперативно решать технические задачи и предотвращать сбои.  Условия:  Официальное трудоустройство; Конкурентоспособная оплата труда (окончательно оговаривается с успешным кандидатом на собеседовании); Работа в центре города в офисе с домашней атмосферой (м. Пушкинская, м. Звенигородская, м. Технологический институт, м. Лиговский проспект); Корпоративный психолог; Корпоративный массажист для сотрудников компании; Спортзал и душ в офисе; Бесплатные завтраки и обеды для сотрудников, которые готовит наш повар, напитки (кофе, смузи, лимонады и т.д.), которые делает наш бариста; Бесплатные ужины для детей сотрудников; ДМС со стоматологией после испытательного срока 3 месяца; Возможность развиваться вместе с доброжелательным коллективом профессионалов; Оплачиваемый социальный пакет (спорт, связь, оплата культурных мероприятий, выдается ноутбук, телефон, автопарк, больничный, отпуск); Тип занятости: полный рабочий день на территории работодателя (Возможен ненормированный рабочий день). ","DNS;Docker;ElasticSearch;MySQL;Nginx;PHP;VPN;Администрирование серверов и рабочих станций;Базовая работа с Linux;Компьютерные сети, маршрутизация, протоколы;Сетевой мониторинг и логирование;Техническая поддержка пользователей;Управление продуктом",DevOps-инженер,110000,1-3
110896291,Системный администратор Linux (Специалист по облачным решениям),"ПРОТЕЙ - группа российских ИТ-компаний полного цикла. С 2002 года мы разрабатываем и производим продукты для операторов мобильной и фиксированной связи в России и за рубежом, государственных заказчиков, корпораций. Мы расширяем отдел DevOps и для наращивания собственных компетенций в части облачных решений приглашаем специалиста по виртуализации. Ваши задачи:  Разворачивание Cloud ПО на серверы заказчиков. Проработка инструмента Изучения проблем и багов между ПО и железом Настройка и тюнинг Linux для установки Cloud ПО. Сборка ядра, модулей и т.д. Экспертиза облачного решения Анализ и определение требований к облаку от других команд. Оценка функциональных возможностей Автоматизация типичных задач по управлению стеком. Согласование HLD и LLD  Наши ожидания:  Глубокое знание ОС Linux Понимание основ виртуализации Опыт работы с Cloud решениями Знание стека TCP-IP  Будет плюсом:  Знакомство с Ansible, Terraform Знание основ Python Использование GIT Знакомство с Jenkins  Мы предлагаем:  Оформление по ТК РФ, белая заработная плата Формат работы: гибкое начало и окончание рабочего дня (40 часов в неделю) Офис: в пешей доступности от метро Выборгская, оборудованная кухня, зоны отдыха, душевая, парковка для велосипедов Здоровье: расширенный ДМС со стоматологией с начала работы Доплата на питание в офисе Спорт: 50% компенсации фитнеса, корпоративные занятия йогой в офисе, команды по футболу, волейболу Обучение: участие в конференциях, профильные курсы, внутренние тренинги Яркие корпоративные праздники ","Git;Python;Terraform;Базовая работа с Linux;Виртуализация, облачная инфраструктура;Компьютерные сети, маршрутизация, протоколы;Разработка архитектурных решений;Сбор и анализ требований;Системы управления конфигурацией",DevOps-инженер,0,1-3
108697359,Системный аналитик (Продукт Deckhouse UI),"Продукты команды Deckhouse UI — веб-приложения, которые помогают управлять всем множеством фич Deckhouse Kubernetes Platform и делают состояние платформы наглядным. Это очень важное направление для бизнеса, поэтому мы наращиваем скорость разработки и ищем в команду технического эксперта / аналитика и SRE в одном лице. У нас в работе два приложения: Console — веб-интерфейс к Deckhouse/Kubernetes API, и Commander — инструмент создания кластеров и их централизованного управления. Мы формулируем функциональные требования для разработки интерфейсов в письменном виде. По этим требованиям дизайнеры делают макеты, разработчики узнают об особенностях поведения веб-приложения, тестировщик собирает часть тест-плана. Мы ищем технического эксперта, который будет формулировать требования к новым разделам и фичам быстро разрастающегося веб-интерфейса, а также выступать в роли парт-тайм SRE. Сейчас у нас в команде 14 разработчиков, дизайнер, тестировщик, проектный менеджер и технический директор продуктов. Чем предстоит заниматься:   Разбираться в Kubernetes и Deckhouse, консультировать команду разработки по их спецификации и особенностях работы   Прорабатывать и писать функциональные требования к новым разделам / фичам веб-интерфейсов Deckhouse   Вместе с дизайнером находить простые и понятные UX/UI-решения для технически сложных бизнес-задач   Обеспечивать приемку нового функционала, верифицировать его на соответствие требованиям   Выпускать релизы и пополнять ченджлоги, тестировать ключевую функциональность продуктов перед релизами   Поддерживать CI и инфраструктуру для разработчиков   Писать код и документацию по мере необходимости   Поддерживать пользователей: помогать с внедрением, эксплуатацией с отладкой проблем.   Что мы ждём от нашего кандидата:   Опыт работы в DevOps и SRE   Опыт использования Linux, Kubernetes, облачных сервисов   Опыт работы с Prometheus   Знание принципов проектирования распределенных вычислительных систем   Знание одного из современных языков программирования: Go, Python   Хорошие коммуникативные навыки, умение и стремление доносить суть, объяснять   Опыт донесения функциональных требований / спецификации к пользовательским веб-интерфейсам   Опыт описания бизнес-логики интеграций «система-система»   Опыт работы в связке «владелец требований и дизайнер»   Будет плюсом:   Опыт работы с werf   Опыт работы с Deckhouse   Тяга к улучшению процессов и автоматизации работы   Насмотренность на интерфейсах, чувство удобного и понятного   Готовность демонстрировать продукты внутренним и внешним заказчикам   Что мы предлагаем своим сотрудникам:   работа в ИТ-компании, аккредитованной Минцифры РФ;   полностью «белая» ЗП и её регулярная индексация по итогам performance reviews;   ДМС (со стоматологией и телемедициной) в вашем городе (для проживающих в РФ);   английский с корпоративным преподавателем в рабочее время;   скидка 50% на сервис онлайн психотерапии Ясно;   полностью удаленная работа — нужен только доступ в интернет;   современное «железо» от компании;   органическое неприятие бюрократии на уровне корпоративной культуры;   понятные цели и перспективы;   результаты труда, которыми можно гордиться.  ",CI/CD;Golang;Kubernetes;PostgreSQL;Python;UI/UX Дизайн;Базовая работа с Linux;Коммуникативная грамотность;Насмотренность;Разработка программного обеспечения;Сбор и анализ требований;Сетевой мониторинг и логирование;Системный анализ;Управление персоналом;Формирование технических заданий;Целеустремленность,DevOps-инженер,0,3-6
108432122,Младший системный администратор Linux (гибрид),"Кто мы Мы – команда МоегоСклада. Уже 17 лет развиваем и продаем веб-сервис, упрощающий жизнь малому и среднему бизнесу. У нас налажен и постоянно развивается процесс разработки. Сделанные в первый день работы тикеты могут уже завтра быть на проде. Продукт большой и сложный, пользователи активно делятся пожеланиями. Мы придумываем, как реализовать полезный для людей продукт – и делаем. Мы делаем совершенно разные вещи – создаем новые фичи, пилим интеграции с самыми популярными маркетплейсами, поддерживаем наши работающие решения, делаем инструменты аналитики более ценными, улучшаем онбординг и дизайн, исследуем пользователей, развиваем API и многое-многое другое. Мы ищем того, кто   Имеет навыки работы с ОС Linux от 1 года (установка и настройка, командная строка, знание основных приложений, настройка сетей)   Знает основы сетевых технологий   Умеет работать в команде   Будет плюсом Опыт работы с сервисами: atlassian / gsuite / slack / git / docker / ansible Чему у нас можно обучиться: OKD / Docker / Proxmox / PostgreSQL / GitLab / Jenkins / Nexus / Artifactory / Kafka / RabbitMQ / ELK / Graylog / Prometheus / Grafana / Ansible / Terrafrom / VPN Чем предстоит заниматься   Мониторингом состояния оборудования, проведением первичной диагностики   Выполнять типовые запросы на обслуживание от пользователей систем (ServiceDesk)   Принимать участие в устранении аварий (отработке инцидентов)   Выполнять регламентные работы   Заниматься сбором информации и эскалацией сложных проблем на вторую линию поддержки   Взаимодействовать с инженерами других служб и подразделений   Поддерживать рабочие станций пользователей   Подбирать и приобретать новое оборудование, устанавливать новые рабочие места   Работать с поставщиками услуг, своевременно собирать документы и контролировать платежи   Вести системы учета ИТ активов, договоров, услуг   Что мы предлагаем   Официальное оформление и белую зарплату   Гибкое начало рабочего дня   Гибридный график работы (2 дня в офисе, 3 дня удаленно), офис в Москве в двух минутах от метро Автозаводская   Отсутствие бюрократии: все онлайн в удобном интранете   В офисе — компенсируем оплату обедов, закупаем фрукты и перекусы   Профессиональное развитие (оплата обучения, корпоративная библиотека, выступления на конференциях)   5 оплачиваемых “дней без больничного” в год   Компенсация больничного и отпуска — 100 % оклада   Компенсируем 50% затрат на спорт   Предоставляем скидку 50% на сервис онлайн-психотерапии   Возможность оформить отсрочку от призыва   А еще мы дарим классный фирменный мерч   Подключаем к ДМС со стоматологией после окончания испытательного срока.   Процесс отбора, если ваше резюме нам интересно 0. Предварительно нужно будет созвониться с рекрутером на 15-30 мин. 1. Назначаем собеседование со старшим системным администратором и старшим инженером DevOps ~1 час, затем с руководителем гильдии системных инженеров ~ 1 час. 2. Максимум через несколько дней (чаще – часов) принимаем решение и даем обратную связь.","Atlassian Jira;Docker;Git;Gitlab;Grafana;Kubernetes;PostgreSQL;Proxmox;ServiceDesk;Slack;VPN;Базовая работа с Linux;Ведение документооборота;Информационная грамотность;Компьютерные сети, маршрутизация, протоколы;Обслуживание ПК;Построение компьютерных систем;Работа в команде;Системы управления конфигурацией",DevOps-инженер,0,1-3
110765011,Team Lead отдела системного администрирования Linux (удалённо),"StormWall - международная компания, основанная в 2013 году и специализирующаяся на защите от DDoS и хакерских атак для веб-сайтов, серверов, сетей и IT-инфраструктур любого размера и сложности. Мы разрабатываем инновационные решения по защите от DDoS-атак, программные и аппаратные, а также предоставляем круглосуточный сервис реагирования и отражения атак на клиентов компании в режиме реального времени. Задачи, которые предстоит решать:  Организация работы отдела системных администраторов Организация бесперебойной работы серверов и сервисов компании Настройка, ввод в эксплуатацию и обслуживание серверного оборудования и систем хранения данных Планирование модернизации/обслуживания ИТ-инфраструктуры Организация закупок ПО и оборудования, контроль подписок, инвентаризации Организация работы с поставщиками услуг по размещению оборудования в дата центрах по всему миру.  Наш стек:  Виртуализация - VMware ESXi + vCenter ОС - Red Hat-Based Linux, Ubuntu + немного Windows Server IDM - CentOS Identity Management, Windows Active Directory БД - MySQL, PostgreSQL, Clickhouse, MongoDB, Redis Логирование - Graylog + Elasticsearch Веб-сервера - nginx, openresty, apache DNS сервера - PowerDNS / Unbound Мониторинг - Zabbix, Grafana Разработка - GitLab + GitLab CI Оборудованием Mikrotik, с серверами HP/Dell/Supermicro, с СХД IBM/Lenovo/HP/Synology  От кандидата ожидаем:  Опыт работы с похожим стеком - 5 лет и более Уверенное знание Linux Практический опыт работы с VMware: vCenter, vSAN, Distributed Switches, кластеризация + HA/DRS, политики разграничения ресурсов, iSCSI Английский язык: знания, достаточные для переписки по техническим темам Аккуратность и обязательность: мы ждем от Вас порядка как в документации, так и в конфигурациях серверов Умение видеть узкие места и потенциальные проблемы в инфраструктуре и решать их Умение организовать рабочие процессы отдела.  БУДЕТ ПЛЮСОМ:  Опыт работы с DevOps инструментарием (Docker, Docker Swarm, Kubesphere, k8s, Ansible, и т.п.) Опыт работы с Gitlab Понимание работы протоколов динамической маршрутизации (OSPF, BGP) и опыт работы с программными маршрутизаторами quagga/frrouting  Предлагаем:  Полная занятость. Мы не ищем человека по совмещению ни при каких условиях - это принципиальная позиция!  Официальное оформление в аккредитованной ИТ-компании, белая зарплата;   График - 5/2   ДМС со стоматологией и возможностью консультироваться онлайн у профильных специалистов членам семьи;   Масштабный опыт работы с самыми разнообразными современными техническими решения в области системного администрирования (преимущественно Linux), защиты от ДДОС, хостинга, виртуализации (VMware, Hyper-V), сетевого оборудования (Cisco, Juniper) и т.п;   Корпоративную скидку в Skyeng для наших сотрудников и членов их семей;   Возможность профессионального развития и карьерного роста внутри компании;   Заработная плата - по результатам собеседования.  ","ClickHouse;ElasticSearch;Git;Gitlab;Grafana;Администрирование серверов и рабочих станций;Базовая работа с Linux;Ввод оборудования в эксплуатацию;Виртуализация, облачная инфраструктура;Проведение закупок;Проведение инвентаризаций;Работа с поставщиками;Сетевой мониторинг и логирование;Системы управления конфигурацией;Системы хранения данных;Управление базами данных;Хранение и обработка данных",DevOps-инженер,0,3-6
110771965,Системный инженер Windows/Linux,"  Наш подход в IT   По духу мы стартап, а в деле — энтерпрайз   Работаем в кросс-функциональных продуктовых командах: продакты,   аналитики, разработчики, QA инженеры   Используем гибкие методологии (agile у нас правда работает)   Развиваем процессы DevOps, которые реализованы через Gitlab CI/CD в инфраструктуре Kubernetes   Придерживаемся подходов ООП (объектно-ориентированного программирования)   Стремимся к принципам CI/CD — непрерывной интеграции и поставки кода   Пишем на: Go, NodeJS, Angular, PHP   Используем PostgreSQL, Redis, RabbitMQ для управления и хранения данных   Вопросы администрирования и поддержки лежат на инфраструктуре (сетевые инженеры, DBA, системные администраторы Linux)   Чем предстоит заниматься  Обеспечение непрерывной доступности ИТ систем компании за счёт настройки мониторинга Zabbix/Grafana/Prometheus Автоматизация рутинных задач - Ansible/Terraform/Скрипты Администрирование ОС Linux и Windows Обслуживание и настройка парка серверного и сетевого оборудования Развитие, настройка и администрирование систем системы видеонаблюдения. Администрирование систем СКУД, ЭДО, ЭЦП Взаимодействие с подрядными организациями, контроль выполнения работ Проектная деятельность Выполнение заявок 2-3 линии поддержки  Что мы хотим видеть в кандидате   Опыт работы от 3-х лет в роли системного инженера Linux   Технические навыки администрирования Linux, Windows   Уверенный опыт работы с системами мониторинга   Опыт работы с серверным оборудованием   Умение работать в команде   Проактивный подход в решении задач   Мы предлагаем   Официальное трудоустройство в аккредитованной IT-компании   Открытую культуру и команду, вместе с которой развиваешься   График работы 2/2 с 8.00 до 20.00   Обучение в академии 12 STOREEZ, скидки от партнеров Skillbox, Skyeng   Полис ДМС со стоматологией   Скидки на продукцию бренда и сертификат на день рождения   Комфортная среда: мягкие переговорные, фрукты и ароматный кофе на кухне, “пятница — день собак” и другие приятные мелочи   Офис в стиле лофт на Трехгорной Мануфактуре: 10-15 минут пешком от станций метро Улица 1905 года, Выставочная, Краснопресненская   Какие этапы предстоит пройти   Свяжемся, чтобы выбрать удобное время для интервью   На интервью с HR поговорим о ваших целях и опыте   На интервью с будущим руководителем обсудим задачи и приоритеты, расскажем, как устроен рабочий процесс   На интервью с амбассадором найма смотрим, насколько мы сходимся по ценностям   Запросим рекомендации у ваших предыдущих работодателей   Отправим оффер  ","Back-end разработка;CI/CD;Front-end разработка;Grafana;PHP;PostgreSQL;RabbitMQ;Redis;Terraform;Базовая работа с Linux;Ведение документооборота;Выполнение производственного технического контроля;Компьютерные сети, маршрутизация, протоколы;Контроль качества;Объектно-ориентированное программирование;Работа с подрядчиками;Работа с системами видеонаблюдения;Сетевой мониторинг и логирование;Системы управления конфигурацией",DevOps-инженер,0,3-6
115635868,Tech Lead Linux,"SberOS – операционная система для рабочих мест на базе репозитория Debian, собственная разработка Сбера. Эта ОС не зависит от вендоров, и полностью контролируется и изменяется под организацию. Дистрибутив SberOS следует правилам и открытости Debian-сообщества. В нем используются самые свежие пакеты из Debian и последнее стабильное ядро. Мы ищем человека, готового стать техническим лидером команды разработки образов ОС для внедрения на рабочих местах. Обязанности  Участие в подготовке технического задания; Контроль качества разрабатываемого решения; Взаимодействие с владельцем продукта и аналитиками; Обеспечение технического качества продукта; Участие в проектирование архитектуры; Утверждение требований для разработки.  Требования  Работа с пакетным менеджером apt/dpkg; Разбор проблем с системными компонентами ОС Linux; Написание скриптов и опытом работы в консоли linux: Awk, grep, sed, chroot, vim. Видеть различие tail от tee и head от uniq. Понимание что такое patch; Навыки работы с deb пакетами: знание устройство пакетов, навыки использования DEB и APT (Debian Package Manager), желательно знания что такое debian source пакеты; Знания основных компонентов системы инициализации Systemd, умение написать собственные сервисы Systemd, понимание, как они работают (модульность, управление зависимостями); Знакомство со сборкой ядра linux; Навыки работать в git.  Кого хотим найти:  Человека знакомого с философией unix. Экспертно знающего Linux; С опытом написания скриптов на bash; Понимающего процесс разработки ПО.  Условия  Офис: Новоданиловская набережная, д.10 со всеми удобствами: столовая, кафе, кухни с холодильниками и кофемашинами Бесплатный спортзал Достойная заработная плата (оклад + годовая премия) Гибридный режим работы Гибкое начало рабочего дня ДМС с первого дня работы Бонус за реферальную программу Возможность обучения и сертификации за счет компании Бесплатная подписка СберПрайм+ для сотрудников Льготное кредитование в Сбербанке и дисконт-программы от компаний партнеров ",API;AWK;Git;Администрирование серверов и рабочих станций;Анализ продукта;Базовая работа с Linux;Контроль качества;Разработка программного обеспечения;Сбор и анализ требований;Формирование технических заданий,DevOps-инженер,0,3-6
111887533,"DevOps-инженер (Linux, Salt-Stack)","О проекте: Мы — занимаемся разработкой сервиса управления конфигурациями и мониторинга удаленных хостов на базе SaltStack. Наша цель — предоставить клиентам эффективные и надежные инструменты для управления инфраструктурой. Обязанности: Разработка и поддержка инфраструктуры автоматизации на базе SaltStack. Настройка и оптимизация процессов CI/CD. Мониторинг производительности систем и обеспечение их стабильной работы Взаимодействие с командами разработки для интеграции новых сервисов. Разработка скриптов и модулей для автоматизации задач. Участие в проектировании, планировании и реализации архитектуры инфраструктуры. Работа с open source-программным обеспечением. Настройка систем мониторинга для отслеживания состояния серверов и предотвращения аварийных ситуаций.   Требования: Опыт работы в роли инженера DevOps от 3 лет. Опыт работы с SaltStack. Знание контейнеризации и оркестрации (Docker, Kubernetes). Опыт работы с системами контроля версий (Git). Знание языков скриптинга (Python, Bash). Понимание принципов управления конфигурациями и инфраструктуры как кода. Навыки работы в Linux-среде.",CI/CD;DevOps;Docker;Git;Kubernetes;Python;Администрирование серверов и рабочих станций;Базовая работа с Linux;Оптимизация бизнес-процессов;Работа в команде;Сетевой мониторинг и логирование,DevOps-инженер,0,3-6
116163619,DevOps-инженер (Linux),"Мы используем Linux сервера, виртуализацию на Docker, в основном на сервере стоит Nginx, PostgreSQL, Redis, Elastic Search, Logstash. Управление контейнерами на проектах привыкли организовывать через Docker Swarm. Требуется выполнять задачи:  У вас должны быть опыт работы с серверами Linux от 6 лет. Рассматриваем кандидатов, которые физически находятся на территории РФ. Настройка Gitlab. Настройка Docker под проекты: написание CI/CD для проектов zero down time. Понимание как пробрасывать порты наружу. Опыт работы с Docker Swarm. Умение работать с Grafana+ Prometheus. В частности организовать логирование на уровне контейнеров Docker и мониторинг ресурсов на уровне контейнеров. По результатам мониторинга уметь выставить ограничения на контейнеры. Умение анализировать логи, чтобы указать на проблему (PHP, база данных и т.д.) Настройка резервных копий с отправкой данных на внешний сервер или S3. Умение работать с S3. Изменение записей на уровне домена (понимание что такое А, TXT, MX, DKIM, SPF, DMARC). Выпуск и установка SSL сертификата. Умение настраивать алерты на критические события (превышение лимита по оперативки, размеру HDD, нагрузки на процессор и т.д.). Составление запросов хостинг-провайдеру для решения технических проблем. Реагирование на сбои и проблемы с работой сервера (быть доступным в течение рабочего дня). Подбор сервера по характеристикам у разных хостинг-провайдеров.  Будет плюсом  Умение работать с Traefik. Понимание микросервисной архитектуры. Базовые понимания распространенных уязвимостей и способов их устранения.  Условия​​​​​​​   Ищем человека для выполнения проектных задач. На первое время задач будет много, а потом сильной загрузки не будет. Условия оплаты обсуждается. Рассчитываем что после настройки проектов вы сможете их поддерживать и реагировать на обращение в течение рабочего дня.   Удаленная работа, 5/2. Быть на связи в течение рабочего дня.  Все процессы выстроены на основании регламентов и инструкций. Мы любим порядок и комфорт и хотим разделить его с новым членом команды.   ","Apache;CI/CD;DevOps;Docker;Gitlab;Grafana;PHP;S3;Администрирование серверов и рабочих станций;Аналитическое мышление;Базовая работа с Linux;Компьютерные сети, маршрутизация, протоколы;Криптографические протоколы;Резервное копирование;Сетевой мониторинг и логирование",DevOps-инженер,120000,6-
111443992,Инженер Linux в проекты по внедрению Частных облаков,"В команду внедрения частных облаков мы ищем инженера, готового решать проблемы, возникшие при эксплуатации частного облака, заниматься наполнением Базы знаний известными ошибками, участвовать в инсталляции решения у новых заказчиков. Наш фокус – создание частных облачных инфраструктур у наших заказчиков и помощь им в переходе от классической ИТ-инфраструктуры к облачной as-a-Service модели. Тебе предстоит:  Участвовать в проектах по внедрению частных облаков на базе решения RockitCloud; Обеспечивать непрерывное функционирование реализованных инсталляций; Консультировать заказчиков по вопросам развития, сопровождения и модернизации; Автоматизировать инфраструктурные задачи; Решать сервисные обращения и наполнять базу знаний; Классифицировать нетривиальные обращения.  Что мы ожидаем:  Фундаментальные знания устройства Linux-систем Понимание сетевых технологий TCP/IP, HTTP, DNS, NAT, BGP и т. д. Опыт работы с базами данных MySQL/Mongodb/PostreSQL/Redis/Elasticsearch; Опыт работы с системами мониторинга: Zabbix, Prometheus, Grafana; Умение грамотно излагать свои мысли; Умение готовить и поддерживать документацию.  Будет плюсом:  Опыт работы с языками, инструментами, решениями Docker, Kubernetes, QEMU, Ceph, Git, Python; Опыт работы с одним из инструментов автоматизации: Ansible / Terraform / Puppet. Опыт работы в тикет-системах и базах знаний (например, Jira Service Desk и Confluence). Опыт работы с серверным оборудованием разных вендоров.  Мы предлагаем:  Широкий стек технологий и проектов, возможность гибко строить свой карьерный трек; Зарплату, соответствующую опыту и навыкам, прозрачную систему мотивации; Работу в компании с аккредитацией в Минцифре; Поддержку профессионального развития – курсы и тренинги от корпоративного университета, внешнее обучение за счет компании; Возможность делиться экспертизой – выступать на внешних и внутренних митапах и конференциях, писать в техноблоги, участвовать в студенческих образовательных программах от brainz by CROC; Well-being-программы – расширенный пакет ДМС со стоматологией и психологом, телемедицина 24/7, hotline CROC (внутренняя система консультирования и оперативной помощи по вопросам здоровья); Яркую корпоративную жизнь – более 100 программ в год (совместные путешествия, праздники, тимбилдинги, клуб путешественников); Комфортный офис с компенсацией питания.  Данное описание вакансии не является офертой.","DNS;Docker;ElasticSearch;FIrewall;Grafana;Kubernetes;MongoDB;MySQL;PostgreSQL;Python;Redis;Terraform;Базовая работа с Linux;Ведение документооборота;Виртуализация, облачная инфраструктура;Грамотная речь;Компьютерные сети, маршрутизация, протоколы;Маршрутизация;Сетевой мониторинг и логирование;Системы управления конфигурацией",DevOps-инженер,0,1-3
107633575,Ведущий инженер по виртуализации сети VMware NSX (#MTС Web Services (MWS)),"МТС — это мультисервисная цифровая экосистема. Мы создаем и развиваем сервисы в сфере мобильной связи, больших данных, искусственного интеллекта, облачного хранения, медиа и финансов – все они делают жизнь людей проще и интереснее. MTС Web Services (MWS) — облачные сервисы для решения задач вашего бизнеса. Мы предоставляем сетевые сервисы; продукты для вычисления, хранения и обработки данных; PaaS-решения; инструменты кибербезопасности; профессиональные сервисы и ИИ-решения. Мы также инвестируем в создание публичной облачной платформы собственной разработки, которая станет доступна в 2025 году.   MWS — через облако к новым высотам.   Чем предстоит заниматься:  проектировать и эксплуатировать сети программно-определяемых ЦОД. работать с эксплуатационной документацией, разрабатывать L1/L2/L3 схемы; разрабатывать HLD, LLD; разрабатывать архитектуру сетевых сервисов; решать кейсы в качестве L3 экспертного уровня поддержки; участвовать в проработке и развертывании клиентских инсталляций и решений; работать в команде со смежными подразделениями при реализации проектов.  Что мы ждем от кандидата:  опыт работы в облачном провайдере, интеграторе, операторе связи; понимание принципов работы современных ЦОД; навыки на уровне CCNP R&amp;S/CCNP DC; понимание технологий R&amp;S, EVPN/VXLAN; опыт работы с продуками VMware NSX-V/T и другими технологиями виртуализации сети; понимание принципов виртуализации и построения наложенных сетей; знание Linux, bird/frr; знание английского языка на уровне достаточном для чтения документации.  Будет плюсом:  опыт проектирования и развертывания программно-определяемых сетей; знание python или другого языка программирования.  Что мы предлагаем:  собственную платформу MTS Ocean для получения ИТ-ресурсов, а это значит, что деплой, мониторинг, observability - не будут для вас проблемой, вы сможете сосредоточиться на фичах; профессиональные гильдии инженеров по направлениям, чтобы поддерживать друг друга и обмениваться опытом; внутреннюю площадку TechTalks для обмена опытом, дискуссий, развития навыков самопрезентации; участие во внешних IT конференциях. Мы выступаем на HighLoad++, DataFest, Mobius, Test Driven Conf, Joker, DevOps, Матемаркетинг и даже проводим собственную конференцию по архитектуре Hello, conference! полезные курсы и вебинары в корпоративном университете и электронные библиотеки.  А еще:  медицинскую страховку с 1 месяца со 100% покрытием расходов, включая стоматологию, страхование жизни и здоровья в поездках за рубеж. А еще можно застраховать родственников с корпоративной скидкой; доступ к сервису «Понимаю»: онлайн-консультации с психологом, юристом, экспертом по финансам или ЗОЖ; корпоративный и командный психолог в офисе и массажный кабинет; единую подписку МТС Premium — KION light в онлайн-кинотеатре KION, сервис МТС Music, 30 дней бесплатного пользования подпиской OZON Premium; скидки и предложения от партнеров на фитнес, занятия английским и прочее.   ",,DevOps-инженер,0,3-6
107634329,Дежурный системный администратор Linux [#MTС Web Services (MWS)],"МТС — это мультисервисная цифровая экосистема. Мы создаем и развиваем сервисы в сфере мобильной связи, больших данных, искусственного интеллекта, облачного хранения, медиа и финансов – все они делают жизнь людей проще и интереснее. MTС Web Services (MWS) — облачные сервисы для решения задач вашего бизнеса. Мы предоставляем сетевые сервисы; продукты для вычисления, хранения и обработки данных; PaaS-решения; инструменты кибербезопасности; профессиональные сервисы и ИИ-решения. Мы также инвестируем в создание публичной облачной платформы собственной разработки, которая станет доступна в 2025 году. Мы следим за внутренней ИТ-инфраструктурой в режиме 24х7. Проводим работы по настройке и обновлению оборудования. У нас много разных проектов и задач, отличная команда специалистов. Мы всегда открыты для талантливых, энергичных и приверженных своему делу людей и сейчас ищем в свою команду Дежурного системного администратора. Присоединившись к нам, в Ваши обязанности будет входить:  Оперативное реагирование, диагностика и решение аварий на внутренней ИТ-инфраструктуре:  аварии, связанные с ОС серверов; аварии, связанные с виртуализацией; аварии, связанные с «железом» у серверов; аварии, связанные с инфраструктурой ЦОД и серверных; аварии, связанные с сетями и сетевым оборудованием; аварии, связанные с DBA (Oracle, MySQL, MSSQL) Привлечение узконаправленных подразделений компании для решений аварийных ситуаций.   Проведение плановых работ на внутренней инфраструктуре компании по инструкциям администраторов ИТ-систем. Наполнение базы знаний на основании прецедентных решений инцидентов и нестандартных запросов на обслуживание.  Мы ожидаем, что Вы имеете:   Уверенный опыт администрирования ОС Linux;   Опыт администрирования платформ виртуализации;   Опыт автоматизации;   Скрипты (Bash, PowerShall, etc);   Английский язык на уровне чтения документации.   Будет плюсом:   Знание Kubernetes;   Опыт администрирования RDBMS (Oracle, Mysql, Postgres);   Знание SQL, PL/SQL;   Мы, в свою очередь, предлагаем:  Стабильная белая заработная плата; Скучно не будет - множество интересных и сложных проектов; Собственную платформу MTS Ocean для получения ИТ-ресурсов, а это значит, что деплой, мониторинг, observability - не будут для вас проблемой, вы сможете сосредоточиться на фичах Профессиональные гильдии инженеров по направлениям, чтобы поддерживать друг друга и обмениваться опытом Участие во внешних IT конференциях. Мы выступаем на HighLoad++, DataFest, Mobius, Test Driven Conf, Joker, DevOps, Матемаркетинг и даже проводим собственную конференцию по архитектуре Hello, conference! Полезные курсы и вебинары в корпоративном университете и электронные библиотеки Медицинскую страховку с 1 месяца со 100% покрытием расходов, включая стоматологию, страхование жизни и здоровья в поездках за рубеж. Также можно застраховать родственников с корпоративной скидкой Доступ к сервису «Понимаю»: онлайн-консультации с психологом, юристом, экспертом по финансам или ЗОЖ Единую подписку МТС Premium — KION light в онлайн-кинотеатре KION, сервис МТС Music, 30 дней бесплатного пользования подпиской OZON Premium Скидки и предложения от партнеров на фитнес, занятия английским и прочее. ",,DevOps-инженер,0,3-6
114185114,Backend WebRTC / Developer for Real-Time Video Streaming,"Привет! Мы immers.cloud - облачный провайдер с собственным инновационным дата-центром, который использует собственную запатентованную технологию иммерсионного охлаждения и развивает IT-продукты с применением ИИ. За 5 лет работы мы стали аккредитованной IT-компания и резидентом Сколково.У нас амбиции большой международной компании, мы стабильно развиваемся и находимся в постоянном поиске талантов! В нашу команду ищем опытного разработчика для работы над сервисом видеостриминга на базе WebRTC.Технологии и инструменты нашего сервиса:• Windows: WinAPI, Media Foundation, DirectX• macOS/Linux: CoreAudio, ALSA, OpenGL, Vulkan• iOS/Android: MediaCodec, OpenGL ES, Vulkan• Медиа: WebRTC, Codec factory, FFmpeg, GStreamer (H.264, H.265, VP8, VP9, AAC, Opus)• Сетевые протоколы: TCP/UDP, RTP, RTMP, HLS, DASH Что надо будет делать?• Проектировать и разрабатывать кроссплатформенное приложение видеостриминга и его архитектуру на базе WebRTC.• Кастомизировать фреймворки.• Реализовывать захват, рендеринг, кодирование/декодирование видео/аудио и транспорт.• Организовывать сетевые взаимодействия, включая STUN/TURN серверы, ICE, NAT traversal.• Разрабатывать и оптимизировать приложение под сетевые архитектуры (Mesh, MCU, SFU).• Реализовывать балансировку и трекинг сетевой нагрузки. Анализ телеметрии клиентских приложений.• Разрабатывать веб-интерфейсы для интерактивного взаимодействия с сервисом. Вы нам подходите, если вы:• Уверенно владеете языком С++ (в приоритете) / JS на уровне достаточном для взаимодействия с железом и аппаратными API.• Имеете опыт разработки сервисов видеостриминга на базе WebRTC и связанными технологиями.• Имеете понимание / представление о фабриках кодеков Media Foundation, CoreAudio, MediaCodec, CodecFactory• Имеете опыт работы с различными кодеками (H.264, H.265, VP8, VP9, Opus).• Хорошо разбираетесь в сетевых взаимодействиях, протоколах и технологиях передачи видео/аудио/данных. (TCP/UDP/RTP)• Знакомы с технологиями захвата, рендеринга, кодирования/декодирования видео/аудио.• Готовы работать в команде и решать сложные задачи. Будет плюсом:• Опыт работы с STUN/TURN серверами.• Знание сетевых технологий и протоколов (TCP/UDP, RTP, RTMP, HLS, DASH).• Опыт разработки веб-приложений на React/Vue.js.• Знание иностранных языков (английский). Условия:  Официальное трудоустройство по ТК РФ, белая заработная плата; График работы 5/2, возможен гибридный график работы; Бесплатная парковка;  Почему стоит работать именно у нас:  Разделяем в работе принципы Agile на уровне всей компании; Гибкий график - учитываем режим сов и жаворонков, а также у нас стандартная пятидневная рабочая неделя, с гибридным графиком работы; Открыты к идеям, предложениям и творческим порывам, поэтому у тебя будут отличные возможности для реализации профессиональных амбиций, талантов и карьерного роста; Поощряем и компенсируем участие в профильных мероприятиях и конференциях, чтобы развивать нашу команду; Отсутствие формальностей, дресс-кода и лишней бюрократии. Мы ходим в офисе в удобной одежде и домашних тапочках, поэтому у нас ты точно почувствуешь себя как дома!  P.S. мы быстро принимаем решения по кандидатам, и не растягиваем процесс отбора на множество этапов, поэтому от нас вы получите решение быстрее других компаний Вакансия показалась интересной, но сейчас не готов поменять место работы? Все равно откликайся, чтобы познакомиться. У нас долгосрочный проект и наша техническая команда с каждым днем только растет)","API;C / C++;FIrewall;Front-end разработка;Javascript;OpenGL;Анализ потребителей;Выполнение шиномонтажных работ;Компьютерные сети, маршрутизация, протоколы;Работа с системами видеонаблюдения;Управление образовательной организацией",DevOps-инженер,250000,3-6
107329556,Старший системный администратор Linux,"Postgres Professional — разработчик самой популярной российской СУБД Postgres Pro на базе свободно распространяемой PostgreSQL. А еще мы — один из крупнейших в мире контрибьюторов открытой СУБД: каждый год отправляем в сообщество PostgreSQL более 100 патчей. В Postgres Professional работают опытные эксперты в PostgreSQL — в нашей команде больше половины российских постгресистов, включая Major Contributors системы. Вместе мы решаем сложные задачи заказчиков, в том числе доработки в ядро PostgreSQL.Сейчас мы в поиске продвинутого системного администратора Linux для поддержки и развития серверной инфраструктуры компании. Чем предстоит заниматься:   администрированием тестовых стендов и сред для разработчиков, а так же продакшн-систем компании: почтовых серверов (Postfix, Dovecot), внутренних web-порталов (Nginx, Apache);   понимание принципов работы и опыт c PKI;   администрированием серверов c Debian;   администрированием баз данных PostgreSQL: репликацией, архивацией, миграцией, обновлением;   администрирование систем мониторинга (Zabbix, Nagios);   организация систем резервного копирования (rsync, Proxmox Backup Server, Synology Backup for Business), валидация полученных копий;   ведением документации по виртуальной и серверной инфраструктуре в системе учета netbox/confluence;   взаимодействием со смежными отделами.   Мы ожидаем:   знание OS GNU/Linux на уровне продвинутого администратора (мы используем, Debian/Ubuntu);   понимание работы распространенных протоколов: TCP/IP, DHCP, DNS, SMTP, HTTP, SSL, VPN, FTP etc;   опыт работы с системами контейнеризации и виртуализации (используем Proxmox) будет большим плюсом;   умение настраивать основные прикладные и служебные сервисы (web-сервера, MTA/MDA, SAMBA/NFS, iSCSI, LDAP, DNS, DHCP);   опыт работы с системами управления конфигурациями (используем Ansible);   опыт настройки и администрирования каких-либо систем мониторинга (используем Zabbix, Nagios);   способность работать как в команде, так и самостоятельно — находить решения возникающих задач;   английский язык, достаточный для чтения технической документации.   Условия:   гибридный формат работы, комфортный офис в шаговой доступности от м. Академическая (Москва);   гибкое начало рабочего дня;   возможности для профессионального развития;   участие в профессиональных конференциях, продвижение в сообществе PostgreSQL;   медицинское страхование сотрудника (+1), компенсацию спортивных активностей и затрат на оборудование удаленного рабочего места, занятия английским языком, технику для работы, обеды в офисе и др.   ​​​​​​","Apache;Atlassian Confluence;DNS;Gitlab;Nginx;PostgreSQL;Proxmox;Samba;VPN;Администрирование серверов и рабочих станций;Базовая работа с Linux;Виртуализация, облачная инфраструктура;Знание английского языка;Компьютерные сети, маршрутизация, протоколы;Криптографические протоколы;Криптография;Работа в команде;Работа с почтовыми протоколами;Резервное копирование;Самостоятельность;Сетевой мониторинг и логирование;Системы управления конфигурацией;Умение принимать решения",DevOps-инженер,0,6-
107941435,Build-engineer,"Наша компания разрабатывает платформу МойОфис — продукт для организации корпоративной рабочей среды и совместной работы с документами, включающий в себя полный набор современных офисных приложений для всех популярных операционных систем, веб-браузеров и мобильных платформ.Особое внимание мы уделяем всем аспектам качества: от дизайна и удобства использования, до чистоты кода, уровня покрытия тестами. В настоящий момент мы находимся в поиске Build-engineer. Задачи, которые вам предстоит решать:  автоматизировать процессы сборки и тестирования приложений; участвовать в развитии системы мониторинга; взаимодействовать с командами разработчиков и специалистов AQA; внедрять новые инструменты и приложения.  Для нас важно:  опыт администрирования Linux-систем (CentOS, Ubuntu Server); опыт написания скриптов для автоматизации задач (Bash, Python, Groovy); знание систем сборок (Maven/Gradle/Grunt/Webpack/Cmake); опыт построения процессов CI/CD (Jenkins, GitLab CI, Gitea Actions ); опыт использования контейнеризации и виртуализации ; опыт работы с системами управления конфигурациями (Ansible, Terraform).  Будет плюсом:  опыт использования системы сборки Bazel; опыт настройки систем мониторинга с использованием стека PAVG (Prometheus, Alertmanager, VictoriaMetrics, Grafana); опыт подготовки релизов для App Store, Google Play Market; опыт написания сборочных скриптов на make/cmake/qmake; опыт интеграции с пакетными менеджерами (conan).  Мы предлагаем:  работу в стабильной ИТ-компании с государственной аккредитацией; удобный для тебя формат работы: удаленный, гибридный, офис. возможность работать в крупном, постоянно развивающемся проекте с нетривиальными задачами; современные подходы к архитектуре и технологический стек; возможность предлагать свои идеи и влиять на проект – проработайте идею с командой и она воплотится в жизнь; наращивать экспертизу - в нашей команде принято совершенствоваться и делиться знаниями, коллеги готовы рассказать и научить тому, в чем отлично разбираются; комфортную атмосферу – мы уважаем друг друга, открыты к общению на любые темы и ценим увлеченных людей; профильные курсы, корпоративный английский, участие в конференциях (в т.ч. спикером, если есть желание и готовность); приятный социальный пакет – ДМС со стоматологией, оплачиваемое питание, завтраки и перекусы в офисе, частичную компенсацию спорта. ",,DevOps-инженер,0,1-3
107645701,Системный администратор Linux,"О компании: IT-холдинг, который помогает бизнесам и стартапам создавать и развивать программные продукты. Компания предлагает разнообразные услуги, включая разработку программного обеспечения, консультации, аутсорсинг проектов и техническую поддержку.-Мы ценим качество наших продуктов и стремимся к полной удовлетворенности наших клиентов. В нашем портфолио есть разнообразные проекты, такие как сервис доставки еды FoodFox (партнер Яндекс.Еда), медицинский сервис OnDoc и система мониторинга ядерных реакторов. Компания гарантирует будущему коллеге:   Конкурентоспособную заработную плату;   Прозрачный процесс пересмотра заработной платы;   Оформление по СЗ/ИП;   График работы 5/2 с плавающим началом дня;   Работа в комфортном офисе с видом на исторический центр;   Покрытие медицинских расходов;   Различные бенефиты от компании (компенсация спортзала, активности.);   Собственная крыша, гамаки, пуфики, душ, фрукты/овощи, снеки, орешки, йогурты;   Возможность быстрого профессионального роста;   Богатую корпоративная жизнь;   Минимум бюрократии;   Прозрачную коммуникацию и сотрудничество внутри компании.   Чем предстоит заниматься:   Обеспечением бесперебойной работы сервисов;   Настройкой и поддержкой систем мониторинга и сбора логов;   Обработкой инцидентов, восстановлением после сбоев;   Предупреждением и реагированием на DDoS атаки;   Администрированием серверов и сервисов, используемых в работе;   Написанием и поддержкой пайплайнов CI/CD (если мало опыта — не страшно, всему научим).   Мы ожидаем от кандидата:   Опыт администрирования серверов от года;   Опыт работы с Docker;   Знание скриптовых языков - Bash, Python;   Опыт работы с выделенными серверами (dedicated).   Если увидели себя в вакансии, смело откликайтесь! С удовольствием пообщаемся и расскажем о деталях.</p>",,DevOps-инженер,0,1-3
115639977,System administrator Linux / DevOps engineer,"WinTech успешно развивает бизнес в сфере iGaming уже 13 лет, разрабатывая софт и продукты для международного рынка, постоянно расширяя свое присутствие в Европе и Латинской Америке. Свои продукты мы ведем от создания и разработки стратегии продвижения до технической поддержки существующих пользователей и привлечения новых. Уже несколько iGaming продуктов, построенных на базе нашей платформы, успешно запущены и развиваются на зарубежных рынках. Платформа WinTech B2B - это набор решений, необходимых для успешного функционирования бизнеса онлайн-игр. Нашим приоритетом и главным конкурентным преимуществом является гибкий индивидуальный подход к клиенту, ориентированный на развитие долгосрочных и взаимовыгодных отношений, а также быстрое выполнение SLA и фокус на развитие нашей платформы с учетом динамичных потребностей индустрии. Сейчас мы ищем опытного специалиста, который будет отвечать за администрирование инфраструктуры, обеспечивать надежность и решать сложные кейсы. Нам нужен тот, кто готов к челленджам!  Чем предстоит заниматься:   Администрировать парк серверов компании на Linux (10+ физических и 100+ виртуальных серверов);   Обеспечивать надежность и безопасность работы технической инфраструктуры;   Поддерживать работоспособность инфраструктуры - решать возникающие проблемы и заниматься проектированием и расширением на перспективу   Масштабировать серверные мощности и обеспечивать отказоустойчивость;   Troubleshooting инцидентов с программными продуктами компании;   Заниматься построением системы CI/CD, настройкой workflow согласно требованиям, доработкой существующих pipelines, поиском и исправлением ошибок;   Заниматься построением инфраструктуры на отдельных инстансах новых продуктов компании и для b2b клиентов;   Поддерживать текущий стек Terraform скриптов и разрабатывать новые   Профессиональный опыт и навыки:   Опыт работы в роли Cloud инженер AWS от 2-х лет;   Опыт администрирования Linux от 3-х лет (Debian/Ubuntu);   Опыт работы в высоконагруженных проектах;   Глубокие знания по администрированию СУБД (PostgreSQL 12+ / ClickHouse), включая знания практик по распределению нагрузки и репликации данных (PgBouncer / PgCat), обеспечения системы непрерывного бекапа и валидации бекапов;   Умение настраивать и администрировать сервера с Nginx, HAProxy, php7/8, Java, nodeJS;   Опыт сопровождения продуктов на PHP: конфигурирование php-fpm, Node.js 20, pm2   Умение в Troubleshooting (читать логи, выяснить где проблема, что сломалось и как исправить)   Знание подхода IaC и и опыт управления инфраструктурой на основе Terraform + Ansible;   Способность развернуть инфраструктуру и поддерживать ее актуальность через Terraform + Ansible;   Опыт работы с CI/CD конвейерами: GitLab CI/CD;   Опыт работы с системами контейнеризации Docker, Kubernetes;   Понимание работы почтовых протоколов и серверов Postfix/Dovecot, обеспечение доставляемости больших почтовых рассылок. Знание практик в настройке почтовых доменов (DKIM/SPF/DMARC);   Знание базовых видов атак, и умение от них защищаться на уровнях layer 3 4 7.   Умение настраивать сети: маршрутизация, CDN, network load balancing (vrrp/keepalived), Iptables.   Будет большим плюсом:   Наличие сертификата AWS;   Опыт работы с Openstack;   Знание дополнительных языков - Python, Bash;   Опыт работы с CloudFlare;   Опыт в настройке систем мониторинга: Zabbix / Prometheus / Grafana / Graylog / AWS CloudWatch / Sentry;   Навыки работы с системами виртуализации, построение кластерных систем на основе Proxmox/VMware ESXi;   Умение настраивать сети: VPN (L2TP/IPsec / OpenVPN / Shadowsocks / XRay).   Мы готовы предложить:   Удаленный формат работы в графике 5/2 с гибким началом рабочего дня (с 8-10.00 по Мск.);   Занятия английским языком с корпоративным преподавателем 2 раза в неделю;   Индивидуальный трек развития при поддержке CorpUniversity, бюджеты на внешние обучения/конференции;   Свободу в принятиях решений в рамках своей зоны ответственности, никакого микроменеджмента;   Активную корпоративную жизнь, прозрачный онбординг, поддерживающее комьюнити;   Сильную команду профессионалов, где можно серьезно прокачать свои скиллы и внедрять свои идеи!    ","AWS;CI/CD;Docker;Kubernetes;PostgreSQL;Python;SAP;Terraform;Базовая работа с Linux;Компьютерные сети, маршрутизация, протоколы;Продажи;Работоспособность",DevOps-инженер,0,3-6
107685746,Product designer / Продуктовый дизайнер ЕЛК,"НЕМНОГО О КОМАНДЕ:У нас есть профессионалы разных профилей, с которыми всегда можно обменяться опытом и обсудить самые последние новости индустрии. Как одни из лидеров рынка финансирования жилищного строительства, мы уделяем пристальное внимание развитию удобных цифровых продуктов для людей.Мы активно растем и расширяем свою команду. У вас есть возможность стать участником команды профессионалов, объединенных амбициозными целями, принести свой опыт, влиять на результат и делать уникальный продукт.Позиция открыта в подразделении дизайна и клиентского опыта в Банке ДОМ.РФ. Направление работает над продуктами всей группы компаний ДОМ.РФ. Вакансия - в команде Дистанционного банковского обслуживание для физических лиц.О ПРОЕКТЕ:Мы - команда Проектного финансирования, проект Единый личный кабинет (ЕЛК). Наши клиенты - это сотрудники компании и компании застройщики, которые работают с нами по блоку Проектного финансирования. Мы разрабатываем и внедряем удобные решения, заботясь о том, чтобы их работа была легкой и эффективной. Мы работаем с высоконагруженными интерфейсами и строим логически сложные сценарии, чтобы у пользователя не было шансов на ошибку. Сейчас над проектом трудятся два дизайнера.ЧЕМ ПРЕДСТОИТ ЗАНИМАТЬСЯ:Разрабатывать digital-продукт Единого личного кабинета для юридических лиц. Стать активным членом команды, создавать продукт и его ценность для клиентов и банкаПроектировать новые и развивать имеющиеся сервисы банка, основываясь на статистике и метриках в тесном взаимодействии с командойПонимать весь клиентский путь, уметь отрисовывать его в СJM и User Flow, выявлять точки роста и внедрять улучшения по немуАнализировать текущие решения, инициировать исследования, строить гипотезы и проверять ихПрезентовывать разработанные макеты, аргументируя свои решенияГотовить макеты для передачи в разработку и контролировать качество реализации интерфейсовПоддерживать и улучшать дизайн систему в плотной связке с командойНАШИ ПОЖЕЛАНИЯ К СОИСКАТЕЛЮ:Коммерческий опыт работы в сложных продуктах от 2 лет (не фриланс)Опыт работы с высоконагруженными системами, CRM, табличными представлениямиНаличие качественного, актуального и структурированного портфолио (высоконагруженные и сложные интерфейсы будут преимуществом)Готовность быстро погрузиться в специфику и цели продуктаПродвинутый опыт работы в Figma: работа с UI-библиотеками (компоненты, варианты, стили и пр), чтение документации, следование гайдамУмение самостоятельно внедрять новые компоненты в уже существующую дизайн систему при необходимостиЗабота о разработчиках и коллегах других направлений - соблюдение порядка в своих макетахУмение презентовать свою работу и обосновывать эффективность выбранных решенийИнициативность и умение брать на себя ответственность за выполнение поставленных задач. Самостоятельность, проактивность и умением перфомитьУмение слушать и договариваться с заказчиками, коллегами и экспертамиБУДЕТ ПЛЮСОМ:Знание BPMN/UML нотацийРазработка CJM для продуктаОпыт в исследованиях по продуктуВАЖНАЯ ИНФОРМАЦИЯ:Для нас важно увидеть не концептуальные и учебные работы, а реальный опыт, который можно показать без нарушения NDA. Нам интересно узнать какие задачи проекта стояли перед вами, как вы справить с этим и почему выбрали именно эти решения",,DevOps-инженер,0,1-3
109738556,Дежурный системный администратор Unix [#MTС Web Services (MWS)],"МТС — это мультисервисная цифровая экосистема. Мы создаем и развиваем сервисы в сфере мобильной связи, больших данных, искусственного интеллекта, облачного хранения, медиа и финансов – все они делают жизнь людей проще и интереснее. MTС Web Services (MWS) — облачные сервисы для решения задач вашего бизнеса. Мы предоставляем сетевые сервисы; продукты для вычисления, хранения и обработки данных; PaaS-решения; инструменты кибербезопасности; профессиональные сервисы и ИИ-решения. Мы также инвестируем в создание публичной облачной платформы собственной разработки, которая станет доступна в 2025 году. Мы следим за внутренней ИТ-инфраструктурой в режиме 24х7. Проводим работы по настройке и обновлению оборудования. У нас много разных проектов и задач, отличная команда специалистов. Мы всегда открыты для талантливых, энергичных и приверженных своему делу людей и сейчас ищем в свою команду Дежурного системного администратора. Присоединившись к нам, в Ваши обязанности будет входить:  Оперативное реагирование, диагностика и решение аварий на внутренней ИТ-инфраструктуре:  аварии, связанные с ОС серверов; аварии, связанные с виртуализацией; аварии, связанные с «железом» у серверов; аварии, связанные с инфраструктурой ЦОД и серверных; аварии, связанные с сетями и сетевым оборудованием; аварии, связанные с DBA (Oracle, MySQL, MSSQL) Привлечение узконаправленных подразделений компании для решений аварийных ситуаций.   Проведение плановых работ на внутренней инфраструктуре компании по инструкциям администраторов ИТ-систем. Наполнение базы знаний на основании прецедентных решений инцидентов и нестандартных запросов на обслуживание.  Мы ожидаем, что Вы имеете:   Уверенный опыт администрирования Unix;   Опыт администрирования платформ виртуализации;   Опыт автоматизации;   Скрипты (Bash, PowerShall, etc);   Английский язык на уровне чтения документации.   Будет плюсом:   Знание Kubernetes;   Опыт администрирования RDBMS (Oracle, Mysql, Postgres);   Знание SQL, PL/SQL;   Мы, в свою очередь, предлагаем:  Стабильная белая заработная плата; Скучно не будет - множество интересных и сложных проектов; Собственную платформу MTS Ocean для получения ИТ-ресурсов, а это значит, что деплой, мониторинг, observability - не будут для вас проблемой, вы сможете сосредоточиться на фичах Профессиональные гильдии инженеров по направлениям, чтобы поддерживать друг друга и обмениваться опытом Участие во внешних IT конференциях. Мы выступаем на HighLoad++, DataFest, Mobius, Test Driven Conf, Joker, DevOps, Матемаркетинг и даже проводим собственную конференцию по архитектуре Hello, conference! Полезные курсы и вебинары в корпоративном университете и электронные библиотеки Медицинскую страховку с 1 месяца со 100% покрытием расходов, включая стоматологию, страхование жизни и здоровья в поездках за рубеж. Также можно застраховать родственников с корпоративной скидкой Доступ к сервису «Понимаю»: онлайн-консультации с психологом, юристом, экспертом по финансам или ЗОЖ Единую подписку МТС Premium — KION light в онлайн-кинотеатре KION, сервис МТС Music, 30 дней бесплатного пользования подпиской OZON Premium Скидки и предложения от партнеров на фитнес, занятия английским и прочее. ","Microsoft SQL Server;MySQL;Oracle Database;Администрирование серверов и рабочих станций;Виртуализация, облачная инфраструктура;Управление продуктом",DevOps-инженер,0,3-6
107167852,Системный администратор Linux / DevOps,"Привет! Наша компания является хостинг-провайдером с собственным дата-центром и собственными продуктами, которые развивает наша команда разработки. Имеем собственный ЦОД в г. Оренбург + десятки администрируемых кластеров по всему миру, много интересных и необычных задач, с которыми можно поработать не в каждой компании.   Из задач, которые придется решать:  Расширение Kubernetes кластера и настройка Gitlab CI/CD Настройка и улучшение производительности мониторинга на базе Prometheus / ElasticSearch / Logstash Проведение R&amp;D с уникальными материнскими платами для автоматизации инфраструктуры Настройка систем защиты инфрасткрутуры    Сейчас мы ищем в команду человека, который возьмёт на себя часть забот о нашей инфраструктуре.   Обязательные требования:  Уверенное знание Linux Уверенное знание TCP/IP стека Опыт настройки сетевого оборудования Знание Git    Будем плюсом:  Gitlab CI / CD Docker Kubernetes Ansible ElasticSearch Zabbix RouterOS (Mikrotik)    Условия:  Белая З/П Возможность удаленной работы       ","Atlassian Jira;CI/CD;DevOps;Docker;ElasticSearch;Git;Gitlab;Grafana;Kubernetes;Nginx;Администрирование серверов и рабочих станций;Базовая работа с Linux;Инжиниринг данных;Компьютерные сети, маршрутизация, протоколы;Сетевой мониторинг и логирование;Системы управления конфигурацией",DevOps-инженер,55000,1-3
109560465,DevOps инженер Web3,"DigiU – это экосистема проектов в сфере искусственного интеллекта и блокчейн технологий. Что значит экосистема? Это означает, что компания разрабатывает собственные и инвестирует в сторонние перспективные проекты в области блокчейн и ИИ. Сейчас мы в поисках DevOps-инженера в один из наших проектов. EYWA - это блокчейн-экосистема, объединяющая более 15 блокчейнов, их ликвидность и пользователей в единое целое. Мы уже год в mainnet и постоянно растем. Новый продукт, над которым нужно работать - это важная часть экосистемы Eywa, которая дополняет возможности Eywa простыми и понятными возможностями для B2C рынка, делая Eywa легким в использовании для пользователей не знакомых с кросс-чейн и криптой в целом. Работа удаленная, но нам важно, чтобы наш новый сотрудник был из Новосибирска, мог 1-2 раза в месяц посещать офис и лично общаться с СТО компании. Обязанности:   управление и поддержка инфраструктуры Docker Swarm;   настройка и поддержка CI/CD процессов c GitLab CI;   помощь разработчикам в настройке процессов выката и отладке приложений;   реагирование на инциденты и проблемы в рабочей среде;   мониторинг и обеспечение надежности и доступности системы;   автоматизация процессов развертывания и управления инфраструктурой;   участие в разработке и улучшении DevOps практик в команде;   обеспечение непрерывности работы сервиса и восстановление от сбоев любой сложности.   Требования:   опыт работы DevOps инженером, инженером инфраструктуры;   знание и опыт в технологиях и сервисах:   - Linux Ubuntu; - Docker/Docker Swarm; - GitLab CI. Сервер и pipelines; - Victoria Metrics, Prometheus, Grafana; - Ansible, Terraform; - Bash, Python; - IP/Routing/Firewall; - SSL; - Nginx, Traefik;  понимание блокчейн специфики, опыт работы с блокчейн нодами, транзакциями.  Условия:  удаленная работа с возможностью посещения офиса 1-2 раза в месяц;  ДМС;   возможность инвестировать в финтех-продукты компании на особых условиях;   участие в конференциях, вебинарах и других профессиональных мероприятиях;   внутренняя система профессионального развития;   легкая, дружественная атмосфера, плюшки в офисе, выездные корпоративы;   возможность влиять на развитие продуктов компании.  ",CI/CD;DevOps;Docker;Gitlab;Grafana;Ответственность;Работа в команде;Работа с Blockchain и цифровыми финансовыми активами,DevOps-инженер,0,3-6
108275829,Linux инженер/Linux - администратор,"​​​​​​65apps – ведущий российский разработчик цифровых сервисов для лидеров финтеха, телекома, ритейла и страхования. Мы создаем мобильные приложения, сложные корпоративные системы, вэб-приложения, а также проводим исследования и аудиты, оказываем техническую поддержку. Заняли ТОП-7 в рейтинге веб-разработчиков/интеграторов Tagline. Наши стратегические партнеры - это МТС, Альфа Банк, ВТБ, Магнит, Лента, Яндекс, Тинькофф, ВКонтакте, X5 Group, Бургер Кинг, Детский мир и другие. Сейчас мы ищем Linux инженера в нашу команду на крупный foodtech проект. Работа с киосками для быстрого оформления заказа одной из крупнейших сетей ресторанов быстрого питания на рынке. Забота по бесперебойной работе всех киосков на территории РФ. Работа в команде с разработчиками и первой линией поддержки.  Нужно будет:   Поддерживать и консультировать сотрудников заказчика по продукту – платежным POS-терминалам на базе операционной системы Linux.   Разрабатывать документацию по продукту для внутренних нужд (база знаний для 1 линии поддержки, которая находится на стороне заказчика).   Дистанционно устанавливать, обновлять и настраивать программное обеспечение для POS-терминала.   Мониторить работоспособность, выявлять аварийные ситуации, заводить инциденты и их решение.   Разбирать обращения L1-инженеров, поступающих через нашу трекинговую систему.   Что мы ждем от тебя:   Знание операционных систем на базе Linux, предпочтительно CentOS.   Знание и опыт администрирования систем мониторинга (например, Zabbix, Nagios).   Понимание сетевых технологий и протоколов (TCP/IP).   Опыт работы с базами данных PostgreSQL, навыки администрирования и оптимизации.   Будет плюсом:   Опыт работы в роли тех.поддержки ( L1,L2 ).   Знание систем управления конфигурацией (Ansible, Puppet, Chef).   Опыт автоматизации задач администрирования с использованием скриптов (Bash, Python).   Опыт работы с высоконагруженными распределенными системами.   Опыт работы в команде DevOps.   Мы в свою очередь даём все возможности для развития:  Мощную команду, которая поддержит в работе и поможет развиваться. Интересные масштабные проекты с крупнейшими российскими компаниями, которые драйвят. Мы беремся только за те проекты, которые по-настоящему нравятся команде. У нас крупняк – интересный и разнообразный. Крутую технику для работы. Обучение и инициативы. Мы поддерживаем стремление сотрудников развиваться, пробовать новое и идти вперед. И даем все возможные ресурсы на воплощение в жизнь крутых инициатив и проектов. Корпоративную жизнь: мастер-классы, вечеринки и душевные посиделки в офисе. Гибрид или современный, уютный офис в Москве, Ижевске и Ульяновске. Оформление по ТК РФ, белую ЗП, ДМС и другие прелести официального трудоустройства. ","PostgreSQL;Python;Базовая работа с Linux;Банковские кассовые операции;Компьютерные сети, маршрутизация, протоколы;Работа в команде;Работоспособность;Сетевой мониторинг и логирование;Системы управления конфигурацией",DevOps-инженер,0,3-6
108625131,Системный администратор Linux (Специалист по облачным решениям),"ПРОТЕЙ - группа российских ИТ-компаний полного цикла. С 2002 года мы разрабатываем и производим продукты для операторов мобильной и фиксированной связи в России и за рубежом, государственных заказчиков, корпораций. Мы расширяем отдел DevOps и для наращивания собственных компетенций в части облачных решений приглашаем специалиста по виртуализации. Ваши задачи:  Разворачивание Cloud ПО на серверы заказчиков. Проработка инструмента Изучения проблем и багов между ПО и железом Настройка и тюнинг Linux для установки Cloud ПО. Сборка ядра, модулей и т.д. Экспертиза облачного решения Анализ и определение требований к облаку от других команд. Оценка функциональных возможностей Автоматизация типичных задач по управлению стеком. Согласование HLD и LLD  Наши ожидания:  Глубокое знание ОС Linux Понимание основ виртуализации Опыт работы с Cloud решениями Знание стека TCP-IP  Будет плюсом:  Знакомство с Ansible, Terraform Знание основ Python Использование GIT Знакомство с Jenkins  Мы предлагаем:  Оформление по ТК РФ, белая заработная плата Формат работы: гибкое начало и окончание рабочего дня (40 часов в неделю) Офис: в пешей доступности от метро Выборгская, оборудованная кухня, зоны отдыха, душевая, парковка для велосипедов Здоровье: расширенный ДМС со стоматологией с начала работы Доплата на питание в офисе Спорт: 50% компенсации фитнеса, корпоративные занятия йогой в офисе, команды по футболу, волейболу Обучение: участие в конференциях, профильные курсы, внутренние тренинги Яркие корпоративные праздники ","CI/CD;Git;Python;Terraform;Базовая работа с Linux;Виртуализация, облачная инфраструктура;Компьютерные сети, маршрутизация, протоколы;Разработка архитектурных решений;Сбор и анализ требований;Системы управления конфигурацией",DevOps-инженер,0,1-3
117558883,Системный инженер Linux,"«Золотое Яблоко» – это прогрессивный и быстро развивающийся омниканальный бизнес в beauty-сегменте федерального масштаба. Нас отличает смелость и желание быть первыми во всём: мы экспериментируем, пробуем и внедряем новое, и в первую очередь - инновационные технологии. Сейчас перспективным направлением внутри бизнеса становится развитие IT-департамента, куда мы активно привлекаем талантливых людей. Компания занимается разработкой как внешних e-commerce продуктов, так и улучшением внутренних систем и процессов. Динамика развития бизнеса даёт возможности каждому из нас работать над интересными проектами, расти внутри компании и просто получать удовольствие от тех задач, которые предстоит решать каждый день. Приглашаем в нашу команду Системного инженера Linux. КЛЮЧЕВЫЕ ЗАДАЧИ:   Диагностировать и оперативно устранять проблемы в функционировании высоконагруженных IT-сервисов на базе Linux-систем Администрировать и развить сервисоы на базе Linux-систем Администрировать и развить сервисы в инфраструктуре Kubernetes   НАВЫКИ И ЗНАНИЯ:   Опыт администрирования серверных ОС Linux/Unix (CentOS, OEL, Ubuntu) Опыт работы с Kubernetes кластерами Опыт работы с Ansible Опыт работы с системами контейнеризации Docker, Podman Знания и опыт построения CI/CD-процессов (на основе GitLab) Знания в области распределения нагрузки и масштабирования систем на основе (Nginx, HAProxy) Опыт автоматизации рутинных процессов на скриптовых языках (Bash) Опыт администрирования систем виртуализации (в том числе с использованием инструментов powercli), а также опыт развертывания, настройки, поиска и устранения неисправностей Базовые знания работы СКС, понимание принципов его работы для поиска и устранения неисправностей Приветствуется опыт работы с Terraform   МЫ ПРЕДЛАГАЕМ:   Официальный статус ИТ-компании Персональное предложение по заработной плате, соответствующее опыту и ожиданиям Пятидневная рабочая неделя ДМС и компенсация питания Штаб-квартира в центре Екатеринбурга - это современное офисное пространство: зоны для отдыха, кухня с барной стойкой и печью для пиццы, переговорки и кофепойнты Никаких ограничений по дресс-коду и внешнему виду. Мы уважаем твою индивидуальность! Обучение за счет компании, корпоративные скидки на продукцию, техника для работы  Мы внимательно знакомимся с каждым поступившим к нам резюме, и если твой опыт покажется нам подходящим, мы обязательно свяжемся с тобой!","CI/CD;Docker;Gitlab;HAProxy;Kubernetes;Nginx;Администрирование серверов и рабочих станций;Базовая работа с Linux;Визуализация данных;Виртуализация, облачная инфраструктура;Выполнение ремонтных работ;Диагностика неисправностей;Контейнеризация;Системы управления конфигурацией;Смелость",DevOps-инженер,0,3-6
108718919,Инженер-Технический писатель (Linux),"TVIP labs — это российская аккредитованная IT-компания, создающая программное обеспечение для IPTV/OTT бизнеса. Входит в группу компаний TVIP, работающих над следующими проектами:  IPTV/OTT медиацентры TVIP S-Box. платформа для управления IPTV/OTT сервисами. модульное решение для вещания в сетях IPTV/OTT. интерактивный IPTV сервис для операторов связи. Контроллеры для автоматизации (IoT, Smarthome).  Внимание! Компания не рассматривает удаленный вариант работы. Перед тем, как откликнуться, убедитесь, что вам такой вариант подходит!   Мы ищем инженера с навыками технического писателя. В этой роли вам предстоит:  предоставлять техническую поддержку клиентам на русском и английском языках. Наши продукты разрабатываются на языках Java и C++ для ОС Linux, поэтому вам потребуется опыт работы с Linux, понимание работы компьютерных сетей, а также умение анализировать логи и делать на их основе выводы. Преимуществом будет способность читать программный код оказывать помощь менеджерам проектов в составлении проектной документации и сопровождать процесс публикации нашего ПО в магазинах приложений поддерживать актуальность и дополнять публичную документацию компании (docs.tvip.tv). Для документирования продуктов мы используем Sphinx, поэтому опыт работы с этой системой будет преимуществом.  Условия:  Работа в комфортном офисе в Санкт-Петербурге, (10 минут пешком от ст.м. Пионерская / Комендантский проспект.) Официальное трудоустройство Современное, индивидуальное, оборудованное рабочее место Работа в молодом и дружном коллективе (не удаленно) Социальный пакет, ДМС (после испытательного срока) Возможность профессионального и карьерного развития Достойный уровень дохода, который обсуждается индивидуально с каждым кандидатом Частичная компенсация питания Чай, кофе, снеки и фрукты в неограниченном кол-ве ","Sphinx;Базовая работа с Linux;Знание английского языка;Компьютерные сети, маршрутизация, протоколы;Техническая поддержка пользователей;Чтение проектной документации",DevOps-инженер,0,1-3
108279840,DevOps инженер Web3,"DigiU – это экосистема проектов в сфере искусственного интеллекта и блокчейн технологий. Что значит экосистема? Это означает, что компания разрабатывает собственные и инвестирует в сторонние перспективные проекты в области блокчейн и ИИ. Сейчас мы в поисках DevOps-инженера в один из наших проектов. EYWA - это блокчейн-экосистема, объединяющая более 15 блокчейнов, их ликвидность и пользователей в единое целое. Мы уже год в mainnet и постоянно растем. Проект представляет из себя blockchain-экосистему, объединяющую более 15 блокчейнов, их ликвидность и пользователей. Мы уже год в mainnet и постоянно растем. Новый продукт, над которым нужно работать - это важная часть экосистемы Eywa, которая дополняет возможности Eywa простыми и понятными возможностями для B2C рынка, делая Eywa легким в использовании для пользователей не знакомых с кросс-чейн и криптой в целом. Обязанности:   управление и поддержка инфраструктуры Docker Swarm;   настройка и поддержка CI/CD процессов c GitLab CI;   помощь разработчикам в настройке процессов выката и отладке приложений;   реагирование на инциденты и проблемы в рабочей среде;   мониторинг и обеспечение надежности и доступности системы;   автоматизация процессов развертывания и управления инфраструктурой;   участие в разработке и улучшении DevOps практик в команде;   обеспечение непрерывности работы сервиса и восстановление от сбоев любой сложности.   Требования:   опыт работы DevOps инженером, инженером инфраструктуры;   понимание блокчейн специфики, опыт работы с блокчейн нодами, транзакциями;   знание и опыт в технологиях и сервисах:   - Linux Ubuntu; - Docker/Docker Swarm; - GitLab CI. Сервер и pipelines; - Victoria Metrics, Prometheus, Grafana; - Ansible, Terraform; - Bash, Python; - IP/Routing/Firewall; - SSL; - Nginx, Traefik. Условия:  возможность работать удаленно, хоть на другом континенте; отпуска и больничные; возможность получения опциона; возможность инвестировать в финтех-продукты компании на особых условиях; участие в международных в конференциях, вебинарах и других профессиональных мероприятиях; внутренняя система профессионального развития; возможность стать частью команды профессионалов рынка DeFi; возможность влиять на развитие продуктов компании. ",CI/CD;DevOps;Docker;Gitlab;Grafana;Базовая работа с Linux;Ответственность;Работа в команде;Работа с Blockchain и цифровыми финансовыми активами,DevOps-инженер,0,3-6
110954364,System Administration Lead (Linux),"Привет!Мы команда iFuture – продуктовая IT-компания, которая разрабатывает собственный международный продукт с многомиллионной аудиторией в сфере спортивной аналитики и развлечений уже на протяжении 27 лет.Сейчас мы находимся в поиске Руководителя группы системного администрирования (Linux) в нашу команду :) Какими будут задачи?  Управление тремя командами через их тимлидов. Оптимизация производительности команд, постоянное улучшение процессов. Осуществление технического руководства командой, управление ИТ-ландшафтом при помощи ИТ-архитектора. Организовывать и поддерживать работу центра компетенций по Linux. Управлять сервисами и проектами в своей области влияния. Поддерживать высокую доступность и безопасность приложений. Бюджетировать расходы подразделения, искать способы оптимизации расходов. Внедрение лучших практик работы и управления ИТ-сервисами. Автоматизация работы ИТ.  Мы ожидаем:  Понимание принципов построения высоконагруженных систем. Опыт лидирования команд от 10 инженеров. Навыки управления проектами.  Будет преимуществом:  Знание ITIL, COBIT. Понимание требований ИБ и регуляторов в области защиты информации.  Стэк: Infrastructure, OpenStack, Debian, Rudder, Cloudflare, Monitoring and Logging, Zabbix, ELK Stack (Elasticsearch, Logstash, Kibana), New Relic, Grafana, Application and Web Services, Nginx, GitLab, Redis, RabbitMQData Management, MySQL, Hadoop, Kafka, Divolte. Мы предлагаем:  Конкурентоспособную заработную плату; Оформление по ТК РФ с первого рабочего дня в аккредитованную IT-компанию; Корпоративный ДМС + Стоматология; Изучение английского языка с преподавателем в офисе или онлайн; Оплату профильного обучения (курсы, конференции, вебинары, учебники и пр.); Компенсацию занятий любым спортом / фитнесом, корпоративные скидки в сеть фитнес клубов; Гибкое начало рабочего дня (присутственные часы с 11 до 17, 5-дневная рабочая неделя);  Удобный формат работы – из дома или в комфортном офисе (в 5 минутах от ст.м. Старая Деревня (Санкт-Петербург);   Интересную и насыщенную корпоративную жизнь.  ","Apache Kafka;Gitlab;Hadoop;MySQL;Базовая работа с Linux;Виртуализация, облачная инфраструктура;Управление персоналом;Управление проектами",DevOps-инженер,0,6-
107340977,"C++ Expert Developer (trading, Linux, remote, USD)","Что за продукт?  Платформа для алгоритмической торговли цифровыми активами Представлены на всех крупнейших мировых криптобиржах Сбалансированное сочетание человеческого и искусственного интеллекта Высочайшая рыночно-нейтральная доходность для глобальной клиентуры (b2b)  Стек проекта: C++, Python, Linux, GitLab, Ansible, Clickhouse, Kafka Чем предстоит заниматься: Качественная индустриальная разработка под Linux - написание чистого понятного кода: быстрая адаптация под изменение внешних API  Разработка и тестирование ПО на С++ с высокими требованиями к надёжности и скорости работы Рефакторинг, профилирование, оптимизация кода, исправление ошибок, инфраструктурные задачи Участие в реорганизации процессов разработки, тестирования, деплоя Анализ биржевых протоколов, поддержка новых требований со стороны бирж Участие в развитии торговых, исследовательских и аналитических платформ компании  Что мы предлагаем:  Оплата в USD Удалённая работа в европейской таймзоне (пересечение с командой с 10 до 14 UTC+3) Помощь при релокации в Грузию при необходимости (в т.ч. легализация и подъёмные)  Что мы ожидаем:  Глубокая экспертиза в продуктовой разработке API на С++ под Linux Основательные знания С++ и Linux, метапрограммирование и многопоточность Опыт работы с Kafka, ClickHouse, MongoDB, CI/CD (GitLab), CMake, Google Test Умение разбираться с проблемами в написанном коде Знание ООП, классических алгоритмов и структур данных Проактивность, самостоятельность, умение работать на результат Наличие $-счета вне РФ&amp;РБ или готовность его оперативно оформить  Будет плюсом:  Опыт разработки торговых систем (системы управления ордерами, FIX etc) Навыки работы с CI/CD - gitlab, jenkins Знание протоколов TCP/UDP, HTTP/HTTP2, WS Опыт работы с Kafka, ClickHouse, CRTP, custom allocators, Conan Представление о низкоуровневой оптимизации ","API;C / C++;CI/CD;ClickHouse;CMake;Gitlab;MongoDB;Администрирование серверов и рабочих станций;Базовая работа с Linux;Знание алгоритмов и структур данных;Компьютерные сети, маршрутизация, протоколы;Обучаемость и адаптивность;Объектно-ориентированное программирование;Ответственность;Проактивность;Работоспособность;Рефакторинг;Самостоятельность",DevOps-инженер,0,6-
116189382,Системный администратор Linux,"Network Technologies — официальный дилер «Элтекс», крупнейшего производителя сетевого и телекоммуникационного оборудования в России. Вся продукция разработана и произведена в России, сертифицирована и включена в реестры Минпромторга. Сейчас мы в поисках Devops-инженера для задач, направленных на поддержание и улучшение ИТ-инфраструктуры в компании. Обязанности:   Подготовка ПО с корректировками заказчика для конечной передачи продукта в работу заказчика; Сопровождение текущих информационных систем; Мониторинг, логирование и обеспечение высокой доступности сервисов; Обеспечение безопасности и соответствия стандартам; Выявление и устранение узких мест в производительности и надежности систем; Внедрение и поддержка процессов автоматизации тестирования и деплоя; Работа с базами данных (MySQL, PostgreSQL и др.)   Стек, с которым нужно уметь работать:  GitLab Nginx PostgeSQL Docker Kubernetes Linux Bash Git Redis  Условия, которые мы предлагаем:   Прозрачное сотрудничество: официальное трудоустройство с первого дня, стабильная белая заработная плата;   Соцпакет: компенсация спортзала, ДМС со стоматологией;   Возможность выбрать удобный адрес для работы: Ядринцевская 23 или Промкирпичная 22;   Возможность гибридного графика - совмещение работы в офисе с работой из дома;   Корпоративное обучение и профессиональный рост внутри компании;   Карьера в активно развивающейся сфере телеком. оборудования;   Работа с узнаваемой торговой маркой российского производства.Заработную плату обсуждаем индивидуально на собеседовании  ",DevOps;Docker;Git;Kubernetes;MySQL;Nginx;PostgreSQL;Redis;Автоматическое тестирование;Администрирование серверов и рабочих станций;Базовая работа с Linux;Взаимодействие с клиентами и заказчиками;Работа с базами данных;Сетевой мониторинг и логирование,DevOps-инженер,180000,1-3
114295829,TechLead команды инфраструктуры web-сервисов,"Привет! Наша команда занимается развитием и поддержкой балансировщиков нагрузки, которые направляют запросы 65млн. пользователей в нужный дата центр. Заботится о DNS серверах, которые не оставят DNS запрос без ответа. Храним миллионы объектов в нашем геораспределенном объектном S3 хранилище, которое построено на базе нескольких кластеров Ceph в дата центрах Москвы и Новосибирска.Придерживаемся подхода IaC и управляем нашими сервисами через CI Gitlab. Следим за всем этим с помощью Prometheus, VictoriaMetrics и ELK. Любим Ubuntu Linux, а так же хорошо разбираемся во внутренностях физических серверов.Мы в поисках TechLead’а команды инфраструктуры веб-сервисов веб-сервисов, который будет помогать развивать наше направление. Что нужно будет делать   Принимать архитектурные решения по развитию нашей инфраструктуры.   Взаимодействовать с другими командами разработки и администрирования.   Сопровождать внутреннюю IaaS компании на базе OpenStack.   Управлять и настраивать неотъемлемые сервисы - DNS, почта, L4/L7 балансировщики.   Сопровождать, настраивать и писать деплои для инфраструктурных сервисов компании.   Настраивать хранилища SDS на базе Ceph   Обслуживать серверное оборудование.   Ждём о кандидата   Опыт работы на позиции инфраструктурного инженера или администратора Linux от 4х лет.   Уверенное конфигурирование различных параметров системы.   Опыт автоматизации рутинных задач с помощью python/bash.   Опыт практического использования систем управления конфигурациями (Ansible), написания ролей и плейбуков.   Опыт работы с средствами виртуализации OpenStack.   Опыт работы k8s на уровне деплоя сервисов.   Опыт администрирования серверного оборудования.   Опыт работы с SDS (Ceph).   Опыт построения систем CI/CD.   Опыт настройки и обслуживания DNS.   Опыт работы с ELK и Prometheus.   Знание внутреннего устройства серверного оборудования.   Опыт работы с GIT.   Будет плюсом   Опыт построения, настройки, эксплуатации и оптимизации HA-решений.   Знание языков программирования (Python, Go).   Опыт работы с балансировщиками нагрузки.   Знание сетевых протоколов, понимание протоколов маршрутизации.   Понимание того, как устроен стек TCP/IP, умение работать с wireshark / tcpdump.   Мы предлагаем  2ГИС — аккредитованная IT-компания. Само собой, полностью белая зарплата. Дополнительные дни отпуска за стаж работы в компании. Заботимся о здоровье: ДМС и возможность получать онлайн-консультации терапевта, невролога, психолога и медицинского агента. Если хочешь делиться своим опытом, мы только за — поможем с выступлениями на конференциях и статьями для Хабра. Есть собственный учебный центр: курсы, тренинги и книги для прокачки скиллов. Руководствуемся здравым смыслом, используем современные технологии и любим о них говорить. ","CI/CD;DNS;Python;Базовая работа с Linux;Ведение корреспонденции;Виртуализация, облачная инфраструктура;Использование моделей IaaS, PaaS, SaaS;Компьютерные сети, маршрутизация, протоколы;Обеспечение информационной безопасности;Работа в команде;Разработка архитектурных решений;Системы управления конфигурацией;Умение принимать решения",DevOps-инженер,0,3-6
114295837,TechLead команды инфраструктуры web-сервисов,"Привет! Наша команда занимается развитием и поддержкой балансировщиков нагрузки, которые направляют запросы 65млн. пользователей в нужный дата центр. Заботится о DNS серверах, которые не оставят DNS запрос без ответа. Храним миллионы объектов в нашем геораспределенном объектном S3 хранилище, которое построено на базе нескольких кластеров Ceph в дата центрах Москвы и Новосибирска.Придерживаемся подхода IaC и управляем нашими сервисами через CI Gitlab. Следим за всем этим с помощью Prometheus, VictoriaMetrics и ELK. Любим Ubuntu Linux, а так же хорошо разбираемся во внутренностях физических серверов.Мы в поисках TechLead’а команды инфраструктуры веб-сервисов веб-сервисов, который будет помогать развивать наше направление. Что нужно будет делать   Принимать архитектурные решения по развитию нашей инфраструктуры.   Взаимодействовать с другими командами разработки и администрирования.   Сопровождать внутреннюю IaaS компании на базе OpenStack.   Управлять и настраивать неотъемлемые сервисы - DNS, почта, L4/L7 балансировщики.   Сопровождать, настраивать и писать деплои для инфраструктурных сервисов компании.   Настраивать хранилища SDS на базе Ceph   Обслуживать серверное оборудование.   Ждём о кандидата   Опыт работы на позиции инфраструктурного инженера или администратора Linux от 4х лет.   Уверенное конфигурирование различных параметров системы.   Опыт автоматизации рутинных задач с помощью python/bash.   Опыт практического использования систем управления конфигурациями (Ansible), написания ролей и плейбуков.   Опыт работы с средствами виртуализации OpenStack.   Опыт работы k8s на уровне деплоя сервисов.   Опыт администрирования серверного оборудования.   Опыт работы с SDS (Ceph).   Опыт построения систем CI/CD.   Опыт настройки и обслуживания DNS.   Опыт работы с ELK и Prometheus.   Знание внутреннего устройства серверного оборудования.   Опыт работы с GIT.   Будет плюсом   Опыт построения, настройки, эксплуатации и оптимизации HA-решений.   Знание языков программирования (Python, Go).   Опыт работы с балансировщиками нагрузки.   Знание сетевых протоколов, понимание протоколов маршрутизации.   Понимание того, как устроен стек TCP/IP, умение работать с wireshark / tcpdump.   Мы предлагаем  2ГИС — аккредитованная IT-компания. Само собой, полностью белая зарплата. Дополнительные дни отпуска за стаж работы в компании. Заботимся о здоровье: ДМС и возможность получать онлайн-консультации терапевта, невролога, психолога и медицинского агента. Если хочешь делиться своим опытом, мы только за — поможем с выступлениями на конференциях и статьями для Хабра. Есть собственный учебный центр: курсы, тренинги и книги для прокачки скиллов. Руководствуемся здравым смыслом, используем современные технологии и любим о них говорить. ","CI/CD;DNS;Python;Базовая работа с Linux;Ведение корреспонденции;Виртуализация, облачная инфраструктура;Использование моделей IaaS, PaaS, SaaS;Компьютерные сети, маршрутизация, протоколы;Обеспечение информационной безопасности;Работа в команде;Разработка архитектурных решений;Системы управления конфигурацией;Умение принимать решения",DevOps-инженер,0,3-6
114295843,TechLead команды инфраструктуры web-сервисов,"Привет! Наша команда занимается развитием и поддержкой балансировщиков нагрузки, которые направляют запросы 65млн. пользователей в нужный дата центр. Заботится о DNS серверах, которые не оставят DNS запрос без ответа. Храним миллионы объектов в нашем геораспределенном объектном S3 хранилище, которое построено на базе нескольких кластеров Ceph в дата центрах Москвы и Новосибирска.Придерживаемся подхода IaC и управляем нашими сервисами через CI Gitlab. Следим за всем этим с помощью Prometheus, VictoriaMetrics и ELK. Любим Ubuntu Linux, а так же хорошо разбираемся во внутренностях физических серверов.Мы в поисках TechLead’а команды инфраструктуры веб-сервисов веб-сервисов, который будет помогать развивать наше направление. Что нужно будет делать   Принимать архитектурные решения по развитию нашей инфраструктуры.   Взаимодействовать с другими командами разработки и администрирования.   Сопровождать внутреннюю IaaS компании на базе OpenStack.   Управлять и настраивать неотъемлемые сервисы - DNS, почта, L4/L7 балансировщики.   Сопровождать, настраивать и писать деплои для инфраструктурных сервисов компании.   Настраивать хранилища SDS на базе Ceph   Обслуживать серверное оборудование.   Ждём о кандидата   Опыт работы на позиции инфраструктурного инженера или администратора Linux от 4х лет.   Уверенное конфигурирование различных параметров системы.   Опыт автоматизации рутинных задач с помощью python/bash.   Опыт практического использования систем управления конфигурациями (Ansible), написания ролей и плейбуков.   Опыт работы с средствами виртуализации OpenStack.   Опыт работы k8s на уровне деплоя сервисов.   Опыт администрирования серверного оборудования.   Опыт работы с SDS (Ceph).   Опыт построения систем CI/CD.   Опыт настройки и обслуживания DNS.   Опыт работы с ELK и Prometheus.   Знание внутреннего устройства серверного оборудования.   Опыт работы с GIT.   Будет плюсом   Опыт построения, настройки, эксплуатации и оптимизации HA-решений.   Знание языков программирования (Python, Go).   Опыт работы с балансировщиками нагрузки.   Знание сетевых протоколов, понимание протоколов маршрутизации.   Понимание того, как устроен стек TCP/IP, умение работать с wireshark / tcpdump.   Мы предлагаем  2ГИС — аккредитованная IT-компания. Само собой, полностью белая зарплата. Дополнительные дни отпуска за стаж работы в компании. Заботимся о здоровье: ДМС и возможность получать онлайн-консультации терапевта, невролога, психолога и медицинского агента. Если хочешь делиться своим опытом, мы только за — поможем с выступлениями на конференциях и статьями для Хабра. Есть собственный учебный центр: курсы, тренинги и книги для прокачки скиллов. Руководствуемся здравым смыслом, используем современные технологии и любим о них говорить. ","CI/CD;DNS;Python;Базовая работа с Linux;Ведение корреспонденции;Виртуализация, облачная инфраструктура;Использование моделей IaaS, PaaS, SaaS;Компьютерные сети, маршрутизация, протоколы;Обеспечение информационной безопасности;Работа в команде;Разработка архитектурных решений;Системы управления конфигурацией;Умение принимать решения",DevOps-инженер,0,3-6
106863070,UX/UI дизайнер,"Postgres Professional — разработчик самой популярной российской СУБД Postgres Pro на базе свободно распространяемой PostgreSQL. А еще мы — один из крупнейших в мире контрибьюторов открытой СУБД: каждый год отправляем в сообщество PostgreSQL более 100 патчей. В Postgres Professional работают опытные эксперты в PostgreSQL — в нашей команде больше половины российских постгресистов, включая Major Contributors системы. Вместе мы решаем сложные задачи заказчиков, в том числе доработки в ядро PostgreSQL.Сейчас мы ищем к нам в команду опытного Продуктового дизайнера, которому предстоит работа над интерфейсами продуктов для профессионального использования в сфере баз данных. Чем предстоит заниматься:   работать над интерфейсами веб-приложений для профессионального использования в сфере баз данных;   самостоятельно писать и редактировать тексты интерфейса;   проектировать новые и развивать текущие продукты компании;   самостоятельно уточнять пользовательские сценарии и изучать предметную область;   обсуждать, демонстрировать и аргументировать решения, при необходимости собирать прототипы;   улучшать решения, используя фидбеки заказчиков, разработчиков и пользователей;   принимать участие в создании и развитии дизайн-системы вместе с командой разработки;   осуществлять авторский контроль;   рисовать простые иконки в заданной стилистике компании;   участвовать в улучшении процессов команды.   Мы ожидаем:  коммерческий опыт от 5ти лет: web и mobile; опыт работы в Figma и с дизайн-системами; понимание принципов исследования и построения пользовательских сценариев; умение презентовать и защищать свою работу, обосновать решения, работать с критикой; опыт работы в продуктовых командах, умение взаимодействовать с разработчиками, специалистами тестирования, техническими писателями и менеджерами; опыт написания интерфейсных текстов.  Будет плюсом:   опыт работы с B2B клиентами; опыт создания дизайн-систем; умение работать в Adobe Illustrator, Adobe Photoshop и 3D-редакторах; навык проведения интервью и тестирований с пользователями; техническое высшее образование.  Условия:   удаленка либо комфортный офис в шаговой доступности от м. Академическая (Москва);   гибкое начало рабочего дня;   возможности для профессионального развития;   участие в профессиональных конференциях, продвижение в сообществе PostgreSQL;   медицинское страхование сотрудника (+1), компенсацию спортивных активностей и затрат на оборудование удаленного рабочего места, занятия английским языком, технику для работы, обеды в офисе и др.   ​​​​​​",3D;Adobe Illustrator;Adobe Photoshop;Figma;UI/UX Дизайн;Авторский надзор;Взаимодействие с клиентами и заказчиками;Коммуникативная грамотность;Консультирование и ведение клиентов;Написание и редактирование текстов;Проведение интервью;Продажи;Умение принимать решения,DevOps-инженер,0,3-6
111968085,DBA / Администратор баз данных в команду Managed DB & MQ [МТС Web Services (MWS)],"MTС Web Services (MWS) — облачные сервисы для решения задач вашего бизнеса. Мы предоставляем сетевые сервисы; продукты для вычисления, хранения и обработки данных; PaaS-решения; инструменты кибербезопасности; профессиональные сервисы и ИИ-решения. Мы также инвестируем в создание публичной облачной платформы собственной разработки, которая станет доступна в 2025 году. MWS — через облако к новым высотам. Команда Managed DB &amp; MQ создаёт внутренние инструменты для разворачивания и управления очередями сообщений и базами данных. Наша цель - помочь командам разработки облака построить оптимальную инфраструктуру БД и Kafka для их сервисов, обеспечить отказоустойчивость и стабильность инфраструктуры. Чем предстоит заниматься:  разрабатывать, развивать и поддерживать платформу управляемых БД и брокеров сообщений в K8s; консультировать команды по оптимальной настройке БД и помогать с траблшутингом; настраивать и поддерживать инструменты мониторинга и логирования; решать проблемы с СУБД PostgreSQL и ClickHouse.  Что мы ждём от кандидатов:  более 3-х лет опыта в качестве DBA; опыт развёртывания и поддержки PostgreSQL и ClickHouse; опыт работы с NoSQL-базами данных; знание основ программирования; понимание концепций DevOps, включая управление инфраструктурой с использованием подхода Infrastructure as code (IaC); знание SQL; понимание архитектуры облачных сервисов; Будет плюсом: опыт работы с K8s-операторами, понимание устройства и принципов работы k8s.  Что мы предлагаем:  гибридный или полностью удалённый формат работы , с возможностью гибкого начала и окончания рабочего дня; собственную платформу MTS Ocean для получения ИТ-ресурсов, а это значит, что деплой, мониторинг, observability - не будут для вас проблемой, вы сможете сосредоточиться на фичах; профессиональные гильдии инженеров по направлениям, чтобы поддерживать друг друга и обмениваться опытом; участие во внешних IT конференциях. Мы выступаем на HighLoad++, DataFest, Mobius, Test Driven Conf, Joker, DevOps, Матемаркетинг и даже проводим собственную конференцию по архитектуре Hello, conference! полезные курсы и вебинары в корпоративном университете и электронные библиотеки.  А еще:  медицинскую страховку с 1 месяца со 100% покрытием расходов, включая стоматологию, страхование жизни и здоровья в поездках за рубеж. А еще можно застраховать родственников с корпоративной скидкой; доступ к сервису «Понимаю»: онлайн-консультации с психологом, юристом, экспертом по финансам или ЗОЖ; корпоративный и командный психолог в офисе и массажный кабинет; единую подписку МТС Premium — KION light в онлайн-кинотеатре KION, сервис МТС Music; скидки и предложения от партнеров на фитнес, занятия английским и прочее. ",ClickHouse;DevOps;IaC-обработка;Kubernetes;NoSQL;PostgreSQL;Знание базовых принципов разработки;Сетевой мониторинг и логирование,DevOps-инженер,0,3-6
108295112,Junior cистемный администратор Linux/DevOps-инженер,"Экспобанк открывает конкурс на вакансию Junior DevOps-инженер. Наш стек: Linux(Ubuntu/CentOS); Gitlab, Nexus, HELM; Git; Docker, K8s; Unix Shell, Python, Ansible; Apache, Tomcat, Nginx, HAProxy; MySQL, PostgreSQL; EFK, Zabbix, Prometheus, Grafana; Jira, Confluence. Pacemaker\Corosync Чем предстоит заниматься:  Настройка и поддержка инфраструктуры на уровне операционной системы(Linux VM). Разработка, настройка, поддержка и улучшение CI/CD-пайплайнов для сборки ПО, используем Gitlab-ci. Обеспечение работоспособности и высокой доступности проектов. Работа с системами мониторинга и логирования: Prometheus, Grafana, Zabbix, ELK stack. Участие во внедрении и развитии других DevOps-инструментов.  Условия:  Официальное оформление в полном соответствии с Трудовым Кодексом, белая заработная плата. Постоянный профессиональный рост, интересные задачи. Корпоративное обучение. Интересные корпоративные мероприятия. Компенсация занятий спортом/ медицинское страхование после испытательного срока. Современный офис рядом с м. Павелецкая. График работы: 5/2, 9:00-18:00, пятница сокращенный день, гибкое начало дня. ","Atlassian Confluence;Atlassian Jira;CI/CD;DevOps;Docker;ElasticSearch;Gitlab;Grafana;Kubernetes;Pacemaker;PostgreSQL;Базовая работа с Linux;Виртуализация, облачная инфраструктура;Работоспособность;Сетевой мониторинг и логирование;Системы управления конфигурацией",DevOps-инженер,0,1-3
107345526,DevOps-инженер / Системный администратор Linux,"Для отдела эксплуатации мы ищем опытного системного администратора Linux, кому важно на практике углубиться в современные DevOps инструменты. Вы сможете работать в комфортном ритме, без авралов и переработок. Выбирать из широкого спектра технологий, с которыми мы работаем, те, что увлекают вас. Взаимодействовать в команде и консультироваться с профессионалами высокого уровня. Решать задачи не только вашего стека, но и пробовать что-то новое, еще неизвестное. Кто мы? ITSumma - команда, которая специализируется на техподдержке высоконагруженных веб-проектов, от стартапов до федеральных компаний. В отделе эксплуатации – третьей линии технической поддержки – решаем такие задачи:   Исследуем состояние инфраструктур компаний, предлагаем решения для их развития вслед за развитием бизнеса клиента или для устранения имеющихся проблем.   Строим инфраструктуры с «нуля», обновляем архитектуру и переводим на современный стек, внедряем новые технологии и необходимые сервисы.   Принимаем веб-проекты на техподдержку и обеспечиваем работоспособность клиентских систем, как полностью самостоятельно, так и работая совместно с командами разработчиков и системных администраторов клиентов. Отдел не занимается экстренным реагированием на инциденты, а отвечает за настройки, обновления и улучшения.   Чем нужно будет заниматься?   Настраивать серверное ПО, межсерверное взаимодействие.   Внедрять и поддерживать CI/CD, IaC, Kubernetes.   Внедрять современные практики и подходы к имеющейся инфраструктуре клиентов, предлагать лучшие решения.   Помогать разрабатывать и внедрять инфраструктуры клиентов.   При желании развиваться как менеджер - можно брать текущий проект под свое шефство и участвовать в запуске новых проектов вместе с клиентами.   Ключевые слова: Kubernetes, Ansible, Docker, Terraform, Prometheus, ELK, MySQL, PostgreSQL. Знать их досконально не обязательно, просто очерчиваем примерный технологический стек, с которым рано или поздно у нас придётся столкнуться.   Для нас важны:   Опыт в системном администрировании Linux от 3х лет. Хорошее знание архитектуры Linux.   Понимание принципов работы высоконагруженных веб-ориентированных систем.   Опыт настройки и поддержки веб-серверов с живыми, посещаемыми сайтами и опыт траблшутинга. Очень пригодится опыт работы в хостинговой поддержке.   Опыт работы с разработкой и опыт внедрения методологии DevOps (IaC, CI/CD) от 1 года.   Опыт работы с MySQL, PostgreSQL, NoSQL.   Опыт работы с Ansible, Docker, Kubernetes.   Опыт работы как минимум с одним облачным провайдером: AWS, Google Cloud, DigitalOcean, Yandex.Cloud, MCS.   Навык самостоятельно искать информацию и доводить задачи до конца.   Опыт работы в команде, умение и готовность общаться (с клиентом, с коллегами).   Увлеченность новыми технологиями, интерес к автоматизации и стандартизации процессов.   Как мы работаем?   Рабочий процесс в отделе строится вокруг небольших команд (от 3 до 6 человек), в которых можно обмениваться знаниями и всегда можно эскалировать какие-либо вопросы и сложности.   Каждый специалист отдела эксплуатации работает как с задачами технической поддержки, так и с инфраструктурными задачами.   Большие инфраструктурные проекты делятся на маленькие задачи, которые распределяются между инженерами отдела в зависимости от их квалификации и навыков.   Мы описали понятный внутренний скиллсет для каждого уровня, и специалисту легко сориентироваться, какие навыки и в каком объеме можно развивать для дальнейшего карьерного движения.   Тимлиды следят, чтобы нагрузка для каждого сотрудника была не избыточной и разнообразной – менее сложные задачи чередуем с более сложными. В отделе нет авралов, дежурств, ночных звонков и переработок.   По просьбе инженера набор передаваемых ему в работу задач корректируем, в соответствии с его новыми интересами и амбициями.   Мы активно делимся друг с другом актуальной и полезной информацией. Ведем документацию по клиентам, описываем лучшие практики. Проводим внутренние митапы для обсуждения последних технологий, подходов к работе или просто про жизнь и выступаем на внешних конференциях. Специальная команда помогает тем сотрудникам, кому интересно писать статьи и выступать самому.   Условия:   Работа удаленная.   График работы: понедельник-пятница 11:00 - 19:00 Мск или 7:00 - 15:00 Мск.   Оформление по ТК — белая зарплата и полный соцпакет. Выплачиваем 100% ежемесячный оклад, даже если вы были в отпуске или на больничном.   Пересмотр уровня заработной платы раз в полгода или по достижению персональных целей.   Частичная компенсация стоимости занятий английским языком.   Разнообразные возможности по росту внутри компании, как в управленческом плане, так и в техническом.   Оплачиваем профильные курсы и сертификации.  ",AWS;CI/CD;DevOps;Docker;ElasticSearch;IaC-обработка;Kubernetes;MySQL;NoSQL;PostgreSQL;Terraform;Базовая работа с Linux;Построение компьютерных систем;Работа в команде;Работоспособность;Сетевой мониторинг и логирование;Системы управления конфигурацией;Умение принимать решения,DevOps-инженер,0,3-6
110831371,Системный администратор Linux / DevOps специалист,"Привет! А ДЕНЬГИ — это команда единомышленников с гибким подходом к разработке финтех-продуктов. Мы — часть большого холдинга Альфа-Банка со своим независимым подходом к ведению бизнеса. Вместе мы создаем лучший финансовый сервис для миллионов клиентов. Не боимся рисковать, ищем новые решения и получаем прорывные результаты. У нас открываются крутые возможности для профессионального развития и карьерного роста. Присоединяйся и создавай новую историю с нами!   В связи с развитием инфраструктуры мы находимся в поиске Системного администратора Linux / Специалиста DevOps. Чем предстоит заниматься:  Администрировать Linux сервера (CentOS, Debian); Администрировать и запускать новые гипервизоры под управлением Proxmox; Переносить сервисы с различных сред виртуализации, мигрировать из одного облака в другое; Помогать разворачивать серверную инфраструктуру и внутренние сервисы компании; Помогать смежным отделам запуске новых серверов; Строить процессы автоматического управления инфраструктурой при помощи таких инструментов как Ansible; Мониторить состояние сетевой и серверной инфраструктуры, устранять, а лучше предотвращать аварийные ситуации в ней; Документировать свою работу, схемы сети, описание сервисов и т.д. (Jira, Confluence).  Каким мы тебя видим:  Знаешь и умеешь готовить Linux на уровне установки ОС и настройки сервисов; Будет отлично, если ты работал с Ansible; Понимаешь работу Docker и Docker Compose; Понимаешь, что такое NLB, ALB, какая разница между ними и ПО которое с этим работает; Базовые знания скриптовых языков программирования; Тебя не пугают слова - Zabbix, Grafana, Prometeus, LXC, LVM, iptables, NAT, DNAT, SNAT, Git, Gitlab, S3; Имеешь непреодолимую тягу к документированию; Ты проактивный. Тебе в первую очередь нравится развиваться, делать и предлагать что-то новое; Ничего страшного если ты что-то не знаешь, у нас дружный коллектив, мы всегда покажем и поможем.  МЫ: Соблюдаем ТК РФ:   Официальное трудоустройство в штат компании по ТК РФ.   Предлагаем гибкий формат работы:   Возможность удалённо работать из любой точки страны;   А если тебе захочется поработать оффлайн - в твоём распоряжении офис в Москве в урбанистическом стиле, в одной минуте ходьбы от м. Технопарк.   Заботимся о здоровье:  С первого дня работы ты можешь выбрать расширенную программу ДМС со стоматологией или компенсацию расходов на оплату спорта; Линия психологической поддержки; Врач в офисе и массажные кресла (для сотрудников в Москве); Бесплатные посещения фитнес-клуба А-sport на ст. м. Технопарк.  Профессионально развиваемся:   Корпоративная программа профессионального обучения совместно с Альфа Групп (внутренние и внешние программы);   Возможность участия в профильных конференциях;   Онлайн-библиотека;   Карьерное развитие. Ты развиваешься и растешь вместе с командой;   Программа наставничества;  Профессиональные коммьюнити.  Думаем о каждом:   Корпоративные мероприятия и тимбилдинги в онлайн и оффлайн формате;   Подарки к праздникам и материальная помощь по особым случаям;   + 3 дня 100% оплачиваемых day off в году.     При отклике на вакансию, в сопроводительном письме указывайте, пожалуйста, свои ожидания по заработной плате.</p>","Atlassian Confluence;Atlassian Jira;Docker;Proxmox;Базовая работа с Linux;Виртуализация, облачная инфраструктура;Готовность помогать другим;Обслуживание ПК;Работа с гипервизорами;Сетевой мониторинг и логирование;Системы управления конфигурацией",DevOps-инженер,0,3-6
107014180,Системный аналитик в команду Deckhouse UI,"О компании «Флант» предоставляет своим клиентам высококачественные услуги в сфере DevOps, а также разрабатывает крутые Open Source-инструменты для сообщества. Например, у нашей CI/CD-утилиты werf более трех тысяч звезд на GitHub! Мы давно и плотно работаем с Kubernetes, знаем его и любим, а также знакомим русскоязычное сообщество с лучшими практиками работы с ним. Возможно, вы смотрели наши выступления на различных отраслевых конференциях или читаете наш блог на Хабре. В 2023 году «Флант» получил лицензии ФСТЭК на деятельность по технической защите конфиденциальной информации и на деятельность по разработке и производству средств защиты конфиденциальной информации. О проекте Продукты команды Deckhouse UI — веб-приложения, которые помогают управлять всем множеством фич Deckhouse Kubernetes Platform и делают состояние платформы наглядным. Это очень важное направление для бизнеса, поэтому мы наращиваем скорость разработки продуктов и ищем в команду технического эксперта-консультанта и SRE. У нас в работе два приложения: веб-интерфейс к Deckhouse/Kubernetes (Console) и Commander — инструмент централизованного управления инфраструктурой. В Console интегрируем UI с Kubernetes API, а Commander — самостоятельный продукт. Мы формулируем функциональные требования для разработки интерфейсов в письменном виде. По этим требованиям дизайнеры делают макеты, разработчики узнают об особенностях поведения веб-приложения, тестировщик собирает часть тест-плана. Мы ищем аналитика, который будет формулировать требования к новым фичам быстро разрастающегося веб-интерфейса, а также поддерживать документацию в актуальном состоянии. Сейчас в команде два дизайнера, 13 разработчиков, тимлид и технический директор продуктов. Чем предстоит заниматься   Прорабатывать и писать функциональные требования к новым разделам / фичам веб-интерфейса Deckhouse   Подобрать подходящий набор инструментов для документирования продуктов   Актуализировать техническую документацию (ADR). Обеспечить понятную структуру и навигацию в функциональных требованиях продукта, поддерживать её в актуальном состоянии   Участвовать в ревью макетов, проводить приемочное тестирование новой функциональности до релиза   Записывать пользовательские гайды / демо к новому функционалу   Что мы ждём   Опыт написания и поддержки функциональных требований / спецификации к пользовательским веб-интерфейсам от 3 лет   Опыт работы с продуктами облачной инфраструктуры (виртуализация, обзервалибилити)   Опыт описания бизнес-логики интеграций “система-система”   Опыт работы в связке с продакт-менеджером и дизайнером, коммуникации со стейкхолдерами разных уровней   Опыт самостоятельного ресерча и анализа документации и функционала сторонних продуктов   Общие технические знания: принципы построения моделей данных (диаграммы), взаимодействие с JSON/ REST API .   Будет плюсом   Опыт работы в технически сложных веб-интерфейсах (админки, CRM, дашборды с метриками)   Опыт работы с Kubernetes, контейнеризацией, оркестрацией, linux.   Оплата и условия   Работа в ИТ-компании, аккредитованной Минцифры   Полностью «белая» ЗП и ее регулярная индексация по итогам квартальных performance reviews   Командные бонусы   ДМС (со стоматологией и телемедициной) в вашем городе   Скидка 50% на сервис онлайн-психотерапии «Ясно»   Английский с корпоративным преподавателем в рабочее время   Рабочее место там, где вам удобно и есть интернет   Современное «железо» от компании   Профессиональное обучение, наставничество и внутренние конференции   Органическое неприятие бюрократии, симуляции полезности работы, поверхностности на уровне культуры компании   Внятное понимание, зачем вы работаете и какую пользу приносите.    ","API;Виртуализация, облачная инфраструктура;Ручное тестирование;Управление персоналом;Формирование технических заданий;Хранение и обработка данных",DevOps-инженер,0,3-6
107014597,Senior Linux System Administrator/R&D Engineer,"Servers.com is a global IaaS hosting platform providing a full range of computing, storage, and networking services to customers in the US, Europe, and Asia. We are building a fully automated platform capable of meeting the diverse requirements of our customers. We are looking for a Senior DevOps Engineer with experience in technologies such as Linux administration, storage solutions, networking, Ansible or other configuration management software, HA solutions, CI/CD, infrastructure testing, and metric-based monitoring systems to join our team in Cyprus as a R&amp;D engineer. Responsibilities:  Research and adoption of tools and technologies. Direct participation in the development of internal and public products of the company. Writing code for automatic configuration of developed products and automation of processes. Writing tests to verify the functionality of written code. Reviewing code and documentation changes made by colleagues. Assisting colleagues (including those from other departments) with troubleshooting complicated cases (diagnosing, localizing, resolving bugs and failures). Writing accompanying internal documentation for the developed products.  Required skills and competencies:  Good knowledge of systems engineering fundamentals: Linux (administration and internals), Storage, Networking (BGP, VXLANs, host routing). Knowledge of Ansible or other configuration management software. Understanding and work experience with at least some HA solutions (pacemaker, database solutions: galera/etcd). Practical experience and understanding of principles of CI/CD and infrastructure testing. Experience and solid understanding of metric-based monitoring systems. Knowledge of Python or Go programming language.  A knowledge and experience with following technologies is a plus:  Kubernetes eBPF Ceph or similar class distributed storage system Open vSwitch or other SDN solution OpenStack  We offer:  Relocation support for you and your family to Cyprus. Organization of the visa obtaining process. Competitive salary and medical insurance. Daily lunches in the office and all nessessary equipment. Challenging tasks and opportunity for professional development. ","CI/CD;Golang;Pacemaker;PostgreSQL;Python;SolidWorks;Базовая работа с Linux;Инжиниринг;Компьютерные сети, маршрутизация, протоколы;Маршрутизация;Научно-исследовательская работа;Системы управления конфигурацией;Тестирование программного обеспечения",DevOps-инженер,0,3-6
108247322,Системный инженер (PostgreSQL/Postgres PRO и Linux),"SMART technologies - команда IT заботы Компания SMART technologies входит в российскую группу компаний IT-сектора. Разрабатываем и внедряем инфраструктурные решения, осуществляем сервисную поддержку информационных систем для государственных и корпоративных заказчиков. Мы вошли в ТОП самых эффективных IT-компаний и не останавливаемся на достигнутом Сейчас мы находимся в поиске одной важной части нашей команды – Системный инженер. Будем рады видеть:  Опыт администрирования реляционных СУБД, прежде всего PostgreSQL/Postgres PRO;  Опыт работы с разными дистрибутивами Linux от 3-х лет, предпочтительно Red Hat Linux и его клоны;   Желателен опыт разработки под Linux с использованием PostgreSQL/Postgres PRO как СУБД;   Желателен опыт работы с аналитическими инструментами BI и их администрирования, в первую очередь с точки зрения оптимизации запросов к БД;   Знакомство с технологиями аппаратных ускорителей работы СУБД (в частности, IBM Netezza).   Будет плюсом наличие сертификатов:  Администратор Linux (Red Hat, Debian, SUSE, любые их российские клоны); Администратор/разработчик PostgreSQL/Postgres PRO (опыт с другими реляционными СУБД является плюсом);  Ключевые задачи:  Проведение работ по поддержанию работоспособности компонентов и модулей Систем заказчика в части Linux и PostgreSQL/Postgres PRO; Аудит эксплуатации компонентов и модулей Системы в части Linux и PostgreSQL/Postgres PRO; Консультационное сопровождение компонентов и модулей Системы в части Linux и PostgreSQL/Postgres PRO; Выполнение заданий руководства, как в части целевого Заказчика, так и прочих.  Что предлагаем:   Оформление в первый рабочий день в соответствии с ТК РФ;   Полностью белая обсуждаемая ЗП, 28 дней оплачиваемого отпуска;   ДМС после прохождения испытательного срока;   График работы: 5/2 (сб, вс - выходные) - формат офис;   Корпоративный тренер по йоге для сотрудников (проведение групповых занятий), также корпоративные скидки на спорт в нашем бизнес-центре;   Корпоративные скидки на Яндекс Практикум;   Дружелюбная атмосфера и команда профессионалов;   Все для саморазвития: поддерживаем в повышении квалификации и прохождении дополнительного обучения за счет компании;  Работа на площадке Заказчика, м. Савеловская. ",BI аналитика;PostgreSQL;Аудит;Базовая работа с Linux;Работоспособность;Управление базами данных,DevOps-инженер,0,3-6
107990331,Ведущий системный администратор Linux (DevOps),"Facecast — продуктовая компания, одна из лидеров российского рынка в области ПО для стриминга видео. Нам нужен инженер для эксплуатации и развития инфраструктуры. Что нужно будет делать:  обеспечивать работоспособность, отказоустойчивость, наблюдаемость, безопасности и резервное копировании; анализировать источники проблем и устранять их; эксплуатировать железную инфраструктуру, приложения, базы данных, продовые и тестовые окружения, CI/CD; постоянно улучшать инфраструктуру и процессы в ней.  Что для этого нужно:  личный опыт практической эксплуатации достаточно масштабных инфраструктур, счёт серверов в которых идёт на десятки, а количество сервисов под сотню; знать Linux глубже, чем Typical install → Next → Next → Finish; знать как устроены сети, какие у них особенности применительно к Docker и Kubernetes; уметь в базовую безопасность не меньше чем на уровне VPN + файрволлы + FreeIPA; иметь навыки скриптинга для автоматизации процессов; иметь опыт работы с нашим стеком; системный подход к делу; желание создавать и развиваться.  Если что-то не знаете, дадим возможность научиться, главное, чтобы вы действительно этого хотели. Основа нашего стека:  Linux; Kubernetes + Helm; Docker + Compose; GitLab CI/CD + git; ELK + Prometheus + Grafana; Terraform; Ansible; nginx; PostgreSQL, noSQL KV DB; сети.  Опыт работы с Kubernetes, Helm и Terraform приветствуются и влияют на зарплату. Какие у нас условия:  аккредитованная Минцифры, 10 лет успешно работающая компания-разработчик, доступны все отсрочки и IT-ипотека; работа над интересными проектами; пишем для себя, не аутсорсим; гибридный формат: удалёнка, но иногда нужно ездить в офис и ЦОДы в Москве, где стоит наше оборудование; полное соответствие ТК РФ; здоровые отношения внутри команды, минимум бюрократии. ",CI/CD;Docker;ElasticSearch;Git;Gitlab;Grafana;Kubernetes;Nginx;NoSQL;PostgreSQL;Terraform;VPN;Базовая работа с Linux;Желание развиваться;Обучаемость и адаптивность;Работоспособность;Резервное копирование;Сетевой мониторинг и логирование;Системное мышление;Системы управления конфигурацией,DevOps-инженер,212500,3-6
107856420,Tech Lead C/C++ в команду Network And Network Services (МТС Web Services (MWS)),"МТС – это мультисервисная цифровая экосистема. Мы создаем и развиваем сервисы в сфере мобильной связи, больших данных, искусственного интеллекта, облачного хранения, медиа и финансов – все они делают жизнь людей проще и интереснее. MTС Web Services (MWS) — облачные сервисы для решения задач вашего бизнеса. Мы предоставляем сетевые сервисы; продукты длявычисления, хранения и обработки данных; PaaS-решения; инструментыкибербезопасности; профессиональные сервисы и ИИ-решения. Мы также инвестируем в создание публичнойоблачной платформы собственной разработки, которая станет доступна в 2025 году. MWS — через облако к новым высотам. Наша команда отвечает за виртуальную сеть Облака (CloudMTS), которую без преувеличения можно назвать кровеносной системой любого облачного сервиса, а также за набор сетевых сервисов, крайне необходимых для построения современных производительных, отказоустойчивых и безопасных приложений. Это различные балансировщики нагрузки, DNS-сервисы, VPN-шлюзы, защита от DDoS и многое другое. Мы решаем огромное количество задач на разных уровнях - от проектирования и реализации публичных API для управления облачной сетью пользователем и API взаимодействия с другими службами нашего Облака до хардкорного процессинга IP пакетов в user space. Ведем постоянный поиск решений, имеющих потенциал повторного использования в других частях нашей большой системы, и их переносу в общую библиотеку решений платформы разработки Облака. Код и сборка - Git и GitLab CI, развертывание в k8s и в виде Infrastructure as Code. Чем предстоит заниматься:  Формулировать технические цели для команды; Проектирование и реализация компонентов Data Plane с использованием VPP, DPDK4; Следить за состоянием архитектуры проектов и качеством сервисов; Доработка open source Data Plane и Control Plane решений.  Что мы ждём от кандидатов:  Опыт разработки на С/C++;  У вас есть опыт в разработке от 5 лет и в роли Tech Lead от 2 лет;  Опыт разработки высоконагруженных многопоточных приложений; Понимание сетевого стека Linux; Знание основных сетевых протоколов и технологий – IPv4, IPv6, TCP; Ответственность, умение работать самостоятельно и в команде; Готовность погрузиться в предметную область построения облачной инфраструктуры.  Что мы предлагаем:  Медицинская страховка с доступом в частные клиники и 100% покрытием расходов, включая стоматологию. Можно застраховать близких родственников на льготных условиях. Для - любителей путешествий – страховка в поездках за границу. А еще есть страхование жизни; Корпоративная мобильная связь и интернет для сотрудников, а для близких – на выгодных условиях; Компенсация расходов на спорт или питание на выбор; Обучение в Корпоративном университете, у внешних провайдеров, если это полезно для работы, а также доступ к онлайн-библиотеке в полезными книгами и периодикой; Единая подписка МТС Premium – KION Lite в онлайн-кинотеатре KION, сервис МТС Music, 30 дней бесплатного пользования подпиской OZON Premium; Предложения от партнёров для путешествий, развлечений и занятий спортом.  #CloudMTS",,DevOps-инженер,0,6-
106885894,Системный администратор Linux / DevOps инженер,"Group Atlantic Russia – мировой производитель систем отопления, вентиляции, кондиционирования и всех видов электрических теплых полов, включающий в себя 17 компаний. В 2020 году Group Atlantic совершила сделку по покупке компании «Теплолюкс», тем самым расширила свое влияние на российском рынке тепловых систем. Group Atlantic Russia приглашает с свою команду DevOps инженера. Наши пожелания: Администрирование:  процессы, девайсы, дисковые разделы, lvm, файловые системы, неймспейсы и cgroups; загрузчики, процесс загрузки, systemd и юниты; сетевая подсистема netfilter, пользовательские утилиты: iptables, shorewall, tc итд базовое знание сетевых протоколов (TCP, UDP, порты); виртуализация — в первую очередь kvm, так же знать виды виртуализации и другие технологии; настройка и работа с базовыми сервисами: dhcpd, nfs, sshd, dns(bind), mail(postfix, sendmail), web(nginx, apache, caddy, traefik etc; базовый скриптинг на bash/python; базовый траблшутинг.  Контейнеризация:  Oпыт работы с контейнерами и оркестраторами контейнеров, такими как Docker и Kubernetes, для управления масштабируемостью и развертыванием приложений. Знание и понимание архитектуры серверных приложений. Опыт работы с docker-compose – самостоятельное конфигурирование, настройка и управление встроенной сетью.  Мониторинг и журналирование:  Опыт работы с инструментами мониторинга и аналитики журналов, такими как Prometheus, Grafana, ELK (Elasticsearch, Logstash, Kibana), Splunk и др. Опыт настройки систем мониторинга и отлова ошибок. Опыт взаимодействия с такими SDK как Yandex AppMetrica, Sentry, Google Crashlytics.  Облачные сервисы:  Знание публичных облачных платформ, таких как AWS, Azure, Google Cloud и Firebase Admin SDK, а также желателен опыт работы с инструментами управления облачной инфраструктурой, такими как AWS CloudFormation или Azure Resource Manager. Опыт работы с брокерами сообщений, очередью. Опыт работы с высоконагруженными сервисами, кластеризацией и оркестрацией.  Разработка и скриптинг:  Базовые навыки программирования, понимание основ программирования. Базовое понимание JavaScript; опыт с NodeJS 18+. Умение разрабатывать обеспечение для автоматизации задач и создания собственных инструментов. Умение разрабатывать скрипты под разные ОС, понимание работы и поведения скрипта в разных условиях и средах, написание интерактивных скриптов. Умение составить базовые запросы к СУБД разных моделей (SQL, noSQL), понимание как работает БД.  Контроль версий:  Знание систем контроля версий, таких как Git, и опыт работы с ветвлением, слиянием и управлением кодовой базой.  Безопасность:  Понимание основных принципов безопасности при разработке и развертывании приложений, включая принципы управления доступом и принципы безопасного программирования. Опыт работы с настройкой и поверхностной проверкой межсетевых экранов, инструментов защиты от DDOS и брутфорса. Опыт защиты PWA и API.  Автоматизация и конфигурационное управление (желательно):  DevOps-инженер должен иметь опыт работы с инструментами для автоматизации развертывания и управления конфигурацией, такими как Ansible, Chef, Puppet или Terraform.  Непрерывная интеграция и непрерывная доставка (CI/CD) (будет плюсом):  Умение настраивать и поддерживать пайплайны CI/CD с использованием инструментов, таких как Jenkins, GitLab CI/CD, CircleCI и других.  Ваши задачи: Администрирование и поддержка IoT платформы (prod и stage) – сайт для наших умных устройств, установленных у клиентов. Запуск и администрирование внутренних сервисов на linux:  WEB cервер для публикации 1С (ERP, Doc) Мониторинг Zabbix Инфраструктура RedOS RedADM  Администрирование внешних порталов.  Мы предлагаем:  Работу в крупной международной производственной компании; Оформление согласно ТК; ДМС после испытательного срока, включая стоматологию; Корпоративную столовую на территории предприятия; Скидки на продукцию; Уровень оплаты труда оговаривается с успешным кандидатом; Возможность профессионального развития и карьерного роста; Корпоративный транспорт от ж/д ст. Мытищи и от метро Бабушкинская; Место работы - г. Мытищи, 10 минут на а/м или автобусе от м. Медведково (6 км от МКАД по Осташковскому шоссе в сторону области); Возможен удаленный формат работы.  ","Apache;AppMetrica;AWS;Azure;Back-end разработка;DevOps;DNS;Docker;ElasticSearch;Firebase;FIrewall;Front-end разработка;Google Cloud Platform;Grafana;Javascript;Kibana;Kubernetes;Nginx;Python;Sentry;Splunk;Администрирование серверов и рабочих станций;Анализ данных;Базовая работа с Linux;Виртуализация, облачная инфраструктура;Инжиниринг данных;Компьютерные сети, маршрутизация, протоколы;Разработка мобильных приложений;Сетевой мониторинг и логирование",DevOps-инженер,0,1-3
107996694,Системный администратор Linux/DevOps,"Мы - компания по разработке ПО для сферы жилищно-коммунального хозяйства. Компания официально аккредитована. В соответствии с новыми мерами поддержки IT отрасли специалисты получают отсрочку от воинской обязанности. Вам предстоит участвовать в развитии инфраструктуры высоконагруженного SaaS-сервиса с объемным бэкендом в команде единомышленников. Развитие и поддержка только собственных продуктов на протяжении всего их жизненного цикла. Интересная и социально значимая тематика. Широкая география пользователей в РФ. Обязанности:  Поддержка инфраструктуры серверов в ЦОД (у нас Centos, Debian). Поддержка сети: Mikrotik, VyOS Ведение документации: redmine, netbox. Мониторинг средствами zabbix, prometheus, grafana. ELK.  В чем можно прокачаться:  Работа в команде разработчиков. Решение творческих задач, связанных с основным проектом; Поддержка CI/CD, наш стек: Docker, Ansible, GitLab, Kafka, MongoDB, Redis, ELK, Jenkins. Работа с системой виртуализация на основе QEMU/KVM.  Если Вам интересен наш долгосрочный проект и вы готовы расти и приобретать знания и опыт в серьезной команде - welcome. Условия:  Оформление по ТК РФ Уровень заработной платы обсуждается индивидуально Удобный новый офис (ул. Тарасова 12 ст. м. Ладожская / Новочеркасская) Дружный молодой коллектив Уютная кухня и вкусный кофе ","Apache Kafka;CI/CD;Docker;ElasticSearch;Gitlab;Grafana;MongoDB;Redis;Анализ данных;Базовая работа с Linux;Ведение документооборота;Виртуализация, облачная инфраструктура;Компьютерные сети, маршрутизация, протоколы;Работа в команде;Сетевой мониторинг и логирование;Системы управления конфигурацией;Управление проектами",DevOps-инженер,150000,3-6
107712538,DevOps инженер Junior+/Системный администратор Linux,"С 2013 года TruePositive - собственные продукты в Digital Signage &amp; Labeling, машинном зрении и цифровой обработке сигналов, работающие по всей России: от Южно-Сахалинска до Калининграда и в ближнем зарубежье.TruePositive это две команды:  Lab - лаборатория разработки продуктов Kit - команда внедрений и поддержки решений  Наша команда и проекты развиваются, поэтому сегодня мы ищем DevOps инженера Junior+. Мы готовы поддержать развитие перспективного специалиста, даже если у него скромный опыт работы по профилю. Для нас главное в кандидате – подтвержденный интерес к развитию на выбранном направлении, ответственность и самостоятельность. В часы трудовых подвигов нашему будущему коллеге предстоит:  поддержка и масштабирование инфраструктуры и автоматизация деплоя ПО:- разработка Dockerfile,- Ansible-скрипты развертывания серверов (тестовых, на продакшене)- настройка и развертывание демостендов- автоматизация резервного копирования- мониторинг внутренней и клиентской инфраструктуры (более 100 объектов) разработка вспомогательных инструментов технической поддержки, CI/CD- сборка дистрибутивов- поддержка TeamCity  Нам важны:  уверенный опыт администрирования Linux опыт написания скриптов Bash, Python знание систем удаленного/распределенного выполнения скриптов (Ansible) опыт настройки Zabbix понимание процесса упаковки приложения в Docker опыт работы с веб-серверами (мы используем Nginx) желание учиться умение работать самостоятельно и в команде (мы очень ценим ответственность и обязательность)  Работа у нас это классно (без токсичной обстановки и процессов) и с возможностью развития, а еще это:  Стек технологий на котором разработаны продукты: PostgreSQL, Python, OpenCV, PyTorch. Мы не используем k8s. Современные технологии в разработке и коммуникации. Занятость 5/2 (любые 5 дней в неделю). Дистанционка + лофтовый и уютный офис в Санкт-Петербурге, своя набережная на территории комплекса, близость к парку (в районе м. Беговая/Старая деревня/Черная речка - около 20 минут пешком от метро). Вознаграждение: конкурентный fix (конкретные финансовые условия будем обсуждать с успешным кандидатом, исходя из навыков и компетенций) ДМС бизнес-уровня (со стоматологией), Возможности для профессионального развития, Ароматный чай/кофе и плюшки в офисе Яркие корпоративные праздники, дружные пятницы и спонтанные посиделки. Оформление по ТК РФ, белая заработная плата.  P.S. Нам очень важно работать в команде близкой каждому по духу и настроению, поэтому в сопроводительном письме укажи:  почему наша вакансия подходит тебе и чем твоя кандидатура будет интересна нам. приложи 2-3 свежих и смешных мема (кидай ссылками прямо в отклик) ",,DevOps-инженер,100000,1-3
108665565,Security Engineer (МТС Web Services (MWS)),"МТС — это мультисервисная цифровая экосистема. Мы создаем и развиваем сервисы в сфере мобильной связи, больших данных, искусственного интеллекта, облачного хранения, медиа и финансов – все они делают жизнь людей проще и интереснее. MTС Web Services (MWS) — облачные сервисы для решения задач вашего бизнеса. Мы предоставляем сетевые сервисы; продукты для вычисления, хранения и обработки данных; PaaS-решения; инструменты кибербезопасности; профессиональные сервисы и ИИ-решения. Мы также инвестируем в создание публичной облачной платформы собственной разработки, которая станет доступна в 2025 году. MWS — через облако к новым высотам. У нас крутая инженерная команда настоящих профессионалов, любящих продукт, сложные технологические задачи и большой бэклог. Чем предстоит заниматься:  Администрирование, поддержка и развитие большой инсталляции Kaspersky Endpoint Security (26 KSC), в перспективе миграция на KEDR; Автоматизация рутинных процессов, написание скриптов PowerShell, Bash, Python или др.; Работа с инцидентами, идентификация и устранение проблем, выявление и устранение узких мест, управление изменениями и конфигурациями; Документирование процедур, инструкций, регламентов, наполнение базы знаний; Участие в инфраструктурных проектах; Взаимодействие с Security Operation Center для выстраивания эффективных контролей безопасности и их тестирования, а также участие в расследовании инцидентов ИБ; Анализ процессов ИБ в части сопровождаемых средств защиты и формирование предложений по их автоматизации; Участие в мероприятиях по оценке рисков и эффективности ИБ; Участие в смежных проектах по поддержке и развитию ИБ систем в микросервесной архитектуре (K8s, Docker, Grafana, Prometheus).  Что мы ждём от кандидатов:  Глубокие знания продуктов антивируса Касперский (KES, KSWS, Light Agent, KSC for Windows, KSC for Linux, KLFOC); Умение автоматизировать рутинные задачи, знание любого скриптового языка программирования; Хорошие знания линейки OS Windows Server и OS Linux Знание основных принципов работы виртуальных сред и моделей их применения; Опыт построения отказоустойчивых решений для mission-critical систем, понимание принципов и подходов к построению подобного рода систем; Умение диагностировать работу профильных продуктов, выявлять ошибки и узкие места; Практические знания и опыт администрирования виртуальных инфраструктур на базе облачных платформ VMware – vSphere; Знание модели OSI и основных сетевых протоколов, понимание принципов их работы; Умение диагностировать работу профильных продуктов, выявлять ошибки и узкие места; Понимание архитектуры информационной безопасности предприятия.  Что мы предлагаем:  Собственную платформу MTS Ocean для получения ИТ-ресурсов, а это значит, что деплой, мониторинг, observability - не будут для вас проблемой, вы сможете сосредоточиться на фичах; Профессиональные гильдии инженеров по направлениям, чтобы поддерживать друг друга и обмениваться опытом; Участие во внешних IT конференциях. Мы выступаем на HighLoad++, DataFest, Mobius, Test Driven Conf, Joker, DevOps, Матемаркетинг и даже проводим собственную конференцию по архитектуре Hello, conference! Полезные курсы и вебинары в корпоративном университете и электронные библиотеки; А еще: Медицинскую страховку с 1 месяца со 100% покрытием расходов, включая стоматологию, страхование жизни и здоровья в поездках за рубеж. Также можно застраховать родственников с корпоративной скидкой; Доступ к сервису «Понимаю»: онлайн-консультации с психологом, юристом, экспертом по финансам или ЗОЖ; Корпоративный и командный психолог в офисе и массажный кабинет; Единую подписку МТС Premium — KION light в онлайн-кинотеатре KION, сервис МТС Music, 30 дней бесплатного пользования подпиской OZON Premium; Скидки и предложения от партнеров на фитнес, занятия английским и прочее.   ","Docker;Grafana;Kubernetes;PowerShell;Python;Анализ бизнес-процессов;Андеррайтинг;Базовая работа с Linux;Виртуализация, облачная инфраструктура;Компьютерные сети, маршрутизация, протоколы;Разработка архитектурных решений;Сетевой мониторинг и логирование;Управление рисками;Управление рисками компаний;Урегулирование убытков",DevOps-инженер,0,3-6
116214191,Системный администратор Linux,"Sape — это сервисы для рекламы и продвижения в интернете. Мы лидеры рынка digital- рекламы и за 17 лет прошли путь от монопродукта (биржа ссылок) до экосистемы, в которую сегодня входят более 10 сервисов. Сейчас мы ищем системного администратора Linux, который вместе с командой будет:   Писать новые стейты для Saltstack и поддерживать существующие;   Разворачивать и внедрять новые сервисы, настраивать мониторинг;   Поддерживать работоспособность текущей инфраструктуры, обновлять ПО.   Немного технических деталей о нас:   Несколько сотен серверов (железных и виртуальных) на Linux Debian;   Придерживаемся подхода IaC;   Gitlab CI/CD;   Собираем метрики через Prometheus/Graphite, визуализируем в Grafana;   Используем БД: MySQL, PostgreSQL, ClickHouse;   Используем виртуализацию Proxmox, деплоим сервисы в Docker/Podman.   Что нужно делать:   Дорабатывать код стейтов Saltstack;   Внедрять новые сервисы, обеспечивать сбор метрик, выводить информацию на дашборды;   Вводить в строй новые инстансы БД. Настраивать репликации, собирать кластеры (в зависимости от типа БД). Без задач DBA;   Участвовать в расследовании сбоев и устранении причин;   Проводить плановое обновление версий ОС и используемого ПО.   Ты подойдёшь, если:   Есть опыт работы с Debian от 3-х лет, Saltstack/Ansible от 1 года;   Работаешь с контейнеризацией Docker/Podman;   Знаешь как работает Prometheus;   Есть опыт работы с nginx.   Что ждет тебя в Sape:   Официальное оформление и выплата зарплаты 2 раза в месяц;   Любой удобный формат работы: офис/гибрид/удаленка;   График 5 дней / 40 часов с гибким началом рабочего дня;   ДМС после испытательного срока;   Уютный офис в шаговой доступности от м. Водный стадион и станции МЦК Балтийская (10-15 минут);   Работа среди профессионалов;   Стабильность — группа компаний на рынке с 2007 года и занимает лидирующие позиции;   Профессиональный и карьерный рост. В компании широко используются технологии BigData, ML, высоконагруженные системы/сервисы (Hadoop, Kafka, Spark), большие высоконагруженные хранилища данных HDFS, ClickHouse. Мы готовы обучать администрированию данных систем;   Система наставничества, планы развития, обучение за счет компании;   Возможность самореализации — мы ценим проактивных и инициативных людей.  ",ClickHouse;DevOps;Docker;MySQL;PostgreSQL;Proxmox;Базовая работа с Linux;Информационная грамотность;Работоспособность;Сетевой мониторинг и логирование;Управление базами данных,DevOps-инженер,0,3-6
108320812,Product designer / Продуктовый дизайнер в команду Мобильного приложения,"НЕМНОГО О КОМАНДЕ И ПРОЕКТЕ:У нас есть профессионалы разных профилей, с которыми всегда можно обменяться опытом и обсудить самые последние новости индустрии. Как одни из лидеров рынка финансирования жилищного строительства, мы уделяем пристальное внимание развитию удобных цифровых продуктов для людей.Мы активно растем и расширяем свою команду. У вас есть возможность стать участником команды профессионалов, объединенных амбициозными целями, принести свой опыт, влиять на результат и делать уникальный продукт.Позиция открыта в подразделении дизайна и клиентского опыта в Банке ДОМ.РФ. Направление работает над продуктами всей группы компаний ДОМ.РФ. Вакансия - в команде Дистанционного банковского обслуживание для физических лиц.О ПРОЕКТЕ:Мы — команда Мобильного приложения Банк ДОМ.РФ с полным внутренним циклом экспертизы — от дизайна до разработки и тестирования. Разрабатываем и внедряем удобные и современные решения для наших клиентов, заботясь о том, чтобы их работа была легкой и эффективной. Сейчас над проектом работают три дизайнера.Присоединяйтесь к нам, чтобы выходить за рамки привычного и создавать современные интерфейсы, опережающие тренды.ЧЕМ ПРЕДСТОИТ ЗАНИМАТЬСЯ:Разрабатывать digital-продукт дистанционного банковского обслуживания для физических лиц. Стать активным членом команды, создавать продукт и его ценность для клиентов и банкаПроектировать новые и развивать имеющиеся сервисы банка, основываясь на статистике и метриках в тесном взаимодействии с командойПонимать весь клиентский путь, уметь отрисовывать его в СJM и User Flow, выявлять точки роста и внедрять улучшения по немуАнализировать текущие решения, инициировать исследования, строить гипотезы и проверять ихПрезентовывать разработанные макеты, аргументируя свои решенияГотовить макеты для передачи в разработку и контролировать качество реализации интерфейсовПоддерживать и улучшать дизайн систему в плотной связке с командойНАШИ ПОЖЕЛАНИЯ К СОИСКАТЕЛЮ:Коммерческий опыт работы в сложных продуктах от 3 лет (не фриланс)Опыт работы с высоконагруженными системами, CRM, табличными представлениямиНаличие качественного, актуального и структурированного портфолио (высоконагруженные интерфейсы и мобильные приложения)Готовность быстро погрузиться в специфику и цели продуктаПродвинутый опыт работы в Figma: работа с UI-библиотеками (компоненты, варианты, стили и пр), чтение документации, следование гайдамУмение самостоятельно внедрять новые компоненты в уже существующую дизайн систему при необходимостиЗабота о разработчиках и коллегах других направлений - соблюдение порядка в своих макетахУмение презентовать свою работу и обосновывать эффективность выбранных решенийИнициативность и умение брать на себя ответственность за выполнение поставленных задач. Самостоятельность, проактивность и умением перфомитьУмение слушать и договариваться с заказчиками, коллегами и экспертами БУДЕТ ПЛЮСОМ:Знание BPMN/UML нотацийРазработка CJM для продуктаОпыт в исследованиях по продуктуВАЖНАЯ ИНФОРМАЦИЯ:Для нас важно увидеть не концептуальные и учебные работы, а реальный опыт, который можно показать без нарушения NDA. Нам интересно узнать какие задачи проекта стояли перед вами, как вы справить с этим и почему выбрали именно эти решения",Figma;UI/UX Дизайн;Исследование клиентского опыта;Контроль качества;Поддержание чистоты и порядка;Работа в CRM-системах;Составление карты пути клиента (CJM);Статистическая обработка данных,DevOps-инженер,0,3-6
116216848,Middle devops build,"Datagile - продуктовая компания. Основное наше направление - это разработка продуктов в сфере информационной безопасности, автоматизации и баз данных. В команду разработки требуется Middle devops инженер на проект EDO. Efros Defence Operations - многофункциональный комплекс по защите ИТ-инфраструктуры (сетевых и оконечных устройств, компонентов сред виртуализации), а также прикладного ПО: SCADA, RPA, СУБД. Это полностью российская разработка, которая входит в Единый реестр российских программ для электронных вычислительных машин и баз данных. Обязанности:   настройка и улучшение CI/CD для сервисов; сборка docker образов; подготовка и поддержка тестовой инфраструктуры; работать с svacer статическим анализатором кода.   Требования:  практические навыки docker; linux; ansible; git.  Будет преимуществом, если у вас есть навыки работы с:  azure DevOps; argo CD; proxmox; helm-chart; kubernetes.  Условия: ​​​​​​​Развитие: Наставничество, работа в команде экспертов, внешнее обучение и профессиональные конференции за счет компании, компенсация занятий иностранным языком;Работа с комфортом: формат на выбор - удаленно из любой точки, офис, гибрид. Гибкое начало рабочего дня (обязательные часы присутствия с 11-16 по МСК), техника для работы;Забота о здоровье: ДМС с психологом, офисный врач, компенсация занятий спортом, хобби или любых других увлечений, зона отдыха в офисе (чай/кофе/печеньки);Забота о близких: Подарки детям на праздники, дотации на приобретение детских путевок в лагерь, материальная поддержка в важные периоды жизни;Для общения: Корпоративные мероприятия, сквош, футбол, настольные игры в офисе;Стабильность: Аккредитованная ИТ компания, официальное трудоустройство по ТК РФ, ежеквартальные премии, работа над масштабными проектами.",CI/CD;Docker;Gitlab;Python;Базовая работа с Linux;Работа в команде;Системы управления конфигурацией;Управление персоналом,DevOps-инженер,0,1-3
107374153,Инженер Linux / Middle Devops,"Мы, Southbridge, работаем с 2007 года. Строим и поддерживаем ИТ-инфраструктуру средне и высоконагруженных проектов, более 1000 серверов на поддержке. Инженеры в Southbridge работают в командах по три человека. У нас нет проектных менеджеров, команды общаются с клиентами напрямую и сами организуют свой процесс, договариваясь внутри – для нас как компании в первую очередь важна стабильная работа проектов наших клиентов. Мы в поиске талантливых инженеров, которые хотят расти и развиваться вместе нами. Главное для нас - это строить и поддерживать различные решения для наших клиентов и обеспечивать высокий уровень обслуживания. Мы предоставляем возможность выбрать направление/технический стек или проекты. Мы за то, чтобы заниматься тем, что действительно нравится, и самостоятельно корректировать направление своего развития. Мы обычно работаем со следующим стеком:— Linux;— СУБД (SQL, NoSQL);— Cкриптовые языки (Bash, Python);— Cтек веб-технологий (Nginx, Apache, php-fpm);— Cредства виртуализации (Systemd-nspawn, OpenVZ, KVM);— Мониторинг, опыт работы с Zabbix или Prometheus;— Infrastructure as Code (Ansible, Terraform);— Gitlab.Вместе с командой вам предстоит:— Поддерживать и мониторить клиентские сервера;— Устранять узкие места в архитектуре проектов, участвовать в выработке решений;— Общаться и взаимодействовать с клиентами;— Строить и автоматизировать процессы, взаимодействовать с разработчиками;— Повышать отказоустойчивость систем и масштабировать проекты;— Изучать и внедрять новые технологии, сервисы и инструменты. Требования:  Опыт работы в технической поддержке (будет плюсом); Опыт работы с несколькими проектами; Опыт работы с аппаратным и софтовым RAID; Опыт траблшутинга Linux серверов; Опыт работы с веб-стеком LAMP/LEMP; Опыт работы с Nginx; Опыт работы с Ansible (будет плюсом); Грамотная письменная и устная речь; Желание расти и развиваться с командой.  Работать у нас хорошо, потому что:  Интересно: работаете с разными проектами и прокачиваете хард-скилы; Уровень дохода напрямую зависит от количества клиентов и навыков; Мы являемся аккредитованной IT компанией, есть возможность получения льготной ипотеки; У нас минимум бюрократии - мы работаем в первую очередь на результат; Можно проходить любые обучающие курсы нашего партнера «Слёрм» бесплатно; Мы работаем полностью удаленно, готовы предложить официальное трудоустройство в штат с первого дня.  При отборе кандидатов у нас предусмотрено тестовое задание, оно даст возможность оценить, насколько рабочие задачи вам будут интересны. Также выполненное задание позволит наглядно продемонстрировать ваши навыки и умения в работе. Это поможет сэкономить ваше и наше время и понять, подходим ли мы друг другу.    ","Apache;Gitlab;Nginx;NoSQL;PHP;Python;Terraform;Администрирование серверов и рабочих станций;Базовая работа с Linux;Взаимодействие с клиентами и заказчиками;Виртуализация, облачная инфраструктура;Желание развиваться;Коммуникативная грамотность;Обучаемость и адаптивность;Сетевой мониторинг и логирование;Системы управления конфигурацией;Техническая поддержка пользователей",DevOps-инженер,200000,1-3
107217811,Build Engineer в сервис Навигации,"Привет! Наша команда занимается разработкой и поддержкой внутренней CI/CD платформы для других команд, которые делают приложение 2ГИС для смартфонов, бэкенды для него, 3D движок и SDK для сторонних потребителей. Платформа состоит из множества элементов, связывающих воедино внутренние процессы разных команд по разработке и тестированию. Мы ищем Build-инженера, который вместе с нами будет развивать, поддерживать платформу и улучшать опыт наших пользователей с помощью непрерывной доработки инструментов, используемых Dev и QA(A) в повседневной работе. Наш основной стек: Jenkins (scripted pipeline + library), Groovy, Git (в т.ч. LFS и submodules), Ansible (подконтрольные хосты на Ubuntu, Windows и macOS), Docker и docker-compose. Какие задачи предстоит решать   Разрабатывать новые и поддерживать существующие пайплайны для сборок/тестов/доставки.   Разрабатывать и внедрять удобные инструменты для разработчиков и QA.   Вникать в процессы команд, разрабатывать Git Flow под них, реализовывать автоматизацию на Groovy в виде пайплайнов под Jenkins.   Развивать автоматику, которая одновременно манипулирует более 50-ю репозиториями.   Администрировать парк сборочных нод и виртуалок для внутренних нужд.   Мы ожидаем  Коммерческий опыт работы с Jenkins от 2,5 лет. Коммерческий опыт работы с Java/Groovy/Kotlin от 2,5 лет. Опыт работы со скриптами под Linux или Windows. Опыт работы с Ansible и Docker. Владение git на уровне не ниже «могу откатить кривой локальный rebase», «знаю как взаимодействовать с submodules». Черный пояс по trouble shooting.  Будет плюсом  Опыт работы с не унифицированной инфраструктурой. Понимание принципов работы систем сборки проектов (cmake/gradle). Понимание принципов работы сети и операционных систем. Опыт автоматизации тестирования.  Мы предлагаем  2ГИС — аккредитованная IT-компания. Для нас важен специалист, а не его локация. Можно работать удалённо. Если хочешь работать в гибридном формате, у нас есть офисы в Москве, Санкт-Петербурге, два классных офиса в Новосибирске. А также коворкинги в Нижнем Новгороде, Томске, Астане, Алма-Ате и Дубае. Само собой, полностью белая зарплата. Дополнительные дни отпуска за стаж работы в компании. Заботимся о здоровье: ДМС и возможность получать онлайн-консультации терапевта, невролога, психолога и медицинского агента. Если хочешь делиться своим опытом, мы только за — поможем с выступлениями на конференциях и статьями для Хабра. Есть собственный учебный центр: курсы, тренинги и книги для прокачки скиллов. Руководствуемся здравым смыслом, используем современные технологии и любим о них говорить. ",CI/CD;CMake;Docker;Git;Java/Kotlin/Scala;Автоматическое тестирование;Базовая работа с Linux;Доставка товаров и заказов;Исследование клиентского опыта;Работа с автоматизированными системами управления;Системы управления конфигурацией;Тестирование программного обеспечения,DevOps-инженер,0,3-6
107217810,Build Engineer в сервис Навигации,"Привет! Наша команда занимается разработкой и поддержкой внутренней CI/CD платформы для других команд, которые делают приложение 2ГИС для смартфонов, бэкенды для него, 3D движок и SDK для сторонних потребителей. Платформа состоит из множества элементов, связывающих воедино внутренние процессы разных команд по разработке и тестированию. Мы ищем Build-инженера, который вместе с нами будет развивать, поддерживать платформу и улучшать опыт наших пользователей с помощью непрерывной доработки инструментов, используемых Dev и QA(A) в повседневной работе. Наш основной стек: Jenkins (scripted pipeline + library), Groovy, Git (в т.ч. LFS и submodules), Ansible (подконтрольные хосты на Ubuntu, Windows и macOS), Docker и docker-compose. Какие задачи предстоит решать   Разрабатывать новые и поддерживать существующие пайплайны для сборок/тестов/доставки.   Разрабатывать и внедрять удобные инструменты для разработчиков и QA.   Вникать в процессы команд, разрабатывать Git Flow под них, реализовывать автоматизацию на Groovy в виде пайплайнов под Jenkins.   Развивать автоматику, которая одновременно манипулирует более 50-ю репозиториями.   Администрировать парк сборочных нод и виртуалок для внутренних нужд.   Мы ожидаем  Коммерческий опыт работы с Jenkins от 2,5 лет. Коммерческий опыт работы с Java/Groovy/Kotlin от 2,5 лет. Опыт работы со скриптами под Linux или Windows. Опыт работы с Ansible и Docker. Владение git на уровне не ниже «могу откатить кривой локальный rebase», «знаю как взаимодействовать с submodules». Черный пояс по trouble shooting.  Будет плюсом  Опыт работы с не унифицированной инфраструктурой. Понимание принципов работы систем сборки проектов (cmake/gradle). Понимание принципов работы сети и операционных систем. Опыт автоматизации тестирования.  Мы предлагаем  2ГИС — аккредитованная IT-компания. Для нас важен специалист, а не его локация. Можно работать удалённо. Если хочешь работать в гибридном формате, у нас есть офисы в Москве, Санкт-Петербурге, два классных офиса в Новосибирске. А также коворкинги в Нижнем Новгороде, Томске, Астане, Алма-Ате и Дубае. Само собой, полностью белая зарплата. Дополнительные дни отпуска за стаж работы в компании. Заботимся о здоровье: ДМС и возможность получать онлайн-консультации терапевта, невролога, психолога и медицинского агента. Если хочешь делиться своим опытом, мы только за — поможем с выступлениями на конференциях и статьями для Хабра. Есть собственный учебный центр: курсы, тренинги и книги для прокачки скиллов. Руководствуемся здравым смыслом, используем современные технологии и любим о них говорить. ",CI/CD;CMake;Docker;Git;Java/Kotlin/Scala;Автоматическое тестирование;Базовая работа с Linux;Доставка товаров и заказов;Исследование клиентского опыта;Работа с автоматизированными системами управления;Системы управления конфигурацией;Тестирование программного обеспечения,DevOps-инженер,0,3-6
107047968,Build-инженер/программист,"Тензор – крупная российская аккредитованная IT-компания. Наш основной продукт – СБИС – сеть деловых коммуникаций. Систему СБИС придумали, создали и постоянно совершенствуют более 1500 разработчиков в 11 филиалах по стране. У нас есть фанаты дата-майнинга, эксперты в разработке кроссплатформенных приложений и высоконагруженных систем, разработчики мобильных, настольных и веб-приложений, специалисты по обработке, анализу и хранению больших массивов данных. Мы ищем Build-инженера/программиста в проект в отдел сервисный фреймворк платформы СБИС для развития и поддержки сборочной инфраструктуры собственной платформы компании для разработки серверных, десктопных и мобильных приложений. Ждем от вас:  глубокое понимание принципов работы систем сборки и пакетных менеджеров; опыт процесса сборки и пакетирования приложений на ЯП C++ под различные платформы (Windows, Linux, Mac); опыт работы с CMake, autotools и другими системами сборки; знание python и bash на уровне написания скриптов.  Желательно Опыт работы с пакетным менеджером Conan, базовое знание С++.   Мы предлагаем:  интересную работу в крупной и стабильной IT-компании; заработную плату в зависимости от квалификации и уровня ответственности; оформление по ТК РФ; премии от 5 до 20% по итогам работы за месяц; социальные гарантии, ДМС; возможности профессионального и карьерного роста, курсы иностранных языков; корпоративные праздники и различные совместные мероприятия.   ",C / C++;CMake;Python;Базовая работа с Linux,DevOps-инженер,167500,1-3
